relative_path,source_repository,source_url,size_bytes,sha256,artifact_type,checkpoint_label,used_primary
data/state_official_predictions/ST_HVG/MODEL_ACCEPTABLE_USE_POLICY.md,ST_HVG,https://huggingface.co/arcinstitute/ST-HVG-Parse,5130,6eb675a79981d59923be82e3931ef45187b373d7dff04ec7497c897d17d35c51,license_or_policy,not_applicable,False
data/state_official_predictions/ST_HVG/MODEL_LICENSE.md,ST_HVG,https://huggingface.co/arcinstitute/ST-HVG-Parse,9864,dc8c48e55fc4e4ecfb02cb2a1c592067d460466ac57679569501f50f112d8947,license_or_policy,not_applicable,False
data/state_official_predictions/ST_HVG/README.md,ST_HVG,https://huggingface.co/arcinstitute/ST-HVG-Parse,98,0ee31aeac4d857deb4324e7158b7d4a68e0b6cf0ddf904b57b726d145bf1c5f5,repository_metadata,not_applicable,False
data/state_official_predictions/ST_HVG/split_0/B_Intermediate_Memory_agg_results.csv,ST_HVG,https://huggingface.co/arcinstitute/ST-HVG-Parse,3568,8b9b0936f166a51d388636a6b5b44dd5714813a8cd106cffc2734c5d8c717a1d,official_metrics,eval_best,True
data/state_official_predictions/ST_HVG/split_0/B_Intermediate_Memory_pred_de.csv,ST_HVG,https://huggingface.co/arcinstitute/ST-HVG-Parse,23149835,e308310968c1d5711ff4758770762196dea51e8e16bf75abd4e8f9956579fd8d,official_pred_de,eval_best,True
data/state_official_predictions/ST_HVG/split_0/B_Intermediate_Memory_real_de.csv,ST_HVG,https://huggingface.co/arcinstitute/ST-HVG-Parse,22589567,6c6733a94aef0007e48991362bdd0c74f083b77b4627b7d8246bbb2a7c3f7432,official_real_de,eval_best,True
data/state_official_predictions/ST_HVG/split_0/B_Intermediate_Memory_results.csv,ST_HVG,https://huggingface.co/arcinstitute/ST-HVG-Parse,33745,f6a553831669d4f5fb0a6957d7f32e815a4fa5be89a0cf13677396b6039aa157,official_metrics,eval_best,True
data/state_official_predictions/ST_HVG/split_0/split_0.toml,ST_HVG,https://huggingface.co/arcinstitute/ST-HVG-Parse,440,08686e34b9709827623f72b55a4b48f4a9894fad218b6e4580d0e6298d3d192c,split_toml,not_applicable,True
data/state_official_predictions/ST_HVG/split_1/B_Naive_agg_results.csv,ST_HVG,https://huggingface.co/arcinstitute/ST-HVG-Parse,3527,485251f701c455126360bee18087c8cc8d8012c158e350dbbe8167cb337612c3,official_metrics,eval_best,True
data/state_official_predictions/ST_HVG/split_1/B_Naive_pred_de.csv,ST_HVG,https://huggingface.co/arcinstitute/ST-HVG-Parse,23429446,05b35c9de64709ec000c8c4c13b8ad4bc02c87b8304fdfb09b355ad249eaf6f2,official_pred_de,eval_best,True
data/state_official_predictions/ST_HVG/split_1/B_Naive_real_de.csv,ST_HVG,https://huggingface.co/arcinstitute/ST-HVG-Parse,22894084,e0629803380434d7b083684fa26f321bc45e6b3abae5ed8942e067aad558f95c,official_real_de,eval_best,True
data/state_official_predictions/ST_HVG/split_1/B_Naive_results.csv,ST_HVG,https://huggingface.co/arcinstitute/ST-HVG-Parse,32762,9a7f4a4c564d25dc2cfe06e25367ae936dc50873aa5711ad26e5d1e3f46d0916,official_metrics,eval_best,True
data/state_official_predictions/ST_HVG/split_1/split_1.toml,ST_HVG,https://huggingface.co/arcinstitute/ST-HVG-Parse,426,0bfe1575946130b59b202ed7ad9f37d783e59dfe8cc0d3b7285f949c26fb7b9e,split_toml,not_applicable,True
data/state_official_predictions/ST_HVG/split_2/Plasmablast_agg_results.csv,ST_HVG,https://huggingface.co/arcinstitute/ST-HVG-Parse,3056,8d5b3e0e6b132f813320eff8b65966a251c3f1f3b27e6d881707fe69ae5169f1,official_metrics,eval_best,True
data/state_official_predictions/ST_HVG/split_2/Plasmablast_pred_de.csv,ST_HVG,https://huggingface.co/arcinstitute/ST-HVG-Parse,16541785,4eaf6e4173d0cf9ca2b8edff976ac0ba224e81d4f2792bb3ff496dd6650ee1e6,official_pred_de,eval_best,True
data/state_official_predictions/ST_HVG/split_2/Plasmablast_real_de.csv,ST_HVG,https://huggingface.co/arcinstitute/ST-HVG-Parse,16466515,1d9cadbc7c25e10b35597f442857f36d0fd100c1a06eb9f569db5f8e78367de0,official_real_de,eval_best,True
data/state_official_predictions/ST_HVG/split_2/Plasmablast_results.csv,ST_HVG,https://huggingface.co/arcinstitute/ST-HVG-Parse,27434,50b1d9d6f15cbd9d27ccb17e07605f21b94a0e461d346555d81b7d911694d5ec,official_metrics,eval_best,True
data/state_official_predictions/ST_HVG/split_2/split_2.toml,ST_HVG,https://huggingface.co/arcinstitute/ST-HVG-Parse,430,3decb4107ac1405a43f1aa4911b643fc9f05472091699ef3d20be6e8f3c5257f,split_toml,not_applicable,True
data/state_official_predictions/ST_HVG/split_3/CD4_Memory_agg_results.csv,ST_HVG,https://huggingface.co/arcinstitute/ST-HVG-Parse,3428,604dc5c791a636a0d6a54b315d9ec62b4051d9a38740fe84edf3f551cd4c323d,official_metrics,eval_best,True
data/state_official_predictions/ST_HVG/split_3/CD4_Memory_pred_de.csv,ST_HVG,https://huggingface.co/arcinstitute/ST-HVG-Parse,24111071,509d58c9dfe376a86a9d2e2af81bf1e074ecb5f0921ad969af4c2619b9cce814,official_pred_de,eval_best,True
data/state_official_predictions/ST_HVG/split_3/CD4_Memory_real_de.csv,ST_HVG,https://huggingface.co/arcinstitute/ST-HVG-Parse,23149503,8f8d4d4484b96598f15c87daac3a24bf0857f075c3376f3763356901cbbd1547,official_real_de,eval_best,True
data/state_official_predictions/ST_HVG/split_3/CD4_Memory_results.csv,ST_HVG,https://huggingface.co/arcinstitute/ST-HVG-Parse,31420,84f0f00cd17c871b879ee38d92ce5183241c38e1afb20405f3b00e361c98eaa1,official_metrics,eval_best,True
data/state_official_predictions/ST_HVG/split_3/split_3.toml,ST_HVG,https://huggingface.co/arcinstitute/ST-HVG-Parse,429,8d8228fe17b675d3d81480d4f1bbb44dc89fd78f761ab95a562b14cd17807705,split_toml,not_applicable,True
data/state_official_predictions/ST_HVG/split_4/CD14_Mono_agg_results.csv,ST_HVG,https://huggingface.co/arcinstitute/ST-HVG-Parse,3387,4e3879142e736cdbeca135292670548ee6daaefef9f1f2593c5b4f478677b92e,official_metrics,eval_best,True
data/state_official_predictions/ST_HVG/split_4/CD14_Mono_pred_de.csv,ST_HVG,https://huggingface.co/arcinstitute/ST-HVG-Parse,23570296,a3e8a2b681ec99c7ca876ed39ba4ec276ddbb0a513a06e5aa064953861ca3a8e,official_pred_de,eval_best,True
data/state_official_predictions/ST_HVG/split_4/CD14_Mono_real_de.csv,ST_HVG,https://huggingface.co/arcinstitute/ST-HVG-Parse,22958298,e6d2d1424da8d33d2250364ca2475ed09231592947b191a1d928f27e4d8d5c80,official_real_de,eval_best,True
data/state_official_predictions/ST_HVG/split_4/CD14_Mono_results.csv,ST_HVG,https://huggingface.co/arcinstitute/ST-HVG-Parse,31512,df68464d3caf07c7c5129a0d911d10ba17c75020e7ac866e4afde28155ac4786,official_metrics,eval_best,True
data/state_official_predictions/ST_HVG/split_4/split_4.toml,ST_HVG,https://huggingface.co/arcinstitute/ST-HVG-Parse,428,aa08ce4c67ebd9112ae5ea3e0c310b69ca615816a9b687ef26b7d05ea9357f6d,split_toml,not_applicable,True
data/state_official_predictions/ST_SE/MODEL_ACCEPTABLE_USE_POLICY.md,ST_SE,https://huggingface.co/arcinstitute/ST-SE-Parse,5130,6eb675a79981d59923be82e3931ef45187b373d7dff04ec7497c897d17d35c51,license_or_policy,not_applicable,False
data/state_official_predictions/ST_SE/MODEL_LICENSE.md,ST_SE,https://huggingface.co/arcinstitute/ST-SE-Parse,9864,dc8c48e55fc4e4ecfb02cb2a1c592067d460466ac57679569501f50f112d8947,license_or_policy,not_applicable,False
data/state_official_predictions/ST_SE/README.md,ST_SE,https://huggingface.co/arcinstitute/ST-SE-Parse,98,0ee31aeac4d857deb4324e7158b7d4a68e0b6cf0ddf904b57b726d145bf1c5f5,repository_metadata,not_applicable,False
data/state_official_predictions/ST_SE/split_0/B_Intermediate_Memory_agg_results.csv,ST_SE,https://huggingface.co/arcinstitute/ST-SE-Parse,3546,bf13c15df35dfcabd83833a99c8a8cd663a1d88dcf3ebe012f793dbea0159d42,official_metrics,eval_best,True
data/state_official_predictions/ST_SE/split_0/B_Intermediate_Memory_pred_de.csv,ST_SE,https://huggingface.co/arcinstitute/ST-SE-Parse,22078679,9829888482334096a9c8542d6a1265f269f942f32b9113ebe975640c945a4315,official_pred_de,eval_best,True
data/state_official_predictions/ST_SE/split_0/B_Intermediate_Memory_real_de.csv,ST_SE,https://huggingface.co/arcinstitute/ST-SE-Parse,22589567,6c6733a94aef0007e48991362bdd0c74f083b77b4627b7d8246bbb2a7c3f7432,official_real_de,eval_best,True
data/state_official_predictions/ST_SE/split_0/B_Intermediate_Memory_results.csv,ST_SE,https://huggingface.co/arcinstitute/ST-SE-Parse,33911,41377aad49e688a710264d343378e5bc6ce1a698880b8bb1c4f0be9ad025c48f,official_metrics,eval_best,True
data/state_official_predictions/ST_SE/split_0/split_0.toml,ST_SE,https://huggingface.co/arcinstitute/ST-SE-Parse,440,08686e34b9709827623f72b55a4b48f4a9894fad218b6e4580d0e6298d3d192c,split_toml,not_applicable,True
data/state_official_predictions/ST_SE/split_1/B_Naive_agg_results.csv,ST_SE,https://huggingface.co/arcinstitute/ST-SE-Parse,3608,7a667fb594eeb4ce75bfa69bb5e180fcedfc25c229ee90dd7c3aefdaf088e10a,official_metrics,eval_best,True
data/state_official_predictions/ST_SE/split_1/B_Naive_pred_de.csv,ST_SE,https://huggingface.co/arcinstitute/ST-SE-Parse,22637419,276226a7993852291f44449e134f987357781d80d9d5edff9e38712e38fb1a6e,official_pred_de,eval_best,True
data/state_official_predictions/ST_SE/split_1/B_Naive_real_de.csv,ST_SE,https://huggingface.co/arcinstitute/ST-SE-Parse,22894084,e0629803380434d7b083684fa26f321bc45e6b3abae5ed8942e067aad558f95c,official_real_de,eval_best,True
data/state_official_predictions/ST_SE/split_1/B_Naive_results.csv,ST_SE,https://huggingface.co/arcinstitute/ST-SE-Parse,33789,bb35f1b85f8d9603b10fcf8706602b122bdc520548c9c53f891386dcd40026a1,official_metrics,eval_best,True
data/state_official_predictions/ST_SE/split_1/split_1.toml,ST_SE,https://huggingface.co/arcinstitute/ST-SE-Parse,426,0bfe1575946130b59b202ed7ad9f37d783e59dfe8cc0d3b7285f949c26fb7b9e,split_toml,not_applicable,True
data/state_official_predictions/ST_SE/split_2/Plasmablast_agg_results.csv,ST_SE,https://huggingface.co/arcinstitute/ST-SE-Parse,3165,c9daa61150b3312826b0161c727cb77ae37da554316034d240e7de32f8dba4c7,official_metrics,eval_best,True
data/state_official_predictions/ST_SE/split_2/Plasmablast_pred_de.csv,ST_SE,https://huggingface.co/arcinstitute/ST-SE-Parse,16248932,06cf520ec4241359d243f2ebb55d253b87824cc921f1222e3bbaeb8fb2067159,official_pred_de,eval_best,True
data/state_official_predictions/ST_SE/split_2/Plasmablast_real_de.csv,ST_SE,https://huggingface.co/arcinstitute/ST-SE-Parse,16466515,1d9cadbc7c25e10b35597f442857f36d0fd100c1a06eb9f569db5f8e78367de0,official_real_de,eval_best,True
data/state_official_predictions/ST_SE/split_2/Plasmablast_results.csv,ST_SE,https://huggingface.co/arcinstitute/ST-SE-Parse,28814,73b37fc58ca8a8734dc5cc34c6b44ec94cdbb6ccb47dadfb3c5bccedf8c99655,official_metrics,eval_best,True
data/state_official_predictions/ST_SE/split_2/split_2.toml,ST_SE,https://huggingface.co/arcinstitute/ST-SE-Parse,430,3decb4107ac1405a43f1aa4911b643fc9f05472091699ef3d20be6e8f3c5257f,split_toml,not_applicable,True
data/state_official_predictions/ST_SE/split_3/CD4_Memory_agg_results.csv,ST_SE,https://huggingface.co/arcinstitute/ST-SE-Parse,3448,5b121c458d1c00769127f51554744488acfe1fff38de5f0f4373e662cb7962c8,official_metrics,eval_best,True
data/state_official_predictions/ST_SE/split_3/CD4_Memory_pred_de.csv,ST_SE,https://huggingface.co/arcinstitute/ST-SE-Parse,23218049,efe37e274266eefd1b18fbb71ff2485972d9dbe3d081aa72a3293d49385b8f4f,official_pred_de,eval_best,True
data/state_official_predictions/ST_SE/split_3/CD4_Memory_real_de.csv,ST_SE,https://huggingface.co/arcinstitute/ST-SE-Parse,23149503,8f8d4d4484b96598f15c87daac3a24bf0857f075c3376f3763356901cbbd1547,official_real_de,eval_best,True
data/state_official_predictions/ST_SE/split_3/CD4_Memory_results.csv,ST_SE,https://huggingface.co/arcinstitute/ST-SE-Parse,31883,2cbac97ecdeee9ae7333245fc4d06860969d17d38f2fc4ebea8f99e8af5657fa,official_metrics,eval_best,True
data/state_official_predictions/ST_SE/split_3/split_3.toml,ST_SE,https://huggingface.co/arcinstitute/ST-SE-Parse,429,8d8228fe17b675d3d81480d4f1bbb44dc89fd78f761ab95a562b14cd17807705,split_toml,not_applicable,True
data/state_official_predictions/ST_SE/split_4/CD14_Mono_agg_results.csv,ST_SE,https://huggingface.co/arcinstitute/ST-SE-Parse,3404,4bf4134fffcbe2c7a5f773cd1469bfba538f6d6cfe1c403615f2519b302b5cdb,official_metrics,eval_best,True
data/state_official_predictions/ST_SE/split_4/CD14_Mono_pred_de.csv,ST_SE,https://huggingface.co/arcinstitute/ST-SE-Parse,22651056,86eb55e800b1f0c53d350fb332cc1934c08377015ccb42456013423fb9935ea7,official_pred_de,eval_best,True
data/state_official_predictions/ST_SE/split_4/CD14_Mono_real_de.csv,ST_SE,https://huggingface.co/arcinstitute/ST-SE-Parse,22958298,e6d2d1424da8d33d2250364ca2475ed09231592947b191a1d928f27e4d8d5c80,official_real_de,eval_best,True
data/state_official_predictions/ST_SE/split_4/CD14_Mono_results.csv,ST_SE,https://huggingface.co/arcinstitute/ST-SE-Parse,30873,579286dcc83ffaead762b234891442b560b6213d847956d87147389323c7df5b,official_metrics,eval_best,True
data/state_official_predictions/ST_SE/split_4/split_4.toml,ST_SE,https://huggingface.co/arcinstitute/ST-SE-Parse,428,aa08ce4c67ebd9112ae5ea3e0c310b69ca615816a9b687ef26b7d05ea9357f6d,split_toml,not_applicable,True
data/state_official_predictions/state_github/LICENSE,state_github,https://github.com/ArcInstitute/state,20850,e66c269d4819aaab34b49ef5220c4ddab6756f21bb5180761a4eb8561f2b7bbd,license_or_policy,not_applicable,False
data/state_official_predictions/state_github/pyproject.toml,state_github,https://github.com/ArcInstitute/state,1397,cc295230d32c167d1da4de99d42ad707e5def90b9a29a58e27237d607293b585,repository_metadata,not_applicable,True
data/state_official_predictions/state_github/README.md,state_github,https://github.com/ArcInstitute/state,9208,568c0b4f9d93374f7ebc7467c226fdde0050abfd60147bce0b316163bf4199d6,repository_metadata,not_applicable,False
