variant,split,heldout_context,zero_shot,few_shot,checkpoint,n_interventions,n_features,reference_labels,pred_real_axes_equal,donor_metadata_available,cell_counts_available,target_context_labels_in_training,toml_sha256,pred_sha256,real_sha256
ST_SE,0,B_Intermediate_Memory,True,False,eval_best,90,2000,PBS,True,False,False,False,08686e34b9709827623f72b55a4b48f4a9894fad218b6e4580d0e6298d3d192c,9829888482334096a9c8542d6a1265f269f942f32b9113ebe975640c945a4315,6c6733a94aef0007e48991362bdd0c74f083b77b4627b7d8246bbb2a7c3f7432
ST_SE,1,B_Naive,True,False,eval_best,90,2000,PBS,True,False,False,False,0bfe1575946130b59b202ed7ad9f37d783e59dfe8cc0d3b7285f949c26fb7b9e,276226a7993852291f44449e134f987357781d80d9d5edff9e38712e38fb1a6e,e0629803380434d7b083684fa26f321bc45e6b3abae5ed8942e067aad558f95c
ST_SE,2,Plasmablast,True,False,eval_best,90,2000,PBS,True,False,False,False,3decb4107ac1405a43f1aa4911b643fc9f05472091699ef3d20be6e8f3c5257f,06cf520ec4241359d243f2ebb55d253b87824cc921f1222e3bbaeb8fb2067159,1d9cadbc7c25e10b35597f442857f36d0fd100c1a06eb9f569db5f8e78367de0
ST_SE,3,CD4_Memory,True,False,eval_best,90,2000,PBS,True,False,False,False,8d8228fe17b675d3d81480d4f1bbb44dc89fd78f761ab95a562b14cd17807705,efe37e274266eefd1b18fbb71ff2485972d9dbe3d081aa72a3293d49385b8f4f,8f8d4d4484b96598f15c87daac3a24bf0857f075c3376f3763356901cbbd1547
ST_SE,4,CD14_Mono,True,False,eval_best,90,2000,PBS,True,False,False,False,aa08ce4c67ebd9112ae5ea3e0c310b69ca615816a9b687ef26b7d05ea9357f6d,86eb55e800b1f0c53d350fb332cc1934c08377015ccb42456013423fb9935ea7,e6d2d1424da8d33d2250364ca2475ed09231592947b191a1d928f27e4d8d5c80
ST_HVG,0,B_Intermediate_Memory,True,False,eval_best,90,2000,PBS,True,False,False,False,08686e34b9709827623f72b55a4b48f4a9894fad218b6e4580d0e6298d3d192c,e308310968c1d5711ff4758770762196dea51e8e16bf75abd4e8f9956579fd8d,6c6733a94aef0007e48991362bdd0c74f083b77b4627b7d8246bbb2a7c3f7432
ST_HVG,1,B_Naive,True,False,eval_best,90,2000,PBS,True,False,False,False,0bfe1575946130b59b202ed7ad9f37d783e59dfe8cc0d3b7285f949c26fb7b9e,05b35c9de64709ec000c8c4c13b8ad4bc02c87b8304fdfb09b355ad249eaf6f2,e0629803380434d7b083684fa26f321bc45e6b3abae5ed8942e067aad558f95c
ST_HVG,2,Plasmablast,True,False,eval_best,90,2000,PBS,True,False,False,False,3decb4107ac1405a43f1aa4911b643fc9f05472091699ef3d20be6e8f3c5257f,4eaf6e4173d0cf9ca2b8edff976ac0ba224e81d4f2792bb3ff496dd6650ee1e6,1d9cadbc7c25e10b35597f442857f36d0fd100c1a06eb9f569db5f8e78367de0
ST_HVG,3,CD4_Memory,True,False,eval_best,90,2000,PBS,True,False,False,False,8d8228fe17b675d3d81480d4f1bbb44dc89fd78f761ab95a562b14cd17807705,509d58c9dfe376a86a9d2e2af81bf1e074ecb5f0921ad969af4c2619b9cce814,8f8d4d4484b96598f15c87daac3a24bf0857f075c3376f3763356901cbbd1547
ST_HVG,4,CD14_Mono,True,False,eval_best,90,2000,PBS,True,False,False,False,aa08ce4c67ebd9112ae5ea3e0c310b69ca615816a9b687ef26b7d05ea9357f6d,a3e8a2b681ec99c7ca876ed39ba4ec276ddbb0a513a06e5aa064953861ca3a8e,e6d2d1424da8d33d2250364ca2475ed09231592947b191a1d928f27e4d8d5c80
