resource_name,resource_type,source_publication,public_accession_or_identifier,public_repository,public_url_or_doi,representation_used,manuscript_usage,main_or_extended_figures,license_or_access_note,verification_status
"Primary human CD4+ T-cell Perturb-seq, processed release v1.0",Perturb-seq dataset,"Zhu et al., Genome-scale perturb-seq in primary human CD4+ T cells",GEO GSE314342; SRA SRP643211; BioProject PRJNA1359008,CZI Virtual Cells Platform; NCBI GEO/SRA,https://virtualcellmodels.cziscience.com/dataset/genome-scale-tcell-perturb-seq ; https://www.ncbi.nlm.nih.gov/geo/query/acc.cgi?acc=GSE314342 ; https://doi.org/10.64898/2025.12.23.696273,"GWCD4i pseudobulk H5AD; guide-level and donor-level differential-expression H5MU objects; public sample, QC and sgRNA metadata","Primary T-cell response reliability, leave-one-donor-out prediction and shared-rule analysis",Figure 1; Supplementary Figure 1,Upstream dataset and platform terms apply; linked input data are not relicensed under the MIT license for CGC-authored code.,VERIFIED_WITH_SCOPE_NOTE
Human Cytokine Dictionary / State-Parse-Filtered,Single-cell cytokine response dataset,"Oesinghaus et al., A single-cell cytokine dictionary of human peripheral blood",arcinstitute/State-Parse-Filtered@7e6acd905c412094330710a721a46280b7ef53de,Hugging Face Datasets; Parse Biosciences,https://huggingface.co/datasets/arcinstitute/State-Parse-Filtered ; https://www.parsebiosciences.com/datasets/10-million-human-pbmcs-in-a-single-experiment/ ; https://doi.org/10.64898/2025.12.12.693897,Underlying source for official State compact differential-expression truth and prediction artifacts; raw cell-level data were not used locally,State held-context cytokine analysis,Extended Data Figure 1,CC BY-NC 4.0; not relicensed by this release.,VERIFIED_WITH_SCOPE_NOTE
State ST-SE Parse prediction artifacts,Official model evaluation artifacts,"Adduri et al., Predicting cellular responses to perturbation across diverse contexts with State, Cell 2026",arcinstitute/ST-SE-Parse@fa458ffda8690c5c5bdff080dfdc46b46713043b,Hugging Face Models,https://huggingface.co/arcinstitute/ST-SE-Parse ; https://doi.org/10.1016/j.cell.2026.07.052,"Official eval_best prediction and truth differential-expression CSVs for five held contexts, 90 cytokines and 2,000 compact features",Primary State held-context analysis,Extended Data Figure 1,Arc Research Institute State Model Non-Commercial License and acceptable-use terms apply; link only.,VERIFIED_WITH_SCOPE_NOTE
State ST-HVG Parse prediction artifacts,Official model sensitivity artifacts,"Adduri et al., State",arcinstitute/ST-HVG-Parse@827df657cd87063026d2abefd73e99036755ac1b,Hugging Face Models,https://huggingface.co/arcinstitute/ST-HVG-Parse,Official eval_best compact differential-expression artifacts,State representation sensitivity,Extended Data Figure 1,Arc Research Institute State Model Non-Commercial License and acceptable-use terms apply; link only.,VERIFIED_WITH_SCOPE_NOTE
State ST-SE Tahoe prediction artifacts,Official model evaluation artifacts,"Adduri et al., State; Zhang et al., Tahoe-100M",arcinstitute/ST-SE-Tahoe@03b1971d7cc93a7535fd2e957c6948dba267378b,Hugging Face Models,https://huggingface.co/arcinstitute/ST-SE-Tahoe,"Official zero-shot eval_best compact differential-expression outputs for five held cell lines, 1,136 interventions and 2,000 features",Independent State held-context validation,Extended Data Figure 1,Arc Research Institute State Model Non-Commercial License and acceptable-use terms apply; link only.,VERIFIED_WITH_SCOPE_NOTE
State ST-HVG Tahoe prediction artifacts,Official model sensitivity artifacts,"Adduri et al., State; Zhang et al., Tahoe-100M",arcinstitute/ST-HVG-Tahoe@ca6b751972493f8448e3256d1340ae70ad43e1e7,Hugging Face Models,https://huggingface.co/arcinstitute/ST-HVG-Tahoe,Official zero-shot eval_best compact differential-expression outputs for the prespecified sensitivity representation,Independent State representation sensitivity,Extended Data Figure 1,Arc Research Institute State Model Non-Commercial License and acceptable-use terms apply; link only.,VERIFIED_WITH_SCOPE_NOTE
State-Tahoe-Filtered,Filtered Tahoe dataset used by official State artifacts,"Adduri et al., State; Zhang et al., Tahoe-100M",arcinstitute/State-Tahoe-Filtered@fdf87abece385feea6fa5e9944ab46e173b6af50,Hugging Face Datasets,https://huggingface.co/datasets/arcinstitute/State-Tahoe-Filtered,Underlying dataset for the official ST-SE Tahoe and ST-HVG Tahoe prediction artifacts; not redistributed,Independent State held-context validation,Extended Data Figure 1,Public identifier verified; the dataset card lacks a machine-readable redistribution license. Link only.,VERIFIED_WITH_SCOPE_NOTE
Tahoe-100M,Single-cell drug perturbation atlas,"Zhang et al., Tahoe-100M",tahoebio/Tahoe-100M@2dc57900b7981cfcf5e211527169a0b006546a95; Arc Virtual Cell Atlas Tahoe-100M/2025-02-25,Hugging Face Datasets; Arc Virtual Cell Atlas,https://huggingface.co/datasets/tahoebio/Tahoe-100M ; https://github.com/ArcInstitute/arc-virtual-cell-atlas ; https://doi.org/10.1101/2025.02.20.639398,"Plate-resolved pseudobulk differential-expression shards and filtered raw-count Plate 6/Plate 14 H5AD objects; 50 contexts by 93 drug-dose interventions, 25,695 genes","Experimental Compression, additive and low-rank completion, pathway recovery, held-context scaling and resolution analysis",Figures 2 and 3; Extended Data Figure 2; Supplementary Figure 2,Hugging Face dataset card: CC0-1.0. Arc data objects are linked; Arc repository code is not copied.,VERIFIED_WITH_SCOPE_NOTE
Lea paired lymphoblastoid cell-line expression study,Paired RNA-seq study,"Lea, Peng and Ayroles, Genome Research 2022",GEO GSE207049; SRA SRP383837; Zenodo 10.5281/zenodo.6595427,NCBI GEO/SRA; Zenodo,https://www.ncbi.nlm.nih.gov/geo/query/acc.cgi?acc=GSE207049 ; https://doi.org/10.5281/zenodo.6595427 ; https://doi.org/10.1101/gr.276430.121,"Author-processed post-SVA voom residual matrix and metadata; paired ETOH/DEX subset of 342 LCLs and 10,120 unique GeneIDs","RNA-only model battery, response-coordinate analysis, sensitivity control and span transfer",Figure 3; Supplementary Figure 3,Zenodo record: CC BY 4.0. Upstream scripts without an explicit license are not copied.,VERIFIED
ARCHS4 v2.5 human gene counts (Ensembl 107),Reprocessed public RNA-seq compendium,"Lachmann et al., Nature Communications 2018",ARCHS4 human_gene_v2.5.h5; release date 2024-08-24,ARCHS4 / Ma'ayan Lab,https://s3.dev.maayanlab.cloud/archs4/files/human_gene_v2.5.h5 ; https://maayanlab.cloud/archs4/download.html ; https://doi.org/10.1038/s41467-018-03751-6,"Range-extracted Kallisto-derived counts for 1,026 GEO samples, aggregated without outcome use to 340 paired LCLs and 10,110 matched GeneIDs, then log1p counts-per-million",Independent non-SVA robustness analysis,Figure 3; Supplementary Figure 3,Link only pending clarification of the file-specific v2.5 data license; see Data Resource Notes.,VERIFIED_WITH_SCOPE_NOTE
Kryeziu colorectal-cancer PDO RNA-seq cohort,Patient-derived organoid pharmacogenomic cohort,"Kryeziu et al., Cell Reports Medicine 2026",Mendeley Data v3 DOI 10.17632/hr94h42xdc.3 and associated article Data S1/S2/S5,Mendeley Data; Cell Reports Medicine supplementary data,https://doi.org/10.17632/hr94h42xdc.3 ; https://doi.org/10.1016/j.xcrm.2026.102840,"Data S2 raw RNA-seq gene counts (mmc3.xlsx), transformed as log2(count/library size x 1,000,000 + 1); Data S1 (mmc2.xlsx) supplied the explicit sample-to-patient mapping and Data S5 (mmc6.xlsx) supplied author-computed DSS; 92 source RNA-seq PDOs, of which 91 were jointly eligible and aggregated to 52 held-patient profiles across 24 drugs",Leave-one-patient-out ex vivo drug prediction and baseline representation analysis,Figure 4; Supplementary Figure 4,Mendeley Data and article-supplement access terms apply; linked files are not relicensed by this release.,VERIFIED_WITH_SCOPE_NOTE
Kryeziu colorectal-cancer PDO HTA2.0 cohort,Patient-derived organoid pharmacogenomic cohort,"Kryeziu et al., Cell Reports Medicine 2026",GEO GSE294511; Mendeley Data v3 DOI 10.17632/hr94h42xdc.3,NCBI GEO; Mendeley Data,https://www.ncbi.nlm.nih.gov/geo/query/acc.cgi?acc=GSE294511 ; https://doi.org/10.17632/hr94h42xdc.3,"GEO processed HTA2.0 series matrix; Data S1 (mmc2.xlsx) supplied the explicit sample-to-patient mapping and Data S5 (mmc6.xlsx) supplied author-computed DSS; fold-local filtering retained 70,523 probe-set features; 118 jointly eligible PDOs were aggregated to 50 held-patient profiles across the same 24 drugs",Secondary leave-one-patient-out platform validation,Supplementary Figure 4c,GEO and Mendeley Data access terms apply separately; linked files are not relicensed by this release.,VERIFIED_WITH_SCOPE_NOTE
PROGENy human full pathway model,Pathway gene-weight resource,"Schubert et al., Nature Communications 2018",saezlab/progeny v1.17.3; public revision cad6be0514c3248b9465e48f1cfd2f6a4c3dfb6f,GitHub,https://github.com/saezlab/progeny/tree/cad6be0514c3248b9465e48f1cfd2f6a4c3dfb6f ; https://doi.org/10.1038/s41467-017-02391-6,"Complete fixed 14-pathway human vocabulary intersected with the 25,695-gene primary axis and normalized to unit L2 norm within each pathway","Pathway-coordinate recovery, pathway-span fidelity, pathway-composition analysis and baseline representation",Figures 3 and 4; Extended Data Figure 2,Apache-2.0 applies to the redistributed pathway weights; attribution and license text are included.,VERIFIED_WITH_SCOPE_NOTE
LARRY lineage tracing,Lineage-linked single-cell measurements,,GSE140802,,https://kleintools.hms.harvard.edu/paper_websites/state_fate2020/,Clonal metadata and normalized RNA for split-culture branch profiles,Figure 5a-d; Extended Data Figure 3a,Figure 5a-d; Extended Data Figure 3a,Upstream resource terms apply; processed numerical measurements retain attribution.,LOCAL_SOURCE_MANIFEST_RETAINED
CellTag-multi,Lineage-linked single-cell measurements,,GSE216521; GSM6681127; Figshare 24119358,,https://doi.org/10.6084/m9.figshare.24119358.v1,Early RNA counts and matched early ATAC; six day-5 fates,Figure 5e-g; Extended Data Figure 3b-f,Figure 5e-g; Extended Data Figure 3b-f,Figshare deposit CC BY 4.0; GEO records retain upstream attribution.,LOCAL_SOURCE_MANIFEST_RETAINED
