analysis,input_resource,code_entrypoint,primary_output,manuscript_result,figure_or_table,availability_status
Primary T-cell held-donor prediction,Primary human CD4+ T-cell Perturb-seq,python code/tcell_cgc/run.py,reproduced/tcell_cgc_summary.json,State Pearson ≈0.989 with truth-aligned amplitude ≈0.007 and shared-rule dominance,Main Figure 1; Supplementary Figure 1,NON_REPRODUCTION_INTEGRITY_CHECK; released-table assertions only
State held-context cytokine prediction,State cytokine prediction artifacts,python code/state_held_context/run.py,reproduced/state_held_context_summary.json,Identity/geometry retained; pooled operator recovery not established,Main Figure 2,NON_REPRODUCTION_INTEGRITY_CHECK; released-table assertions only
Independent State Tahoe held-context validation,State Tahoe prediction artifacts,python code/state_tahoe_validation/run.py,reproduced/state_tahoe_validation_summary.json,Primary pooled recovery −0.4968; ST-HVG sensitivity interval includes zero,Extended Data Figure 1,NON_REPRODUCTION_INTEGRITY_CHECK; released-table assertions only
Tahoe replicate-core construction,Tahoe-100M,python code/tahoe_replicate_core/run.py,reproduced/tahoe_replicate_core_summary.json,50 contexts × 93 interventions with Plate 6/Plate 14 replicate-resolved responses,Methods; Supplementary Tables 1–3,NON_REPRODUCTION_INTEGRITY_CHECK; released-table assertions only
Strict Experimental Compression,Tahoe-100M,python code/experimental_compression/run.py,reproduced/experimental_compression_summary.json,First detection at 80.09% support; all-but-one context-specific recovery 0.1107,Main Figure 3; Extended Data Figure 2; Supplementary Table 5,NON_REPRODUCTION_INTEGRITY_CHECK; released-table assertions only
Generic context calibration,Tahoe-100M,python code/generic_context_calibration/run.py,reproduced/generic_context_calibration_summary.json,Descriptive peak recovery 0.3231; correspondence and directional-transfer boundaries retained,Supplementary Figure 2,NON_REPRODUCTION_INTEGRITY_CHECK; released-table assertions only
Low-rank context-by-intervention completion,Tahoe-100M,python code/low_rank_completion/run.py,reproduced/low_rank_completion_summary.json,Interaction increment −0.0051 with interval spanning zero; matched synthetic recovery 0.9998,Main Figure 3e; Extended Data Figure 3,NON_REPRODUCTION_INTEGRITY_CHECK; released-table assertions only
Same-context anchoring,Tahoe-100M,python code/context_anchoring/run.py,reproduced/context_anchoring_summary.json,Positive anchoring gains only after broad reference support,Extended Data Figure 4,NON_REPRODUCTION_INTEGRITY_CHECK; released-table assertions only
Lea RNA-only counterfactual prediction,Lea GSE207049,python code/lea_rna_only/run.py,reproduced/lea_rna_only_summary.json,Best full-gene out-of-fold R-squared 0.00354; coarse response coordinates higher,Main Figure 4,NON_REPRODUCTION_INTEGRITY_CHECK; released-table assertions only
Lea ARCHS4 robustness,ARCHS4 v2.5 and Lea GSE207049,python code/lea_archs4/run.py,reproduced/lea_archs4_summary.json,ARCHS4 matched-core full-gene 0.0108 and PC1–4 0.1475,Extended Data Figure 5,NON_REPRODUCTION_INTEGRITY_CHECK; released-table assertions only
Lea training-response span transfer,Lea GSE207049,python code/lea_span_transfer/run.py,reproduced/lea_span_transfer_summary.json,D=256 held-out fidelity 0.0549; complete training span 0.0578,Main Figure 4e; Extended Data Figure 5,NON_REPRODUCTION_INTEGRITY_CHECK; released-table assertions only
Tahoe operator anatomy,Tahoe-100M,python code/tahoe_operator_anatomy/run.py,reproduced/tahoe_operator_anatomy_summary.json,"q49=0.9195; rank 1,024 captures 36.04%",Main Figure 5,NON_REPRODUCTION_INTEGRITY_CHECK; released-table assertions only
Mechanistic attribution of the unresolved operator,Tahoe-100M; HGNC; PROGENy,python code/mechanistic_attribution/run.py,reproduced/mechanistic_attribution_summary.json,No tested hierarchy met the prespecified robust-support criterion,Supplementary Figure 3,NON_REPRODUCTION_INTEGRITY_CHECK; released-table assertions only
Mechanism-aligned multimodal prediction,Tahoe-100M; DepMap; MCLP RPPA500; Sanger proteomics; Reactome,python code/multimodal_prediction/run.py,reproduced/multimodal_prediction_summary.json,No aligned panel established a positive increment beyond matched RNA,Supplementary Figure 4; Supplementary Table 6,NON_REPRODUCTION_INTEGRITY_CHECK; released-table assertions only
Counterfactual Resolution analysis,Tahoe-100M; PROGENy,python code/counterfactual_resolution/run.py,reproduced/counterfactual_resolution_summary.json,Pathway recovery 0.2728 versus gene recovery 0.1107 on identical predictions,Main Figure 6; Extended Data Figure 6; Supplementary Table 4,NON_REPRODUCTION_INTEGRITY_CHECK; released-table assertions only
Figure source-data assembly,Released manuscript-facing source-data tables,python code/figure_generation/run.py,reproduced/figure_generation_summary.json,"Complete current package: Main 1-6, Extended Data 1-9 and Supplementary 1-5",Twenty current manuscript-facing source-data tables,NON_REPRODUCTION_INTEGRITY_CHECK; released-table assertions only
Supplementary Table assembly,Released supplementary-table source CSVs,python code/supplementary_tables/run.py,reproduced/supplementary_tables_summary.json,Six reader-facing tables with validated source row counts,Supplementary Tables 1–6,NON_REPRODUCTION_INTEGRITY_CHECK; released-table assertions only
Supplementary workbook generation,Six source CSVs,node --max-old-space-size=10240 code/supplementary_tables/build_workbooks.mjs,Six Supplementary_Table_*.xlsx workbooks,Metadata synchronized; frozen numeric tables preserved,Supplementary Tables1-6,TABLE_GENERATOR; regenerates workbooks from released CSVs; no scientific refit
Strict target-hidden entrywise Experimental Compression,Explicit frozen input contract: code/scientific/INPUT_CONTRACTS.json,python code/scientific/launch.py experimental_compression --execute,See exact source bundle README and frozen SOURCE_MANIFEST.json,No new result; immutable implementation for the recorded frozen analysis,Main3; ED2,FULL_ANALYSIS; PREPARED_INPUTS_REQUIRED; scientific run not performed
Additive versus CP low-rank interaction completion,Explicit frozen input contract: code/scientific/INPUT_CONTRACTS.json,python code/scientific/launch.py low_rank_completion --execute,See exact source bundle README and frozen SOURCE_MANIFEST.json,No new result; immutable implementation for the recorded frozen analysis,Main3e; ED3,FULL_ANALYSIS; PREPARED_INPUTS_REQUIRED; scientific run not performed
Frozen M1 secondary and post-selection correspondence adjudication,Explicit frozen input contract: code/scientific/INPUT_CONTRACTS.json,python code/scientific/launch.py m1_secondary --execute,See exact source bundle README and frozen SOURCE_MANIFEST.json,No new result; immutable implementation for the recorded frozen analysis,SF2,FULL_ANALYSIS; PREPARED_INPUTS_REQUIRED; scientific run not performed
Frozen-output context-anchoring contrasts and analytical figure,Explicit frozen input contract: code/scientific/INPUT_CONTRACTS.json,python code/scientific/launch.py context_anchoring --execute,See exact source bundle README and frozen SOURCE_MANIFEST.json,No new result; immutable implementation for the recorded frozen analysis,ED4,FIGURE_FROM_FROZEN_PREDICTIONS; PREPARED_INPUTS_REQUIRED; scientific run not performed
Final BIO2 attribution and MULTI2 mechanism-aligned prediction,Explicit frozen input contract: code/scientific/INPUT_CONTRACTS.json,python code/scientific/launch.py mechanism_aligned --execute,See exact source bundle README and frozen SOURCE_MANIFEST.json,No new result; immutable implementation for the recorded frozen analysis,SF3-SF4; SupplementaryTable6,FULL_ANALYSIS; PREPARED_INPUTS_REQUIRED; scientific run not performed
Tahoe full-transcriptome replicate geometry and operator anatomy,Explicit frozen input contract: code/scientific/INPUT_CONTRACTS.json,python code/scientific/launch.py tahoe_operator_anatomy --execute,See exact source bundle README and frozen SOURCE_MANIFEST.json,No new result; immutable implementation for the recorded frozen analysis,Main5,FULL_ANALYSIS; PREPARED_INPUTS_REQUIRED; scientific run not performed
"Tahoe replicate-core inventory, pseudobulk extraction and truth",Explicit frozen input contract: code/scientific/INPUT_CONTRACTS.json,python code/scientific/launch.py tahoe_replicate_core --execute,See exact source bundle README and frozen SOURCE_MANIFEST.json,No new result; immutable implementation for the recorded frozen analysis,Methods; SupplementaryTables1-3,FULL_ANALYSIS; PREPARED_INPUTS_REQUIRED; scientific run not performed
Target-hidden Tahoe context-support scaling,Explicit frozen input contract: code/scientific/INPUT_CONTRACTS.json,python code/scientific/launch.py held_context_scaling --execute,See exact source bundle README and frozen SOURCE_MANIFEST.json,No new result; immutable implementation for the recorded frozen analysis,ED7,FULL_ANALYSIS; PREPARED_INPUTS_REQUIRED; scientific run not performed
Predefined five-pathway held-context scaling,Explicit frozen input contract: code/scientific/INPUT_CONTRACTS.json,python code/scientific/launch.py five_pathway_scaling --execute,See exact source bundle README and frozen SOURCE_MANIFEST.json,No new result; immutable implementation for the recorded frozen analysis,ED7,FULL_ANALYSIS; PREPARED_INPUTS_REQUIRED; scientific run not performed
Frozen-contribution ED7 hierarchical uncertainty repair,Explicit frozen input contract: code/scientific/INPUT_CONTRACTS.json,python code/scientific/launch.py ed7_hierarchical_repair --execute,See exact source bundle README and frozen SOURCE_MANIFEST.json,No new result; immutable implementation for the recorded frozen analysis,ED7,FULL_ANALYSIS; PREPARED_INPUTS_REQUIRED; scientific run not performed
Primary CD4 T-cell pseudobulk truth construction and guide-disjoint reliability,Explicit frozen input contract: code/scientific/INPUT_CONTRACTS.json,python code/scientific/launch.py tcell_truth --execute,See exact source bundle README and frozen SOURCE_MANIFEST.json,No new result; immutable implementation for the recorded frozen analysis,Main1; SF1,FULL_ANALYSIS; PREPARED_INPUTS_REQUIRED; scientific run not performed
Strict leave-one-donor-out T-cell predictor benchmark,Explicit frozen input contract: code/scientific/INPUT_CONTRACTS.json,python code/scientific/launch.py tcell_lodo --execute,See exact source bundle README and frozen SOURCE_MANIFEST.json,No new result; immutable implementation for the recorded frozen analysis,Main1; SF1,FULL_ANALYSIS; ORIGINAL_HISTORY_AND_CUDA_REQUIRED; not runnable from code-only ZIP
Frozen T-cell predictions: alignment and shared-versus-donor-specific operators,Explicit frozen input contract: code/scientific/INPUT_CONTRACTS.json,python code/scientific/launch.py tcell_decomposition --execute,See exact source bundle README and frozen SOURCE_MANIFEST.json,No new result; immutable implementation for the recorded frozen analysis,Main1; SF1,FIGURE_FROM_FROZEN_PREDICTIONS; ORIGINAL_HISTORY_AND_CUDA_REQUIRED; not runnable from code-only ZIP
STATE official held-context artifact geometry summary,Explicit frozen input contract: code/scientific/INPUT_CONTRACTS.json,python code/scientific/launch.py state_official_summary --execute -- --official-data-dir <official-data-dir> --out <new-summary.json>,See exact source bundle README and frozen SOURCE_MANIFEST.json,No new result; immutable implementation for the recorded frozen analysis,Main2,OFFICIAL_ARTIFACT_SUMMARY; PREPARED_INPUTS_REQUIRED; scientific run not performed
STATE independent Tahoe held-context artifact stability,Explicit frozen input contract: code/scientific/INPUT_CONTRACTS.json,python code/scientific/launch.py state_independent_stability --execute,See exact source bundle README and frozen SOURCE_MANIFEST.json,No new result; immutable implementation for the recorded frozen analysis,ED1,OFFICIAL_ARTIFACT_SUMMARY; PREPARED_INPUTS_REQUIRED; scientific run not performed
Lea RNA-only strict LCL-disjoint pilot and six-model battery (ARCHS4 dynamic source authority),Explicit frozen input contract: code/scientific/INPUT_CONTRACTS.json,python code/scientific/launch.py lea_historical_analysis --execute,See exact source bundle README and frozen SOURCE_MANIFEST.json,No new result; immutable implementation for the recorded frozen analysis,Main4; ED5,FULL_ANALYSIS; PREPARED_INPUTS_REQUIRED; scientific run not performed
Independent ARCHS4 pre-SVA quantification robustness,Explicit frozen input contract: code/scientific/INPUT_CONTRACTS.json,python code/scientific/launch.py lea_archs4 --execute,See exact source bundle README and frozen SOURCE_MANIFEST.json,No new result; immutable implementation for the recorded frozen analysis,ED5,FULL_ANALYSIS; PREPARED_INPUTS_REQUIRED; scientific run not performed
Fold-local full-training-span PCA oracle transfer sanity analysis,Explicit frozen input contract: code/scientific/INPUT_CONTRACTS.json,python code/scientific/launch.py lea_full_span --execute,See exact source bundle README and frozen SOURCE_MANIFEST.json,No new result; immutable implementation for the recorded frozen analysis,Main4e; ED5,FULL_ANALYSIS; PREPARED_INPUTS_REQUIRED; scientific run not performed
"Same frozen predictions, gene-versus-predefined-pathway readout and corrected inference",Explicit frozen input contract: code/scientific/INPUT_CONTRACTS.json,python code/scientific/launch.py resolution_pathway_frozen --execute -- --out-dir <new-output-dir>,See exact source bundle README and frozen SOURCE_MANIFEST.json,No new result; immutable implementation for the recorded frozen analysis,Main6a; ED6,FIGURE_FROM_FROZEN_PREDICTIONS; FROZEN_CONTRAST_INPUT_INCLUDED; matplotlib/Arial runtime required; not rendered in this repair
Fixed PROGENy pathway-specific fidelity and recoverability diagnostic,Explicit frozen input contract: code/scientific/INPUT_CONTRACTS.json,python code/scientific/launch.py pathway_fidelity --execute,See exact source bundle README and frozen SOURCE_MANIFEST.json,No new result; immutable implementation for the recorded frozen analysis,ED6,FIGURE_FROM_FROZEN_PREDICTIONS; PREPARED_INPUTS_REQUIRED; scientific run not performed
All 16383 subsets of 14 predefined PROGENy pathways: fidelity and recoverability,Explicit frozen input contract: code/scientific/INPUT_CONTRACTS.json,python code/scientific/launch.py pathway_composition --execute,See exact source bundle README and frozen SOURCE_MANIFEST.json,No new result; immutable implementation for the recorded frozen analysis,ED9,FIGURE_FROM_FROZEN_PREDICTIONS; PREPARED_INPUTS_REQUIRED; scientific run not performed
Patient-disjoint ex-vivo functional drug prioritization and nested Ridge,Explicit frozen input contract: code/scientific/INPUT_CONTRACTS.json,python code/scientific/launch.py crc_pdo_application --execute,See exact source bundle README and frozen SOURCE_MANIFEST.json,No new result; immutable implementation for the recorded frozen analysis,Main6e-f; ED8,FULL_ANALYSIS; PREPARED_INPUTS_REQUIRED; scientific run not performed
Training-local biological conditioning-resolution comparison,Explicit frozen input contract: code/scientific/INPUT_CONTRACTS.json,python code/scientific/launch.py crc_pdo_conditioning --execute,See exact source bundle README and frozen SOURCE_MANIFEST.json,No new result; immutable implementation for the recorded frozen analysis,Main6; SF5,FULL_ANALYSIS; PREPARED_INPUTS_REQUIRED; scientific run not performed
Nested PCA conditioning-resolution sweep,Explicit frozen input contract: code/scientific/INPUT_CONTRACTS.json,python code/scientific/launch.py crc_pdo_pca --execute,See exact source bundle README and frozen SOURCE_MANIFEST.json,No new result; immutable implementation for the recorded frozen analysis,Main6; SF5,FULL_ANALYSIS; PREPARED_INPUTS_REQUIRED; scientific run not performed
Dense conditioning-resolution saturation with matched-random controls,Explicit frozen input contract: code/scientific/INPUT_CONTRACTS.json,python code/scientific/launch.py crc_pdo_dense --execute,See exact source bundle README and frozen SOURCE_MANIFEST.json,No new result; immutable implementation for the recorded frozen analysis,Main6b-d; SF5,FULL_ANALYSIS; PREPARED_INPUTS_REQUIRED; scientific run not performed
Lea semi-synthetic baseline-encoded response identifiability control,Explicit frozen input contract: code/scientific/INPUT_CONTRACTS.json,python code/scientific/launch.py lea_semisynthetic --execute,See exact source bundle README and frozen SOURCE_MANIFEST.json,No new result; immutable implementation for the recorded frozen analysis,ED5,FULL_ANALYSIS; PREPARED_INPUTS_REQUIRED; scientific run not performed
