bundle,required_path,authority,bytes_if_known,delivered_path,delivery_status,access_note
experimental_compression,data/cgc_entrywise_cache/same_plate6_float32.npy,ENTRYWISE_FOUNDATION_MANIFEST.json,86490128,,EXTERNAL_INPUT_NOT_IN_UPLOAD_ARCHIVES,not copied into code bundle; see DATA_AVAILABILITY_FINAL.md
experimental_compression,data/cgc_entrywise_cache/same_plate14_float32.npy,ENTRYWISE_FOUNDATION_MANIFEST.json,86490128,,EXTERNAL_INPUT_NOT_IN_UPLOAD_ARCHIVES,not copied into code bundle; see DATA_AVAILABILITY_FINAL.md
experimental_compression,data/cgc_entrywise_cache/cross_plate6_plate14_float32.npy,ENTRYWISE_FOUNDATION_MANIFEST.json,86490128,,EXTERNAL_INPUT_NOT_IN_UPLOAD_ARCHIVES,not copied into code bundle; see DATA_AVAILABILITY_FINAL.md
experimental_compression,data/cgc_entrywise_cache/sample_gene_sums_float64.npy,ENTRYWISE_FOUNDATION_MANIFEST.json,74528,,EXTERNAL_INPUT_NOT_IN_UPLOAD_ARCHIVES,not copied into code bundle; see DATA_AVAILABILITY_FINAL.md
low_rank_completion,data/cgc_entrywise_cache,LOW_RANK_INTERACTION_PROTOCOL.md; ENTRYWISE_FOUNDATION_MANIFEST.json,,,EXTERNAL_INPUT_NOT_IN_UPLOAD_ARCHIVES,not copied into code bundle; see DATA_AVAILABILITY_FINAL.md
m1_secondary,results/cgc_entrywise_compression/_cache/frozen_utility_table.npz,ENTRYWISE_RUN_MANIFEST.json,27158852,,EXTERNAL_INPUT_NOT_IN_UPLOAD_ARCHIVES,not copied into code bundle; see DATA_AVAILABILITY_FINAL.md
m1_secondary,data/cgc_entrywise_cache,ENTRYWISE_FOUNDATION_MANIFEST.json,,,EXTERNAL_INPUT_NOT_IN_UPLOAD_ARCHIVES,not copied into code bundle; see DATA_AVAILABILITY_FINAL.md
context_anchoring,results/cgc_entrywise_compression/_cache/frozen_utility_table.npz,ENTRYWISE_RUN_MANIFEST.json,27158852,,EXTERNAL_INPUT_NOT_IN_UPLOAD_ARCHIVES,not copied into code bundle; see DATA_AVAILABILITY_FINAL.md
context_anchoring,results/cgc_entrywise_compression/_cache/bootstrap_draws.npz,ENTRYWISE_RUN_MANIFEST.json,43200800,,EXTERNAL_INPUT_NOT_IN_UPLOAD_ARCHIVES,not copied into code bundle; see DATA_AVAILABILITY_FINAL.md
mechanism_aligned,data/cgc_bio1_official/bio1_gene_arrays.npz,MULTI2 SOURCE_HASHES; BIO2 EXPECTED_GENE_HASH,1911708512,,EXTERNAL_INPUT_NOT_IN_UPLOAD_ARCHIVES,not copied into code bundle; see DATA_AVAILABILITY_FINAL.md
mechanism_aligned,data/cgc_bio1_official/bio1_projected_programs.npz,BIO2 EXPECTED_PROGRAM_HASH,191722116,,EXTERNAL_INPUT_NOT_IN_UPLOAD_ARCHIVES,not copied into code bundle; see DATA_AVAILABILITY_FINAL.md
mechanism_aligned,data/cgc_multi1_official/rppa500-mclp_tahoe49.parquet,MULTI2 SOURCE_HASHES,210556,,EXTERNAL_INPUT_NOT_IN_UPLOAD_ARCHIVES,not copied into code bundle; see DATA_AVAILABILITY_FINAL.md
mechanism_aligned,data/cgc_multi1_official/harmonized_Sanger_MS_2022_tahoe49.parquet,MULTI2 SOURCE_HASHES,2331840,,EXTERNAL_INPUT_NOT_IN_UPLOAD_ARCHIVES,not copied into code bundle; see DATA_AVAILABILITY_FINAL.md
mechanism_aligned,data/cgc_multi1_official/Chronos_Combined_tahoe49.parquet,MULTI2 SOURCE_HASHES,7068304,,EXTERNAL_INPUT_NOT_IN_UPLOAD_ARCHIVES,not copied into code bundle; see DATA_AVAILABILITY_FINAL.md
mechanism_aligned,data/cgc_mechanism_followup,MULTI2_ANNOTATION_PROVENANCE.json,,,EXTERNAL_INPUT_NOT_IN_UPLOAD_ARCHIVES,not copied into code bundle; see DATA_AVAILABILITY_FINAL.md
mechanism_aligned,results/cgc_tahoe_0i/response_tensors.zarr,MULTI2 load_foundation baseline-only primary_dmso_cpm,,,EXTERNAL_INPUT_NOT_IN_UPLOAD_ARCHIVES,not copied into code bundle; see DATA_AVAILABILITY_FINAL.md
mechanism_aligned,results/cgc_tahoe_0i/gene_indices_g_primary.npy,gene_universe_hashes.json,102908,,EXTERNAL_INPUT_NOT_IN_UPLOAD_ARCHIVES,not copied into code bundle; see DATA_AVAILABILITY_FINAL.md
mechanism_aligned,data/cgc_bio1_official/frozen_program_weights.parquet,MULTI2 SOURCE_HASHES,2705687,,EXTERNAL_INPUT_NOT_IN_UPLOAD_ARCHIVES,not copied into code bundle; see DATA_AVAILABILITY_FINAL.md
tahoe_operator_anatomy,results/cgc_tahoe_0i/response_tensors.zarr,response_manifest.json,,,EXTERNAL_INPUT_NOT_IN_UPLOAD_ARCHIVES,not copied into code bundle; see DATA_AVAILABILITY_FINAL.md
tahoe_operator_anatomy,results/cgc_tahoe_0i/gene_indices_g_primary.npy,gene_universe_hashes.json,102908,,EXTERNAL_INPUT_NOT_IN_UPLOAD_ARCHIVES,not copied into code bundle; see DATA_AVAILABILITY_FINAL.md
tahoe_replicate_core,data/tahoe100m_plate6_14_core,results/cgc_tahoe_0b and cgc_tahoe_0c frozen manifests,,,EXTERNAL_INPUT_NOT_IN_UPLOAD_ARCHIVES,not copied into code bundle; see DATA_AVAILABILITY_FINAL.md
held_context_scaling,results/cgc_tahoe_0i/response_tensors.zarr,response_manifest.json,,,EXTERNAL_INPUT_NOT_IN_UPLOAD_ARCHIVES,not copied into code bundle; see DATA_AVAILABILITY_FINAL.md
held_context_scaling,data/tahoe100m_control_state/control_wells_log1p_cpm_float32.npy,frozen control-state source manifest,34018528,,EXTERNAL_INPUT_NOT_IN_UPLOAD_ARCHIVES,not copied into code bundle; see DATA_AVAILABILITY_FINAL.md
held_context_scaling,results/cgc_tahoe_0d/lineage_baseline.csv,frozen lineage metadata,11137,,EXTERNAL_INPUT_NOT_IN_UPLOAD_ARCHIVES,not copied into code bundle; see DATA_AVAILABILITY_FINAL.md
five_pathway_scaling,results/cgc_tahoe_0i/response_tensors.zarr,response_manifest.json,,,EXTERNAL_INPUT_NOT_IN_UPLOAD_ARCHIVES,not copied into code bundle; see DATA_AVAILABILITY_FINAL.md
five_pathway_scaling,data/cgc_bio1_official/frozen_program_weights.parquet,frozen pathway model source,2705687,,EXTERNAL_INPUT_NOT_IN_UPLOAD_ARCHIVES,not copied into code bundle; see DATA_AVAILABILITY_FINAL.md
ed7_hierarchical_repair,.worktrees/tahoe_held_context_scaling/results/tahoe_held_context_scaling,"abb503e9f3cf75eaea7a075f81160db3d04de64d frozen Grams, hyperparameters and point estimates",,,EXTERNAL_INPUT_NOT_IN_UPLOAD_ARCHIVES,not copied into code bundle; see DATA_AVAILABILITY_FINAL.md
ed7_hierarchical_repair,.worktrees/tahoe_five_pathway_scaling/results/tahoe_five_pathway_scaling/_cache/TAHOE_FIVE_PATHWAY_SCALING_CONTRIBUTIONS.npz,22926886e3f87994492720ad2a529dd382596f09,28793698,,EXTERNAL_INPUT_NOT_IN_UPLOAD_ARCHIVES,not copied into code bundle; see DATA_AVAILABILITY_FINAL.md
tcell_truth,data/raw/cgc_tcell/GWCD4i.pseudobulk_merged.h5ad,Official processed guide x donor x culture pseudobulk; exact URL and checksum in download_manifest.json,44566657140,,EXTERNAL_INPUT_NOT_IN_UPLOAD_ARCHIVES,not bundled; third-party terms or separate frozen-input archive required
tcell_lodo,data/processed/cgc_tcell,T-cell truth freeze 4f2e608d9814015de98cfbc9cbf358af54fbc45e,,,EXTERNAL_INPUT_NOT_IN_UPLOAD_ARCHIVES,not bundled; third-party terms or separate frozen-input archive required
tcell_lodo,results/cgc_tcell,"Frozen truth manifests, strict-trans genes, dataset_inventory.json and NTC manifest",,,EXTERNAL_INPUT_NOT_IN_UPLOAD_ARCHIVES,not bundled; third-party terms or separate frozen-input archive required
tcell_lodo,data/raw/cgc_tcell/GWCD4i.pseudobulk_merged.h5ad,Required by NTC baseline extraction if data/processed/cgc_tcell_1b/ntc_context.float32.npy is not already valid,44566657140,,EXTERNAL_INPUT_NOT_IN_UPLOAD_ARCHIVES,not bundled; third-party terms or separate frozen-input archive required
tcell_decomposition,results/cgc_tcell_1b,Frozen 1B predictions and model checkpoint manifest at f8f6b345fba8b90b834558834f26665b63300177,,,EXTERNAL_INPUT_NOT_IN_UPLOAD_ARCHIVES,not bundled; third-party terms or separate frozen-input archive required
tcell_decomposition,data/processed/cgc_tcell,Truth freeze 4f2e608d9814015de98cfbc9cbf358af54fbc45e,,,EXTERNAL_INPUT_NOT_IN_UPLOAD_ARCHIVES,not bundled; third-party terms or separate frozen-input archive required
state_official_summary,data/state_official_predictions,ArcInstitute/state; HuggingFace ST-SE-Parse and ST-HVG-Parse official eval-best full-DE artifacts; 434168727 bytes recorded in source manifest,,,EXTERNAL_INPUT_NOT_IN_UPLOAD_ARCHIVES,not bundled; third-party terms or separate frozen-input archive required
state_independent_stability,data/state_stability_official,Official Arc STATE Tahoe evaluation artifacts with source URLs and hashes in STATE_STABILITY_ARTIFACT_MANIFEST.json,,,EXTERNAL_INPUT_NOT_IN_UPLOAD_ARCHIVES,not bundled; third-party terms or separate frozen-input archive required
state_independent_stability,results/cgc_state_1/context_heterogeneity.csv,Frozen discovery report overlay only,1795,,EXTERNAL_INPUT_NOT_IN_UPLOAD_ARCHIVES,not bundled; third-party terms or separate frozen-input archive required
lea_historical_analysis,data/level2_lea_official/GSE207049_31Mar21_all_runs_voom_resid.txt.gz,GEO GSE207049 official author residualized processed matrix,217469362,,EXTERNAL_INPUT_NOT_IN_UPLOAD_ARCHIVES,not bundled; third-party terms or separate frozen-input archive required
lea_historical_analysis,data/level2_lea_official/31Mar21_all_runs_voom_resid_metadata.txt,Exact sample-to-LCL/ETOH/DEX mapping in integrity and pairing audit,292921,,EXTERNAL_INPUT_NOT_IN_UPLOAD_ARCHIVES,not bundled; third-party terms or separate frozen-input archive required
lea_historical_analysis,results/level2_lea/LEVEL2_OOF_FROZEN.npz,Pilot output required by full battery; six-model battery reuses pilot predictions/checkpoints,90490423,,EXTERNAL_INPUT_NOT_IN_UPLOAD_ARCHIVES,not bundled; third-party terms or separate frozen-input archive required
lea_archs4,data/level2_lea_archs4_matched,ARCHS4 v2.5 matched count extraction and prepared matched 340-LCL/10110-gene representations; exact hashes in extraction/run manifests,,,EXTERNAL_INPUT_NOT_IN_UPLOAD_ARCHIVES,not bundled; third-party terms or separate frozen-input archive required
lea_archs4,results/level2_lea/LEVEL2_OOF_FROZEN.npz,Historical Lea frozen 342-LCL OOF and exact matched-core selection,90490423,,EXTERNAL_INPUT_NOT_IN_UPLOAD_ARCHIVES,not bundled; third-party terms or separate frozen-input archive required
lea_archs4,data/level2_lea_official/GSE207049_31Mar21_all_runs_voom_resid.txt.gz,Matched post-SVA comparator from author GEO matrix,217469362,,EXTERNAL_INPUT_NOT_IN_UPLOAD_ARCHIVES,not bundled; third-party terms or separate frozen-input archive required
lea_full_span,data/wgcna_frontier_official/MATCHED_POSTSVA_340_REPRESENTATION.npz,Matched Lea 340-LCL response representation and frozen folds,,,EXTERNAL_INPUT_NOT_IN_UPLOAD_ARCHIVES,not bundled; third-party terms or separate frozen-input archive required
lea_full_span,data/wgcna_frontier_official/MATCHED_POSTSVA_FULL_OOF.npz,Matched post-SVA six-model OOF archive,,,EXTERNAL_INPUT_NOT_IN_UPLOAD_ARCHIVES,not bundled; third-party terms or separate frozen-input archive required
lea_full_span,results/level2_lea/archs4_robustness/ARCHS4_GENE_AXIS_RECONCILIATION.csv,Frozen matched gene axis,,,EXTERNAL_INPUT_NOT_IN_UPLOAD_ARCHIVES,not bundled; third-party terms or separate frozen-input archive required
lea_full_span,results/cgc_dimension_matched_compression,Historical PCA curve/summary comparison required by reporting,,,EXTERNAL_INPUT_NOT_IN_UPLOAD_ARCHIVES,not bundled; third-party terms or separate frozen-input archive required
resolution_pathway_frozen,results/cgc_resolution_poc_v2/RESOLUTION2_PAIRED_COMPARISONS.csv,46b25eec4a97e3001cc43262980af8f69c533478; valid contrast selected under21b08f02d3371129bb5cbf49704c65a271240c7c,,code/scientific/bundles/resolution_pathway_frozen/results/cgc_resolution_poc_v2/RESOLUTION2_PAIRED_COMPARISONS.csv,INCLUDED_FROZEN_FILE,included byte-exact frozen result table; active renderer discards every random-arm row
pathway_fidelity,data/cgc_resolution2_replay/truth_g_primary_float32.npy,Frozen Tahoe replicate truth,955854128,,EXTERNAL_INPUT_NOT_IN_UPLOAD_ARCHIVES,not bundled; third-party terms or separate frozen-input archive required
pathway_fidelity,data/cgc_resolution2_replay/m49_k92_predictions_float32.npy,Frozen all-but-one model predictions; no refit,955854128,,EXTERNAL_INPUT_NOT_IN_UPLOAD_ARCHIVES,not bundled; third-party terms or separate frozen-input archive required
pathway_fidelity,data/cgc_resolution2_replay/m49_k92_frozen_weights.npz,Frozen prediction replay episode weights,3455810,,EXTERNAL_INPUT_NOT_IN_UPLOAD_ARCHIVES,not bundled; third-party terms or separate frozen-input archive required
pathway_fidelity,data/cgc_resolution2_replay/hierarchical_bootstrap_weights_int16.npy,Frozen shared hierarchical bootstrap weights,93000128,,EXTERNAL_INPUT_NOT_IN_UPLOAD_ARCHIVES,not bundled; third-party terms or separate frozen-input archive required
pathway_fidelity,results/cgc_entrywise_compression/_cache/frozen_utility_table.npz,Frozen entrywise utility and support/sentinel assignment,27158852,,EXTERNAL_INPUT_NOT_IN_UPLOAD_ARCHIVES,not bundled; third-party terms or separate frozen-input archive required
pathway_fidelity,data/cgc_bio1_official/frozen_program_weights.parquet,Frozen PROGENy weights and gene identifiers,2705687,,EXTERNAL_INPUT_NOT_IN_UPLOAD_ARCHIVES,not bundled; third-party terms or separate frozen-input archive required
pathway_fidelity,data/cgc_bio1_official/progeny,Official PROGENy source revision cad6be0514c3248b9465e48f1cfd2f6a4c3dfb6f version 1.17.3,,,EXTERNAL_INPUT_NOT_IN_UPLOAD_ARCHIVES,not bundled; third-party terms or separate frozen-input archive required
pathway_fidelity,results/cgc_tahoe_0i/gene_metadata_frozen.csv,Frozen gene metadata axis,5092546,,EXTERNAL_INPUT_NOT_IN_UPLOAD_ARCHIVES,not bundled; third-party terms or separate frozen-input archive required
pathway_fidelity,results/cgc_tahoe_0i/gene_indices_g_primary.npy,Frozen primary gene indices,102908,,EXTERNAL_INPUT_NOT_IN_UPLOAD_ARCHIVES,not bundled; third-party terms or separate frozen-input archive required
pathway_composition,data/cgc_resolution2_replay/truth_g_primary_float32.npy,Frozen Tahoe replicate truth,955854128,,EXTERNAL_INPUT_NOT_IN_UPLOAD_ARCHIVES,not bundled; third-party terms or separate frozen-input archive required
pathway_composition,data/cgc_resolution2_replay/m49_k92_predictions_float32.npy,Frozen all-but-one model predictions; no refit,955854128,,EXTERNAL_INPUT_NOT_IN_UPLOAD_ARCHIVES,not bundled; third-party terms or separate frozen-input archive required
pathway_composition,data/cgc_resolution2_replay/m49_k92_frozen_weights.npz,Frozen prediction replay episode weights,3455810,,EXTERNAL_INPUT_NOT_IN_UPLOAD_ARCHIVES,not bundled; third-party terms or separate frozen-input archive required
pathway_composition,data/cgc_resolution2_replay/hierarchical_bootstrap_weights_int16.npy,Frozen shared hierarchical bootstrap weights,93000128,,EXTERNAL_INPUT_NOT_IN_UPLOAD_ARCHIVES,not bundled; third-party terms or separate frozen-input archive required
pathway_composition,results/cgc_entrywise_compression/_cache/frozen_utility_table.npz,Frozen entrywise utility and support/sentinel assignment,27158852,,EXTERNAL_INPUT_NOT_IN_UPLOAD_ARCHIVES,not bundled; third-party terms or separate frozen-input archive required
pathway_composition,data/cgc_bio1_official/frozen_program_weights.parquet,Frozen PROGENy weights and gene identifiers,2705687,,EXTERNAL_INPUT_NOT_IN_UPLOAD_ARCHIVES,not bundled; third-party terms or separate frozen-input archive required
pathway_composition,data/cgc_bio1_official/progeny,Official PROGENy source revision cad6be0514c3248b9465e48f1cfd2f6a4c3dfb6f version 1.17.3,,,EXTERNAL_INPUT_NOT_IN_UPLOAD_ARCHIVES,not bundled; third-party terms or separate frozen-input archive required
pathway_composition,results/cgc_tahoe_0i/gene_metadata_frozen.csv,Frozen gene metadata axis,5092546,,EXTERNAL_INPUT_NOT_IN_UPLOAD_ARCHIVES,not bundled; third-party terms or separate frozen-input archive required
pathway_composition,results/cgc_tahoe_0i/gene_indices_g_primary.npy,Frozen primary gene indices,102908,,EXTERNAL_INPUT_NOT_IN_UPLOAD_ARCHIVES,not bundled; third-party terms or separate frozen-input archive required
crc_pdo_application,data/crc_pdo_personalized_application/processed/RNAseq_PDO_log2CPM1.npz,GSE294511 processed RNAseq and official PDO/patient mapping; source_manifest.json,,,EXTERNAL_INPUT_NOT_IN_UPLOAD_ARCHIVES,not bundled; third-party terms or separate frozen-input archive required
crc_pdo_application,data/crc_pdo_personalized_application/processed/PRIMARY_DSS.npz,"Kryeziu et al. Cell Reports Medicine 2026, DOI 10.1016/j.xcrm.2026.102840; official supplementary DSS and Mendeley 10.17632/hr94h42xdc.3",,,EXTERNAL_INPUT_NOT_IN_UPLOAD_ARCHIVES,not bundled; third-party terms or separate frozen-input archive required
crc_pdo_application,results/crc_pdo_personalized_drug_application,Frozen premodel patient/panel/intersection audit tables required by application and follow-up runners,,,EXTERNAL_INPUT_NOT_IN_UPLOAD_ARCHIVES,not bundled; third-party terms or separate frozen-input archive required
crc_pdo_application,data/crc_pdo_personalized_application/raw,"Official supplementary spreadsheets, GEO processed matrices and exact source-manifest hashes needed only for preparation",,,EXTERNAL_INPUT_NOT_IN_UPLOAD_ARCHIVES,not bundled; third-party terms or separate frozen-input archive required
crc_pdo_application,data/crc_pdo_personalized_application/processed/HTA2_PDO_public_processed.npz,Secondary HTA expression platform; full original application loops over RNAseq and HTA2.0,,,EXTERNAL_INPUT_NOT_IN_UPLOAD_ARCHIVES,not bundled; third-party terms or separate frozen-input archive required
crc_pdo_conditioning,data/crc_pdo_personalized_application/processed/RNAseq_PDO_log2CPM1.npz,GSE294511 processed RNAseq and official PDO/patient mapping; source_manifest.json,,,EXTERNAL_INPUT_NOT_IN_UPLOAD_ARCHIVES,not bundled; third-party terms or separate frozen-input archive required
crc_pdo_conditioning,data/crc_pdo_personalized_application/processed/PRIMARY_DSS.npz,"Kryeziu et al. Cell Reports Medicine 2026, DOI 10.1016/j.xcrm.2026.102840; official supplementary DSS and Mendeley 10.17632/hr94h42xdc.3",,,EXTERNAL_INPUT_NOT_IN_UPLOAD_ARCHIVES,not bundled; third-party terms or separate frozen-input archive required
crc_pdo_conditioning,results/crc_pdo_personalized_drug_application,Frozen premodel patient/panel/intersection audit tables required by application and follow-up runners,,,EXTERNAL_INPUT_NOT_IN_UPLOAD_ARCHIVES,not bundled; third-party terms or separate frozen-input archive required
crc_pdo_conditioning,PROGENy weights file,Official PROGENy v1.17.3 revision cad6be0514c3248b9465e48f1cfd2f6a4c3dfb6f,,,EXTERNAL_INPUT_NOT_IN_UPLOAD_ARCHIVES,not bundled; third-party terms or separate frozen-input archive required
crc_pdo_pca,data/crc_pdo_personalized_application/processed/RNAseq_PDO_log2CPM1.npz,GSE294511 processed RNAseq and official PDO/patient mapping; source_manifest.json,,,EXTERNAL_INPUT_NOT_IN_UPLOAD_ARCHIVES,not bundled; third-party terms or separate frozen-input archive required
crc_pdo_pca,data/crc_pdo_personalized_application/processed/PRIMARY_DSS.npz,"Kryeziu et al. Cell Reports Medicine 2026, DOI 10.1016/j.xcrm.2026.102840; official supplementary DSS and Mendeley 10.17632/hr94h42xdc.3",,,EXTERNAL_INPUT_NOT_IN_UPLOAD_ARCHIVES,not bundled; third-party terms or separate frozen-input archive required
crc_pdo_pca,results/crc_pdo_personalized_drug_application,Frozen premodel patient/panel/intersection audit tables required by application and follow-up runners,,,EXTERNAL_INPUT_NOT_IN_UPLOAD_ARCHIVES,not bundled; third-party terms or separate frozen-input archive required
crc_pdo_pca,results/crc_pdo_conditioning_resolution/PCA14_OOF.csv,Frozen conditioning result 38adafd8601f3a0382baa88e03bf72e3dd0d3a62; accompanying CRC_PDO_CONDITIONING_RESOLUTION_FINAL_QA.json required,,,EXTERNAL_INPUT_NOT_IN_UPLOAD_ARCHIVES,not bundled; third-party terms or separate frozen-input archive required
crc_pdo_dense,data/crc_pdo_personalized_application/processed/RNAseq_PDO_log2CPM1.npz,GSE294511 processed RNAseq and official PDO/patient mapping; source_manifest.json,,,EXTERNAL_INPUT_NOT_IN_UPLOAD_ARCHIVES,not bundled; third-party terms or separate frozen-input archive required
crc_pdo_dense,data/crc_pdo_personalized_application/processed/PRIMARY_DSS.npz,"Kryeziu et al. Cell Reports Medicine 2026, DOI 10.1016/j.xcrm.2026.102840; official supplementary DSS and Mendeley 10.17632/hr94h42xdc.3",,,EXTERNAL_INPUT_NOT_IN_UPLOAD_ARCHIVES,not bundled; third-party terms or separate frozen-input archive required
crc_pdo_dense,results/crc_pdo_personalized_drug_application,Frozen premodel patient/panel/intersection audit tables required by application and follow-up runners,,,EXTERNAL_INPUT_NOT_IN_UPLOAD_ARCHIVES,not bundled; third-party terms or separate frozen-input archive required
crc_pdo_dense,results/crc_pdo_pca_resolution_sweep,"Prior frozen OOF: FIXED_K_OOF_PREDICTIONS.csv, PCA_STAR_OOF_PREDICTIONS.csv, FULL_RNA_REOPT_OOF.csv and FINAL_QA; result 1bb0e95b39c2181638d732097f8f868689f32c87, ledger 624e6f239459418f8d6a8792ff41d2dcc1c2c61c",,,EXTERNAL_INPUT_NOT_IN_UPLOAD_ARCHIVES,not bundled; third-party terms or separate frozen-input archive required
lea_semisynthetic,results/level2_lea/LEVEL2_OOF_FROZEN.npz,Historical response/base-state arrays and frozen LCL folds,90490423,,EXTERNAL_INPUT_NOT_IN_UPLOAD_ARCHIVES,not bundled; third-party terms or separate frozen-input archive required
lea_semisynthetic,results/level2_lea/FULL_MODEL_BATTERY_RESULTS.csv,Frozen real-data results for side-by-side comparison only,,,EXTERNAL_INPUT_NOT_IN_UPLOAD_ARCHIVES,not bundled; third-party terms or separate frozen-input archive required
