null,model,m,k,budget,observed_g,null_g,null_lower_95,null_upper_95,observed_exceeds_null_upper_95,all_nulls_separated
INTERVENTION_IDENTITY,M2_AFFINE_RIDGE,1,0,93,0.0,0.0,0.0,0.0,False,False
CONTEXT_IDENTITY,M2_AFFINE_RIDGE,1,0,93,0.0,0.0,0.0,0.0,False,False
SENTINEL_IDENTITY,M2_AFFINE_RIDGE,1,0,93,0.0,0.0,0.0,0.0,False,False
REFERENCE_CONTEXT_IDENTITY,M2_AFFINE_RIDGE,1,0,93,0.0,0.0,0.0,0.0,False,False
INTERVENTION_IDENTITY,M2_AFFINE_RIDGE,1,1,94,0.0,0.0,0.0,0.0,False,False
CONTEXT_IDENTITY,M2_AFFINE_RIDGE,1,1,94,0.0,0.0,0.0,0.0,False,False
SENTINEL_IDENTITY,M2_AFFINE_RIDGE,1,1,94,0.0,0.0,0.0,0.0,False,False
REFERENCE_CONTEXT_IDENTITY,M2_AFFINE_RIDGE,1,1,94,0.0,0.0,0.0,0.0,False,False
INTERVENTION_IDENTITY,M2_AFFINE_RIDGE,1,2,95,0.0,0.0,0.0,0.0,False,False
CONTEXT_IDENTITY,M2_AFFINE_RIDGE,1,2,95,0.0,0.0,0.0,0.0,False,False
SENTINEL_IDENTITY,M2_AFFINE_RIDGE,1,2,95,0.0,0.0,0.0,0.0,False,False
REFERENCE_CONTEXT_IDENTITY,M2_AFFINE_RIDGE,1,2,95,0.0,0.0,0.0,0.0,False,False
INTERVENTION_IDENTITY,M2_AFFINE_RIDGE,1,4,97,0.0,0.0,0.0,0.0,False,False
CONTEXT_IDENTITY,M2_AFFINE_RIDGE,1,4,97,0.0,0.0,0.0,0.0,False,False
SENTINEL_IDENTITY,M2_AFFINE_RIDGE,1,4,97,0.0,0.0,0.0,0.0,False,False
REFERENCE_CONTEXT_IDENTITY,M2_AFFINE_RIDGE,1,4,97,0.0,0.0,0.0,0.0,False,False
INTERVENTION_IDENTITY,M2_AFFINE_RIDGE,1,8,101,0.0,0.0,0.0,0.0,False,False
CONTEXT_IDENTITY,M2_AFFINE_RIDGE,1,8,101,0.0,0.0,0.0,0.0,False,False
SENTINEL_IDENTITY,M2_AFFINE_RIDGE,1,8,101,0.0,0.0,0.0,0.0,False,False
REFERENCE_CONTEXT_IDENTITY,M2_AFFINE_RIDGE,1,8,101,0.0,0.0,0.0,0.0,False,False
INTERVENTION_IDENTITY,M2_AFFINE_RIDGE,1,16,109,0.0,0.0,0.0,0.0,False,False
CONTEXT_IDENTITY,M2_AFFINE_RIDGE,1,16,109,0.0,0.0,0.0,0.0,False,False
SENTINEL_IDENTITY,M2_AFFINE_RIDGE,1,16,109,0.0,0.0,0.0,0.0,False,False
REFERENCE_CONTEXT_IDENTITY,M2_AFFINE_RIDGE,1,16,109,0.0,0.0,0.0,0.0,False,False
INTERVENTION_IDENTITY,M2_AFFINE_RIDGE,1,32,125,0.0,0.0,0.0,0.0,False,False
CONTEXT_IDENTITY,M2_AFFINE_RIDGE,1,32,125,0.0,0.0,0.0,0.0,False,False
SENTINEL_IDENTITY,M2_AFFINE_RIDGE,1,32,125,0.0,0.0,0.0,0.0,False,False
REFERENCE_CONTEXT_IDENTITY,M2_AFFINE_RIDGE,1,32,125,0.0,0.0,0.0,0.0,False,False
INTERVENTION_IDENTITY,M2_AFFINE_RIDGE,1,64,157,0.0,0.0,0.0,0.0,False,False
CONTEXT_IDENTITY,M2_AFFINE_RIDGE,1,64,157,0.0,0.0,0.0,0.0,False,False
SENTINEL_IDENTITY,M2_AFFINE_RIDGE,1,64,157,0.0,0.0,0.0,0.0,False,False
REFERENCE_CONTEXT_IDENTITY,M2_AFFINE_RIDGE,1,64,157,0.0,0.0,0.0,0.0,False,False
INTERVENTION_IDENTITY,M2_AFFINE_RIDGE,1,80,173,0.0,0.0,0.0,0.0,False,False
CONTEXT_IDENTITY,M2_AFFINE_RIDGE,1,80,173,0.0,0.0,0.0,0.0,False,False
SENTINEL_IDENTITY,M2_AFFINE_RIDGE,1,80,173,0.0,0.0,0.0,0.0,False,False
REFERENCE_CONTEXT_IDENTITY,M2_AFFINE_RIDGE,1,80,173,0.0,0.0,0.0,0.0,False,False
INTERVENTION_IDENTITY,M2_AFFINE_RIDGE,1,92,185,0.0,0.0,0.0,0.0,False,False
CONTEXT_IDENTITY,M2_AFFINE_RIDGE,1,92,185,0.0,0.0,0.0,0.0,False,False
SENTINEL_IDENTITY,M2_AFFINE_RIDGE,1,92,185,0.0,0.0,0.0,0.0,False,False
REFERENCE_CONTEXT_IDENTITY,M2_AFFINE_RIDGE,1,92,185,0.0,0.0,0.0,0.0,False,False
INTERVENTION_IDENTITY,M2_AFFINE_RIDGE,2,0,186,0.0,0.0,0.0,0.0,False,False
CONTEXT_IDENTITY,M2_AFFINE_RIDGE,2,0,186,0.0,0.0,0.0,0.0,False,False
SENTINEL_IDENTITY,M2_AFFINE_RIDGE,2,0,186,0.0,0.0,0.0,0.0,False,False
REFERENCE_CONTEXT_IDENTITY,M2_AFFINE_RIDGE,2,0,186,0.0,0.0,0.0,0.0,False,False
INTERVENTION_IDENTITY,M2_AFFINE_RIDGE,2,1,187,-0.1147972298485227,-0.1213887131692768,-0.17527309230073676,-0.087077733064594,False,False
CONTEXT_IDENTITY,M2_AFFINE_RIDGE,2,1,187,-0.1147972298485227,-0.13099297181531444,-0.18659446847502054,-0.09607473285946856,False,False
SENTINEL_IDENTITY,M2_AFFINE_RIDGE,2,1,187,-0.1147972298485227,-0.1151042650107712,-0.16323530841435205,-0.08403979979885373,False,False
REFERENCE_CONTEXT_IDENTITY,M2_AFFINE_RIDGE,2,1,187,-0.1147972298485227,0.03323042637620388,-0.018905796436565345,0.10468274292498002,False,False
INTERVENTION_IDENTITY,M2_AFFINE_RIDGE,2,2,188,-0.1143275382267206,-0.12092619475233635,-0.1743661194302377,-0.0868414828451856,False,False
CONTEXT_IDENTITY,M2_AFFINE_RIDGE,2,2,188,-0.1143275382267206,-0.13030090676214878,-0.18564374175095466,-0.0956951112326636,False,False
SENTINEL_IDENTITY,M2_AFFINE_RIDGE,2,2,188,-0.1143275382267206,-0.11505042976964441,-0.16313179141669795,-0.08375148895238593,False,False
REFERENCE_CONTEXT_IDENTITY,M2_AFFINE_RIDGE,2,2,188,-0.1143275382267206,0.033353947943502105,-0.018618700990430427,0.10479770184283356,False,False
INTERVENTION_IDENTITY,M2_AFFINE_RIDGE,2,4,190,-0.1133929741853581,-0.12019924180408537,-0.17319356890470763,-0.0860797456868205,False,False
CONTEXT_IDENTITY,M2_AFFINE_RIDGE,2,4,190,-0.1133929741853581,-0.12950901101060341,-0.18425566806751614,-0.09486993595657613,False,False
SENTINEL_IDENTITY,M2_AFFINE_RIDGE,2,4,190,-0.1133929741853581,-0.11376593908913102,-0.1617869355995294,-0.08230703228363524,False,False
REFERENCE_CONTEXT_IDENTITY,M2_AFFINE_RIDGE,2,4,190,-0.1133929741853581,0.03300756823964157,-0.018316403626397228,0.10384116816369418,False,False
INTERVENTION_IDENTITY,M2_AFFINE_RIDGE,2,8,194,-0.11183540318250373,-0.11855310834360289,-0.1709672216672309,-0.08489310929923503,False,False
CONTEXT_IDENTITY,M2_AFFINE_RIDGE,2,8,194,-0.11183540318250373,-0.1283168175898084,-0.18257014518939105,-0.09417025537443874,False,False
SENTINEL_IDENTITY,M2_AFFINE_RIDGE,2,8,194,-0.11183540318250373,-0.1126483009409962,-0.16158611497971295,-0.08111769170667486,False,False
REFERENCE_CONTEXT_IDENTITY,M2_AFFINE_RIDGE,2,8,194,-0.11183540318250373,0.03281314495980325,-0.01813371447003658,0.1031871701362138,False,False
INTERVENTION_IDENTITY,M2_AFFINE_RIDGE,2,16,202,-0.11191315533131152,-0.1183815530220369,-0.1707364732384699,-0.08454246630693453,False,False
CONTEXT_IDENTITY,M2_AFFINE_RIDGE,2,16,202,-0.11191315533131152,-0.12853440733568267,-0.18283996809695258,-0.09443719568187874,False,False
SENTINEL_IDENTITY,M2_AFFINE_RIDGE,2,16,202,-0.11191315533131152,-0.11164599401253472,-0.15992109077185274,-0.08070243363848588,False,False
REFERENCE_CONTEXT_IDENTITY,M2_AFFINE_RIDGE,2,16,202,-0.11191315533131152,0.0331695123639435,-0.01739479546044112,0.10298052068830812,False,False
INTERVENTION_IDENTITY,M2_AFFINE_RIDGE,2,32,218,-0.11176565033684938,-0.11850579642658898,-0.17085312854643409,-0.08473847247100187,False,False
CONTEXT_IDENTITY,M2_AFFINE_RIDGE,2,32,218,-0.11176565033684938,-0.12839414328339882,-0.18264266359084785,-0.0944668710601121,False,False
SENTINEL_IDENTITY,M2_AFFINE_RIDGE,2,32,218,-0.11176565033684938,-0.11123011384762815,-0.1588979238783512,-0.08028143002262346,False,False
REFERENCE_CONTEXT_IDENTITY,M2_AFFINE_RIDGE,2,32,218,-0.11176565033684938,0.03290340769128619,-0.01781768146101144,0.10315800218007544,False,False
INTERVENTION_IDENTITY,M2_AFFINE_RIDGE,2,64,250,-0.11170818199312782,-0.11863950769429166,-0.17092185006166438,-0.084985792650848,False,False
CONTEXT_IDENTITY,M2_AFFINE_RIDGE,2,64,250,-0.11170818199312782,-0.1281668780517553,-0.18249587350779561,-0.09428669618890338,False,False
SENTINEL_IDENTITY,M2_AFFINE_RIDGE,2,64,250,-0.11170818199312782,-0.11126309864159611,-0.15872039162382676,-0.08053603301974446,False,False
REFERENCE_CONTEXT_IDENTITY,M2_AFFINE_RIDGE,2,64,250,-0.11170818199312782,0.03285760690746253,-0.018152482372356848,0.10325166455822168,False,False
INTERVENTION_IDENTITY,M2_AFFINE_RIDGE,2,80,266,-0.1117118778762316,-0.11876439074776868,-0.1711598736707617,-0.08507692370784549,False,False
CONTEXT_IDENTITY,M2_AFFINE_RIDGE,2,80,266,-0.1117118778762316,-0.12819574177194526,-0.18246836068805428,-0.0942690044160235,False,False
SENTINEL_IDENTITY,M2_AFFINE_RIDGE,2,80,266,-0.1117118778762316,-0.11101125276054868,-0.15843255595262906,-0.08019438769744941,False,False
REFERENCE_CONTEXT_IDENTITY,M2_AFFINE_RIDGE,2,80,266,-0.1117118778762316,0.03304184065901705,-0.018133458247188115,0.10343845174717356,False,False
INTERVENTION_IDENTITY,M2_AFFINE_RIDGE,2,92,278,-0.11168339373473324,-0.11873399885503866,-0.17109594197289912,-0.08508966876063437,False,False
CONTEXT_IDENTITY,M2_AFFINE_RIDGE,2,92,278,-0.11168339373473324,-0.12820434909286305,-0.1825788358141673,-0.09426746724851515,False,False
SENTINEL_IDENTITY,M2_AFFINE_RIDGE,2,92,278,-0.11168339373473324,-0.11127842839362745,-0.15850124613159114,-0.08056464308002115,False,False
REFERENCE_CONTEXT_IDENTITY,M2_AFFINE_RIDGE,2,92,278,-0.11168339373473324,0.03306337630012479,-0.01807199379019056,0.10361451606355754,False,False
INTERVENTION_IDENTITY,M2_AFFINE_RIDGE,4,0,372,0.0,0.0,0.0,0.0,False,False
CONTEXT_IDENTITY,M2_AFFINE_RIDGE,4,0,372,0.0,0.0,0.0,0.0,False,False
SENTINEL_IDENTITY,M2_AFFINE_RIDGE,4,0,372,0.0,0.0,0.0,0.0,False,False
REFERENCE_CONTEXT_IDENTITY,M2_AFFINE_RIDGE,4,0,372,0.0,0.0,0.0,0.0,False,False
INTERVENTION_IDENTITY,M2_AFFINE_RIDGE,4,1,373,-0.07061675119229527,-0.08089825920726712,-0.10550902574592994,-0.06249669638147958,False,False
CONTEXT_IDENTITY,M2_AFFINE_RIDGE,4,1,373,-0.07061675119229527,-0.11180256782093756,-0.15764678927191575,-0.0700954121642594,False,False
SENTINEL_IDENTITY,M2_AFFINE_RIDGE,4,1,373,-0.07061675119229527,-0.07528229921437668,-0.09791942567429407,-0.056311149209969505,False,False
REFERENCE_CONTEXT_IDENTITY,M2_AFFINE_RIDGE,4,1,373,-0.07061675119229527,-0.02779617528720646,-0.0520123091178481,-0.005560507735060008,False,False
INTERVENTION_IDENTITY,M2_AFFINE_RIDGE,4,2,374,-0.07107594557834074,-0.08101555394008808,-0.10518250404487411,-0.06267521866142,False,False
CONTEXT_IDENTITY,M2_AFFINE_RIDGE,4,2,374,-0.07107594557834074,-0.11401096738734573,-0.1605098555102252,-0.07326026266024752,True,False
SENTINEL_IDENTITY,M2_AFFINE_RIDGE,4,2,374,-0.07107594557834074,-0.07597528115091912,-0.09828360466096242,-0.05718919026361183,False,False
REFERENCE_CONTEXT_IDENTITY,M2_AFFINE_RIDGE,4,2,374,-0.07107594557834074,-0.02949699238203829,-0.05620349840839715,-0.007266232940674124,False,False
INTERVENTION_IDENTITY,M2_AFFINE_RIDGE,4,4,376,-0.06978053065422896,-0.08033034558064145,-0.10495652497151971,-0.06186413485399047,False,False
CONTEXT_IDENTITY,M2_AFFINE_RIDGE,4,4,376,-0.06978053065422896,-0.11531087836049214,-0.1624389882045339,-0.07445917243984036,True,False
SENTINEL_IDENTITY,M2_AFFINE_RIDGE,4,4,376,-0.06978053065422896,-0.07560775072328596,-0.09905048952059078,-0.05713786371383943,False,False
REFERENCE_CONTEXT_IDENTITY,M2_AFFINE_RIDGE,4,4,376,-0.06978053065422896,-0.028518810136745065,-0.056722965386837534,-0.0048458344900516506,False,False
INTERVENTION_IDENTITY,M2_AFFINE_RIDGE,4,8,380,-0.06960295561081109,-0.08074100182410548,-0.10628384575188515,-0.06220146778317778,False,False
CONTEXT_IDENTITY,M2_AFFINE_RIDGE,4,8,380,-0.06960295561081109,-0.11695950244936215,-0.16466636658500636,-0.07593890009359004,True,False
SENTINEL_IDENTITY,M2_AFFINE_RIDGE,4,8,380,-0.06960295561081109,-0.07561589789372003,-0.09953538463430986,-0.057156613571811336,False,False
REFERENCE_CONTEXT_IDENTITY,M2_AFFINE_RIDGE,4,8,380,-0.06960295561081109,-0.03026986659469988,-0.0593103150571375,-0.007194579012996012,False,False
INTERVENTION_IDENTITY,M2_AFFINE_RIDGE,4,16,388,-0.06979682515606167,-0.08127129383161869,-0.10777631409986063,-0.06259783281081072,False,False
CONTEXT_IDENTITY,M2_AFFINE_RIDGE,4,16,388,-0.06979682515606167,-0.11976614011565245,-0.16809654656513423,-0.0784937486361008,True,False
SENTINEL_IDENTITY,M2_AFFINE_RIDGE,4,16,388,-0.06979682515606167,-0.07412111342821626,-0.09706217920972578,-0.05559568733958288,False,False
REFERENCE_CONTEXT_IDENTITY,M2_AFFINE_RIDGE,4,16,388,-0.06979682515606167,-0.028481415503009755,-0.05583198050950245,-0.0042753042248808056,False,False
INTERVENTION_IDENTITY,M2_AFFINE_RIDGE,4,32,404,-0.06960272354412811,-0.08129384814910212,-0.10750280890805626,-0.06271266849264516,False,False
CONTEXT_IDENTITY,M2_AFFINE_RIDGE,4,32,404,-0.06960272354412811,-0.12096450839483053,-0.17053759332294327,-0.07968412737014338,True,False
SENTINEL_IDENTITY,M2_AFFINE_RIDGE,4,32,404,-0.06960272354412811,-0.07362968115440727,-0.09641428810095387,-0.05494212470160163,False,False
REFERENCE_CONTEXT_IDENTITY,M2_AFFINE_RIDGE,4,32,404,-0.06960272354412811,-0.030241826404256544,-0.05666401539196285,-0.007042523834393093,False,False
INTERVENTION_IDENTITY,M2_AFFINE_RIDGE,4,64,436,-0.06994823907151781,-0.0817953474502855,-0.1078509901337402,-0.06306474929345145,False,False
CONTEXT_IDENTITY,M2_AFFINE_RIDGE,4,64,436,-0.06994823907151781,-0.12148427807850615,-0.17091566232153696,-0.08019488999915678,True,False
SENTINEL_IDENTITY,M2_AFFINE_RIDGE,4,64,436,-0.06994823907151781,-0.07264855752840704,-0.09506375393120728,-0.05399053115967331,False,False
REFERENCE_CONTEXT_IDENTITY,M2_AFFINE_RIDGE,4,64,436,-0.06994823907151781,-0.031235665262481005,-0.05875916967190024,-0.007707199790635923,False,False
INTERVENTION_IDENTITY,M2_AFFINE_RIDGE,4,80,452,-0.06984753581392633,-0.08170752547791449,-0.1076250786000323,-0.0629470988123041,False,False
CONTEXT_IDENTITY,M2_AFFINE_RIDGE,4,80,452,-0.06984753581392633,-0.12176560100652734,-0.17138373824312472,-0.08039642504621176,True,False
SENTINEL_IDENTITY,M2_AFFINE_RIDGE,4,80,452,-0.06984753581392633,-0.07240215758243451,-0.09475792728097886,-0.05379363796368897,False,False
REFERENCE_CONTEXT_IDENTITY,M2_AFFINE_RIDGE,4,80,452,-0.06984753581392633,-0.030999137362642815,-0.057911843503311404,-0.007744566014255422,False,False
INTERVENTION_IDENTITY,M2_AFFINE_RIDGE,4,92,464,-0.07000324180540551,-0.08183423522768485,-0.10780695810402588,-0.06308980485918925,False,False
CONTEXT_IDENTITY,M2_AFFINE_RIDGE,4,92,464,-0.07000324180540551,-0.12194312652682382,-0.17153355938560214,-0.08045596409973582,True,False
SENTINEL_IDENTITY,M2_AFFINE_RIDGE,4,92,464,-0.07000324180540551,-0.07255421012911056,-0.09481593178959459,-0.05394233639627415,False,False
REFERENCE_CONTEXT_IDENTITY,M2_AFFINE_RIDGE,4,92,464,-0.07000324180540551,-0.031292095659857244,-0.05849561899007345,-0.007988501678701361,False,False
INTERVENTION_IDENTITY,M2_AFFINE_RIDGE,8,0,744,0.0,0.0,0.0,0.0,False,False
CONTEXT_IDENTITY,M2_AFFINE_RIDGE,8,0,744,0.0,0.0,0.0,0.0,False,False
SENTINEL_IDENTITY,M2_AFFINE_RIDGE,8,0,744,0.0,0.0,0.0,0.0,False,False
REFERENCE_CONTEXT_IDENTITY,M2_AFFINE_RIDGE,8,0,744,0.0,0.0,0.0,0.0,False,False
INTERVENTION_IDENTITY,M2_AFFINE_RIDGE,8,1,745,-0.01890393677990687,-0.035398159342969304,-0.04840137795492862,-0.023254134578876706,True,False
CONTEXT_IDENTITY,M2_AFFINE_RIDGE,8,1,745,-0.01890393677990687,-0.1398471621782531,-0.21779493321428886,-0.08871285312606081,True,False
SENTINEL_IDENTITY,M2_AFFINE_RIDGE,8,1,745,-0.01890393677990687,-0.026995552586721372,-0.03983742053015163,-0.01100434310500175,False,False
REFERENCE_CONTEXT_IDENTITY,M2_AFFINE_RIDGE,8,1,745,-0.01890393677990687,-0.02812002119018886,-0.03994816178450233,-0.018492156810573673,False,False
INTERVENTION_IDENTITY,M2_AFFINE_RIDGE,8,2,746,-0.01926417171520778,-0.03614903149943949,-0.04854827800856827,-0.0248574889353042,True,False
CONTEXT_IDENTITY,M2_AFFINE_RIDGE,8,2,746,-0.01926417171520778,-0.14311282247931323,-0.22114164742922654,-0.09139035726285612,True,False
SENTINEL_IDENTITY,M2_AFFINE_RIDGE,8,2,746,-0.01926417171520778,-0.028898670735107768,-0.04113217499216828,-0.013687962767934029,False,False
REFERENCE_CONTEXT_IDENTITY,M2_AFFINE_RIDGE,8,2,746,-0.01926417171520778,-0.029938824141646503,-0.04452825720703487,-0.019607793260002802,True,False
INTERVENTION_IDENTITY,M2_AFFINE_RIDGE,8,4,748,-0.016938502456119497,-0.035146266391663517,-0.04730110021105089,-0.023997042577566435,True,False
CONTEXT_IDENTITY,M2_AFFINE_RIDGE,8,4,748,-0.016938502456119497,-0.14649403342157918,-0.2276329341447702,-0.09377467983710387,True,False
SENTINEL_IDENTITY,M2_AFFINE_RIDGE,8,4,748,-0.016938502456119497,-0.02875666846497671,-0.04110378872276373,-0.015581707308865983,False,False
REFERENCE_CONTEXT_IDENTITY,M2_AFFINE_RIDGE,8,4,748,-0.016938502456119497,-0.033051589013438853,-0.0521880293726976,-0.02182559127557497,True,False
INTERVENTION_IDENTITY,M2_AFFINE_RIDGE,8,8,752,-0.015860741357663244,-0.03513478758638233,-0.04821636814807484,-0.024075796049234627,True,True
CONTEXT_IDENTITY,M2_AFFINE_RIDGE,8,8,752,-0.015860741357663244,-0.15340653141593208,-0.23947171207487192,-0.09910618207870776,True,True
SENTINEL_IDENTITY,M2_AFFINE_RIDGE,8,8,752,-0.015860741357663244,-0.028810206143261796,-0.04149367497909512,-0.016095502522728157,True,True
REFERENCE_CONTEXT_IDENTITY,M2_AFFINE_RIDGE,8,8,752,-0.015860741357663244,-0.033170100370737865,-0.052768313283841475,-0.02143485235747695,True,True
INTERVENTION_IDENTITY,M2_AFFINE_RIDGE,8,16,760,-0.01509190958187423,-0.03517159339665055,-0.048930029898108456,-0.02383396981884547,True,False
CONTEXT_IDENTITY,M2_AFFINE_RIDGE,8,16,760,-0.01509190958187423,-0.15900429083788792,-0.2478176870946367,-0.10367873245877282,True,False
SENTINEL_IDENTITY,M2_AFFINE_RIDGE,8,16,760,-0.01509190958187423,-0.026998393540065058,-0.039280878466377116,-0.013249241427955387,False,False
REFERENCE_CONTEXT_IDENTITY,M2_AFFINE_RIDGE,8,16,760,-0.01509190958187423,-0.03250650610199557,-0.05011582207942681,-0.020917095504077218,True,False
INTERVENTION_IDENTITY,M2_AFFINE_RIDGE,8,32,776,-0.013911043594134975,-0.03448973011645462,-0.0475925764524006,-0.023211055787783437,True,False
CONTEXT_IDENTITY,M2_AFFINE_RIDGE,8,32,776,-0.013911043594134975,-0.1614444379403397,-0.2521654614137977,-0.1056671885257583,True,False
SENTINEL_IDENTITY,M2_AFFINE_RIDGE,8,32,776,-0.013911043594134975,-0.025084926471948377,-0.03751199798673581,-0.01019296973190412,False,False
REFERENCE_CONTEXT_IDENTITY,M2_AFFINE_RIDGE,8,32,776,-0.013911043594134975,-0.03355827552654711,-0.05171252607922004,-0.021785151578221015,True,False
INTERVENTION_IDENTITY,M2_AFFINE_RIDGE,8,64,808,-0.013816668277079502,-0.0346904938542143,-0.04771723157119756,-0.02344439950664849,True,False
CONTEXT_IDENTITY,M2_AFFINE_RIDGE,8,64,808,-0.013816668277079502,-0.16272268200089224,-0.25385461374392415,-0.10632082891886813,True,False
SENTINEL_IDENTITY,M2_AFFINE_RIDGE,8,64,808,-0.013816668277079502,-0.023390432699078367,-0.03568803254362357,-0.008566241636828354,False,False
REFERENCE_CONTEXT_IDENTITY,M2_AFFINE_RIDGE,8,64,808,-0.013816668277079502,-0.03462433001827758,-0.053380164203973415,-0.022976643036124417,True,False
INTERVENTION_IDENTITY,M2_AFFINE_RIDGE,8,80,824,-0.013689349968334374,-0.03464379725777311,-0.047703646337190986,-0.023393592756219796,True,False
CONTEXT_IDENTITY,M2_AFFINE_RIDGE,8,80,824,-0.013689349968334374,-0.1631073245206316,-0.2543938029915166,-0.10667139143041765,True,False
SENTINEL_IDENTITY,M2_AFFINE_RIDGE,8,80,824,-0.013689349968334374,-0.023089789632558366,-0.03534563395810602,-0.008282961583455165,False,False
REFERENCE_CONTEXT_IDENTITY,M2_AFFINE_RIDGE,8,80,824,-0.013689349968334374,-0.03444644737458802,-0.05273532337157641,-0.023059903887208615,True,False
INTERVENTION_IDENTITY,M2_AFFINE_RIDGE,8,92,836,-0.013757547493897127,-0.03474481473018498,-0.04781622235927608,-0.023534047544217316,True,False
CONTEXT_IDENTITY,M2_AFFINE_RIDGE,8,92,836,-0.013757547493897127,-0.16342407935338965,-0.25507717993082246,-0.10680387550477273,True,False
SENTINEL_IDENTITY,M2_AFFINE_RIDGE,8,92,836,-0.013757547493897127,-0.023117033464945314,-0.035396465964549505,-0.008316047025996413,False,False
REFERENCE_CONTEXT_IDENTITY,M2_AFFINE_RIDGE,8,92,836,-0.013757547493897127,-0.03463657312371238,-0.053248545531121426,-0.023191981393972085,True,False
INTERVENTION_IDENTITY,M2_AFFINE_RIDGE,16,0,1488,0.0,0.0,0.0,0.0,False,False
CONTEXT_IDENTITY,M2_AFFINE_RIDGE,16,0,1488,0.0,0.0,0.0,0.0,False,False
SENTINEL_IDENTITY,M2_AFFINE_RIDGE,16,0,1488,0.0,0.0,0.0,0.0,False,False
REFERENCE_CONTEXT_IDENTITY,M2_AFFINE_RIDGE,16,0,1488,0.0,0.0,0.0,0.0,False,False
INTERVENTION_IDENTITY,M2_AFFINE_RIDGE,16,1,1489,0.01843615195160675,-0.006721442879761286,-0.017466919186002232,0.011622276486778878,True,False
CONTEXT_IDENTITY,M2_AFFINE_RIDGE,16,1,1489,0.01843615195160675,-0.19624675794584223,-0.3226737848535289,-0.11279016069072091,True,False
SENTINEL_IDENTITY,M2_AFFINE_RIDGE,16,1,1489,0.01843615195160675,-0.0003296668402235081,-0.014736189125965587,0.02369942253254881,False,False
REFERENCE_CONTEXT_IDENTITY,M2_AFFINE_RIDGE,16,1,1489,0.01843615195160675,-0.0216798539507288,-0.03333356793124924,-0.015094329142266336,True,False
INTERVENTION_IDENTITY,M2_AFFINE_RIDGE,16,2,1490,0.02072444411872565,-0.006766781564826241,-0.01735469234966988,0.012141882225709222,True,False
CONTEXT_IDENTITY,M2_AFFINE_RIDGE,16,2,1490,0.02072444411872565,-0.2259924287429238,-0.36231639831415413,-0.13811607944439855,True,False
SENTINEL_IDENTITY,M2_AFFINE_RIDGE,16,2,1490,0.02072444411872565,-0.0011920473754170047,-0.015945555476253398,0.027032599388452327,False,False
REFERENCE_CONTEXT_IDENTITY,M2_AFFINE_RIDGE,16,2,1490,0.02072444411872565,-0.02297026689574455,-0.0343500961380383,-0.016073715428579785,True,False
INTERVENTION_IDENTITY,M2_AFFINE_RIDGE,16,4,1492,0.022237595075785488,-0.007883371897184688,-0.01752910983590537,0.0064045934611671,True,True
CONTEXT_IDENTITY,M2_AFFINE_RIDGE,16,4,1492,0.022237595075785488,-0.24109897616180587,-0.38339699569958935,-0.15192021940015762,True,True
SENTINEL_IDENTITY,M2_AFFINE_RIDGE,16,4,1492,0.022237595075785488,-0.0024866405982404416,-0.015023747135465403,0.01783331298771738,True,True
REFERENCE_CONTEXT_IDENTITY,M2_AFFINE_RIDGE,16,4,1492,0.022237595075785488,-0.025724946526267445,-0.040910182511917095,-0.01779523869930673,True,True
INTERVENTION_IDENTITY,M2_AFFINE_RIDGE,16,8,1496,0.02411093436081535,-0.007928491098968315,-0.01753570863025981,0.003990062137641753,True,True
CONTEXT_IDENTITY,M2_AFFINE_RIDGE,16,8,1496,0.02411093436081535,-0.25909140173069867,-0.41075235099197593,-0.1676115452889527,True,True
SENTINEL_IDENTITY,M2_AFFINE_RIDGE,16,8,1496,0.02411093436081535,-0.002689290295808,-0.01511079482583042,0.015645623143121935,True,True
REFERENCE_CONTEXT_IDENTITY,M2_AFFINE_RIDGE,16,8,1496,0.02411093436081535,-0.026422709867028216,-0.03939423223555921,-0.018862334322662582,True,True
INTERVENTION_IDENTITY,M2_AFFINE_RIDGE,16,16,1504,0.026182673407647683,-0.007516797222397287,-0.01734530356578179,0.004232300055420966,True,True
CONTEXT_IDENTITY,M2_AFFINE_RIDGE,16,16,1504,0.026182673407647683,-0.26925076465881914,-0.42587551386985983,-0.17627428805531012,True,True
SENTINEL_IDENTITY,M2_AFFINE_RIDGE,16,16,1504,0.026182673407647683,-0.001882427552405419,-0.014510941501550495,0.01717443146339299,True,True
REFERENCE_CONTEXT_IDENTITY,M2_AFFINE_RIDGE,16,16,1504,0.026182673407647683,-0.026795436126720862,-0.038630502392825936,-0.018981058801997602,True,True
INTERVENTION_IDENTITY,M2_AFFINE_RIDGE,16,32,1520,0.028923556178269028,-0.005827918086518169,-0.01544329242687184,0.007055500856572691,True,True
CONTEXT_IDENTITY,M2_AFFINE_RIDGE,16,32,1520,0.028923556178269028,-0.27463041713046454,-0.43446164282695376,-0.18129989965173277,True,True
SENTINEL_IDENTITY,M2_AFFINE_RIDGE,16,32,1520,0.028923556178269028,0.0025488727774974906,-0.010989930202595326,0.024054666217681958,True,True
REFERENCE_CONTEXT_IDENTITY,M2_AFFINE_RIDGE,16,32,1520,0.028923556178269028,-0.027178941382959287,-0.04018595437980573,-0.019205734867824304,True,True
INTERVENTION_IDENTITY,M2_AFFINE_RIDGE,16,64,1552,0.029896408738083635,-0.005542398984431651,-0.015056530227124405,0.007317121250727767,True,True
CONTEXT_IDENTITY,M2_AFFINE_RIDGE,16,64,1552,0.029896408738083635,-0.2782418015644199,-0.43955922661131624,-0.18452724253999317,True,True
SENTINEL_IDENTITY,M2_AFFINE_RIDGE,16,64,1552,0.029896408738083635,0.005306374339735798,-0.008750828759724678,0.027680719988977052,True,True
REFERENCE_CONTEXT_IDENTITY,M2_AFFINE_RIDGE,16,64,1552,0.029896408738083635,-0.026920745520928824,-0.03963702687998268,-0.019285700993076554,True,True
INTERVENTION_IDENTITY,M2_AFFINE_RIDGE,16,80,1568,0.030209671287876105,-0.005367973828229733,-0.014907209881933664,0.007331506032828102,True,True
CONTEXT_IDENTITY,M2_AFFINE_RIDGE,16,80,1568,0.030209671287876105,-0.2790980846447968,-0.44107946758127475,-0.18485899038955841,True,True
SENTINEL_IDENTITY,M2_AFFINE_RIDGE,16,80,1568,0.030209671287876105,0.005877636925405771,-0.00818670124787662,0.028472381375210423,True,True
REFERENCE_CONTEXT_IDENTITY,M2_AFFINE_RIDGE,16,80,1568,0.030209671287876105,-0.026319796043253074,-0.0386860100032614,-0.018912600722706445,True,True
INTERVENTION_IDENTITY,M2_AFFINE_RIDGE,16,92,1580,0.030225617832310037,-0.005374138087687941,-0.014846573341504753,0.007496633026235977,True,True
CONTEXT_IDENTITY,M2_AFFINE_RIDGE,16,92,1580,0.030225617832310037,-0.2796617214200061,-0.4420615706318947,-0.18537232232825981,True,True
SENTINEL_IDENTITY,M2_AFFINE_RIDGE,16,92,1580,0.030225617832310037,0.006298121997282746,-0.007860269326691904,0.029292266569991093,True,True
REFERENCE_CONTEXT_IDENTITY,M2_AFFINE_RIDGE,16,92,1580,0.030225617832310037,-0.026374338205488845,-0.039195085740605,-0.018885584576744358,True,True
INTERVENTION_IDENTITY,M2_AFFINE_RIDGE,24,0,2232,-2.220446049250313e-16,0.0,0.0,0.0,False,False
CONTEXT_IDENTITY,M2_AFFINE_RIDGE,24,0,2232,-2.220446049250313e-16,-2.220446049250313e-16,-4.440892098500626e-16,1.1102230246251565e-16,False,False
SENTINEL_IDENTITY,M2_AFFINE_RIDGE,24,0,2232,-2.220446049250313e-16,-2.220446049250313e-16,-4.440892098500626e-16,1.1102230246251565e-16,False,False
REFERENCE_CONTEXT_IDENTITY,M2_AFFINE_RIDGE,24,0,2232,-2.220446049250313e-16,-2.220446049250313e-16,-4.440892098500626e-16,1.1102230246251565e-16,False,False
INTERVENTION_IDENTITY,M2_AFFINE_RIDGE,24,1,2233,0.03966538537007558,0.007421327056177818,-0.0035574639564611653,0.029807488030691585,True,False
CONTEXT_IDENTITY,M2_AFFINE_RIDGE,24,1,2233,0.03966538537007558,-0.28856114030307545,-0.46472401835340726,-0.19030219478226978,True,False
SENTINEL_IDENTITY,M2_AFFINE_RIDGE,24,1,2233,0.03966538537007558,0.01395971506947935,-0.0009753253927818169,0.04154864368015727,False,False
REFERENCE_CONTEXT_IDENTITY,M2_AFFINE_RIDGE,24,1,2233,0.03966538537007558,-0.018516230524400434,-0.028968486807809123,-0.01244560370151078,True,False
INTERVENTION_IDENTITY,M2_AFFINE_RIDGE,24,2,2234,0.04351056417856991,0.0067898934660991506,-0.003490932000908808,0.02702890798570055,True,False
CONTEXT_IDENTITY,M2_AFFINE_RIDGE,24,2,2234,0.04351056417856991,-0.3456031904233394,-0.5455917974669091,-0.2402578918434769,True,False
SENTINEL_IDENTITY,M2_AFFINE_RIDGE,24,2,2234,0.04351056417856991,0.014033172216257994,-0.0021301853818569134,0.04634225030080365,False,False
REFERENCE_CONTEXT_IDENTITY,M2_AFFINE_RIDGE,24,2,2234,0.04351056417856991,-0.02006576801692761,-0.030754266859423913,-0.013656702711218695,True,False
INTERVENTION_IDENTITY,M2_AFFINE_RIDGE,24,4,2236,0.046168883774693525,0.0053541078307789425,-0.003753728427898356,0.020058453107918543,True,True
CONTEXT_IDENTITY,M2_AFFINE_RIDGE,24,4,2236,0.046168883774693525,-0.38980260045786763,-0.6080476371665091,-0.2812360390235332,True,True
SENTINEL_IDENTITY,M2_AFFINE_RIDGE,24,4,2236,0.046168883774693525,0.01122389440581828,-0.0017475548227960877,0.03281764753588882,True,True
REFERENCE_CONTEXT_IDENTITY,M2_AFFINE_RIDGE,24,4,2236,0.046168883774693525,-0.023417689383026907,-0.03646613651721496,-0.01643915333405461,True,True
INTERVENTION_IDENTITY,M2_AFFINE_RIDGE,24,8,2240,0.04804273439569062,0.00470479815006819,-0.0040886036991182205,0.014996427779774587,True,True
CONTEXT_IDENTITY,M2_AFFINE_RIDGE,24,8,2240,0.04804273439569062,-0.41621911126094324,-0.6488681028191033,-0.30394424340006115,True,True
SENTINEL_IDENTITY,M2_AFFINE_RIDGE,24,8,2240,0.04804273439569062,0.009268781073758725,-0.0038195440576492433,0.026154936235329142,True,True
REFERENCE_CONTEXT_IDENTITY,M2_AFFINE_RIDGE,24,8,2240,0.04804273439569062,-0.02561245476903995,-0.037808574432526124,-0.019053807113681646,True,True
INTERVENTION_IDENTITY,M2_AFFINE_RIDGE,24,16,2248,0.05104079262945482,0.005241674821211073,-0.0037811993807128517,0.015484225421388184,True,True
CONTEXT_IDENTITY,M2_AFFINE_RIDGE,24,16,2248,0.05104079262945482,-0.4336883989521101,-0.6744379861805971,-0.3194518422464683,True,True
SENTINEL_IDENTITY,M2_AFFINE_RIDGE,24,16,2248,0.05104079262945482,0.009731393645891151,-0.0036400773540331164,0.028287738224177694,True,True
REFERENCE_CONTEXT_IDENTITY,M2_AFFINE_RIDGE,24,16,2248,0.05104079262945482,-0.026303722217717818,-0.036263014720537765,-0.019884591405680736,True,True
INTERVENTION_IDENTITY,M2_AFFINE_RIDGE,24,32,2264,0.05467146018838476,0.007679656183440686,-0.0011923467606626324,0.019397488161608627,True,True
CONTEXT_IDENTITY,M2_AFFINE_RIDGE,24,32,2264,0.05467146018838476,-0.44180709450826305,-0.6875806112912916,-0.32635258305617626,True,True
SENTINEL_IDENTITY,M2_AFFINE_RIDGE,24,32,2264,0.05467146018838476,0.015176527420680763,0.0010471607061220912,0.03783699973685478,True,True
REFERENCE_CONTEXT_IDENTITY,M2_AFFINE_RIDGE,24,32,2264,0.05467146018838476,-0.027155678367257075,-0.041227119573970315,-0.020036483378778752,True,True
INTERVENTION_IDENTITY,M2_AFFINE_RIDGE,24,64,2296,0.05553998453432807,0.00803299069316643,-0.0006209437497226019,0.019216745062096943,True,True
CONTEXT_IDENTITY,M2_AFFINE_RIDGE,24,64,2296,0.05553998453432807,-0.4471524439759236,-0.6949449557636119,-0.3309253985163055,True,True
SENTINEL_IDENTITY,M2_AFFINE_RIDGE,24,64,2296,0.05553998453432807,0.019121860901958,0.003920585722669493,0.043321537148625314,True,True
REFERENCE_CONTEXT_IDENTITY,M2_AFFINE_RIDGE,24,64,2296,0.05553998453432807,-0.026308225111357553,-0.0394912671758838,-0.019453205848939788,True,True
INTERVENTION_IDENTITY,M2_AFFINE_RIDGE,24,80,2312,0.056201771086163976,0.008428763620633495,-0.00025896716949478336,0.019783655301389473,True,True
CONTEXT_IDENTITY,M2_AFFINE_RIDGE,24,80,2312,0.056201771086163976,-0.44851873280913623,-0.6969517675298798,-0.331981417888559,True,True
SENTINEL_IDENTITY,M2_AFFINE_RIDGE,24,80,2312,0.056201771086163976,0.019616546635253473,0.00451316040003936,0.043884297828633505,True,True
REFERENCE_CONTEXT_IDENTITY,M2_AFFINE_RIDGE,24,80,2312,0.056201771086163976,-0.025901527073720176,-0.03924883636096528,-0.019131803109267424,True,True
INTERVENTION_IDENTITY,M2_AFFINE_RIDGE,24,92,2324,0.05632432804709819,0.008449855835638842,-0.00023807993932350446,0.019746647046007215,True,True
CONTEXT_IDENTITY,M2_AFFINE_RIDGE,24,92,2324,0.05632432804709819,-0.4493265404346809,-0.6980622940697541,-0.33260393660914467,True,True
SENTINEL_IDENTITY,M2_AFFINE_RIDGE,24,92,2324,0.05632432804709819,0.020167283849952256,0.004894109307776931,0.04464769308955236,True,True
REFERENCE_CONTEXT_IDENTITY,M2_AFFINE_RIDGE,24,92,2324,0.05632432804709819,-0.025986260144167384,-0.03971329203284691,-0.019091507861439854,True,True
INTERVENTION_IDENTITY,M2_AFFINE_RIDGE,32,0,2976,0.0,0.0,0.0,0.0,False,False
CONTEXT_IDENTITY,M2_AFFINE_RIDGE,32,0,2976,0.0,0.0,0.0,0.0,False,False
SENTINEL_IDENTITY,M2_AFFINE_RIDGE,32,0,2976,0.0,0.0,0.0,0.0,False,False
REFERENCE_CONTEXT_IDENTITY,M2_AFFINE_RIDGE,32,0,2976,0.0,0.0,0.0,0.0,False,False
INTERVENTION_IDENTITY,M2_AFFINE_RIDGE,32,1,2977,0.05629190526392169,0.015587002123884863,0.005518907981180499,0.035212871449391545,True,True
CONTEXT_IDENTITY,M2_AFFINE_RIDGE,32,1,2977,0.05629190526392169,-0.34303169211155415,-0.564233382238544,-0.2287560904051925,True,True
SENTINEL_IDENTITY,M2_AFFINE_RIDGE,32,1,2977,0.05629190526392169,0.0223292174959675,0.008117743468013605,0.04513858000656181,True,True
REFERENCE_CONTEXT_IDENTITY,M2_AFFINE_RIDGE,32,1,2977,0.05629190526392169,-0.01714822233137303,-0.024201702254305395,-0.012298807469447132,True,True
INTERVENTION_IDENTITY,M2_AFFINE_RIDGE,32,2,2978,0.06228273504363302,0.015700525110516894,0.005845571559504459,0.03526002065676749,True,True
CONTEXT_IDENTITY,M2_AFFINE_RIDGE,32,2,2978,0.06228273504363302,-0.429180701217434,-0.6869273583188765,-0.3042730374862173,True,True
SENTINEL_IDENTITY,M2_AFFINE_RIDGE,32,2,2978,0.06228273504363302,0.024173281463476415,0.008163305246572937,0.05584242576623096,True,True
REFERENCE_CONTEXT_IDENTITY,M2_AFFINE_RIDGE,32,2,2978,0.06228273504363302,-0.017972120181679596,-0.02422249293446757,-0.01239822254962298,True,True
INTERVENTION_IDENTITY,M2_AFFINE_RIDGE,32,4,2980,0.06581331588919437,0.013736206621394742,0.004837062715350673,0.02743279493367245,True,True
CONTEXT_IDENTITY,M2_AFFINE_RIDGE,32,4,2980,0.06581331588919437,-0.49620142376338805,-0.7892554849718361,-0.3622367354441849,True,True
SENTINEL_IDENTITY,M2_AFFINE_RIDGE,32,4,2980,0.06581331588919437,0.022040025392772167,0.008363611682226015,0.044734262222591435,True,True
REFERENCE_CONTEXT_IDENTITY,M2_AFFINE_RIDGE,32,4,2980,0.06581331588919437,-0.021580330865135,-0.029560793893905833,-0.015160923274193308,True,True
INTERVENTION_IDENTITY,M2_AFFINE_RIDGE,32,8,2984,0.06786952531197432,0.012220347616645921,0.00215144362722646,0.02140741674036949,True,True
CONTEXT_IDENTITY,M2_AFFINE_RIDGE,32,8,2984,0.06786952531197432,-0.5357543049449573,-0.8539719679487666,-0.39389884654682655,True,True
SENTINEL_IDENTITY,M2_AFFINE_RIDGE,32,8,2984,0.06786952531197432,0.019599527186516252,0.005253487962022277,0.037396217511455714,True,True
REFERENCE_CONTEXT_IDENTITY,M2_AFFINE_RIDGE,32,8,2984,0.06786952531197432,-0.024164483025268302,-0.03284241029519554,-0.017683625585503366,True,True
INTERVENTION_IDENTITY,M2_AFFINE_RIDGE,32,16,2992,0.07132512304520777,0.01248061719057314,0.001881882160446444,0.021824990142652767,True,True
CONTEXT_IDENTITY,M2_AFFINE_RIDGE,32,16,2992,0.07132512304520777,-0.558023829776483,-0.8903350583954268,-0.4129107345672358,True,True
SENTINEL_IDENTITY,M2_AFFINE_RIDGE,32,16,2992,0.07132512304520777,0.019005615152463684,0.004486920774674658,0.0380456157673191,True,True
REFERENCE_CONTEXT_IDENTITY,M2_AFFINE_RIDGE,32,16,2992,0.07132512304520777,-0.025068029617752563,-0.03519350301902781,-0.01665309664317615,True,True
INTERVENTION_IDENTITY,M2_AFFINE_RIDGE,32,32,3008,0.07628857907517139,0.015605346511254004,0.006401589850559622,0.025593341220921145,True,True
CONTEXT_IDENTITY,M2_AFFINE_RIDGE,32,32,3008,0.07628857907517139,-0.5686265538132378,-0.9070193964328706,-0.4223111508220084,True,True
SENTINEL_IDENTITY,M2_AFFINE_RIDGE,32,32,3008,0.07628857907517139,0.024820646043883565,0.008803144169177237,0.04904230479723957,True,True
REFERENCE_CONTEXT_IDENTITY,M2_AFFINE_RIDGE,32,32,3008,0.07628857907517139,-0.02569393398157671,-0.03586789032121369,-0.018492088288116396,True,True
INTERVENTION_IDENTITY,M2_AFFINE_RIDGE,32,64,3040,0.07746055181831946,0.01619233136659126,0.006959139766269437,0.02578798423838588,True,True
CONTEXT_IDENTITY,M2_AFFINE_RIDGE,32,64,3040,0.07746055181831946,-0.5759420165348796,-0.9180640259268742,-0.4287104196979015,True,True
SENTINEL_IDENTITY,M2_AFFINE_RIDGE,32,64,3040,0.07746055181831946,0.02914621114442484,0.012237425565436194,0.0550511891340498,True,True
REFERENCE_CONTEXT_IDENTITY,M2_AFFINE_RIDGE,32,64,3040,0.07746055181831946,-0.02408004400411734,-0.03303426611272729,-0.01731696146536268,True,True
INTERVENTION_IDENTITY,M2_AFFINE_RIDGE,32,80,3056,0.07814986170726856,0.016487142272477384,0.00721324884562122,0.02603492065184869,True,True
CONTEXT_IDENTITY,M2_AFFINE_RIDGE,32,80,3056,0.07814986170726856,-0.577798644773778,-0.9213037126195661,-0.4303154944262632,True,True
SENTINEL_IDENTITY,M2_AFFINE_RIDGE,32,80,3056,0.07814986170726856,0.029872779410452965,0.012954228259180394,0.0558694334360939,True,True
REFERENCE_CONTEXT_IDENTITY,M2_AFFINE_RIDGE,32,80,3056,0.07814986170726856,-0.023770584451358046,-0.03269665420738834,-0.017280530968333395,True,True
INTERVENTION_IDENTITY,M2_AFFINE_RIDGE,32,92,3068,0.07840683212197341,0.016629084702601493,0.0074355348605759765,0.026209208967869064,True,True
CONTEXT_IDENTITY,M2_AFFINE_RIDGE,32,92,3068,0.07840683212197341,-0.5787706276476396,-0.923144480608377,-0.43106134534096346,True,True
SENTINEL_IDENTITY,M2_AFFINE_RIDGE,32,92,3068,0.07840683212197341,0.030577644167536278,0.01350034027962522,0.05685615857702524,True,True
REFERENCE_CONTEXT_IDENTITY,M2_AFFINE_RIDGE,32,92,3068,0.07840683212197341,-0.023778258237404648,-0.03282159929087643,-0.017293051128890666,True,True
INTERVENTION_IDENTITY,M2_AFFINE_RIDGE,40,0,3720,1.1102230246251565e-16,0.0,0.0,0.0,True,False
CONTEXT_IDENTITY,M2_AFFINE_RIDGE,40,0,3720,1.1102230246251565e-16,1.1102230246251565e-16,-2.220446049250313e-16,3.3306690738754696e-16,False,False
SENTINEL_IDENTITY,M2_AFFINE_RIDGE,40,0,3720,1.1102230246251565e-16,1.1102230246251565e-16,-2.220446049250313e-16,3.3306690738754696e-16,False,False
REFERENCE_CONTEXT_IDENTITY,M2_AFFINE_RIDGE,40,0,3720,1.1102230246251565e-16,1.1102230246251565e-16,-2.220446049250313e-16,3.3306690738754696e-16,False,False
INTERVENTION_IDENTITY,M2_AFFINE_RIDGE,40,1,3721,0.06835367800855818,0.020979508650355805,0.01119768440573853,0.03902539761677748,True,True
CONTEXT_IDENTITY,M2_AFFINE_RIDGE,40,1,3721,0.06835367800855818,-0.42383406302336213,-0.7032154682576347,-0.2884845649248914,True,True
SENTINEL_IDENTITY,M2_AFFINE_RIDGE,40,1,3721,0.06835367800855818,0.030150755580283906,0.015228161762375972,0.052367769415311405,True,True
REFERENCE_CONTEXT_IDENTITY,M2_AFFINE_RIDGE,40,1,3721,0.06835367800855818,-0.013238741436183199,-0.018415418312948066,-0.007259153455911249,True,True
INTERVENTION_IDENTITY,M2_AFFINE_RIDGE,40,2,3722,0.07667128657442202,0.022043508165205172,0.011901314358152773,0.04165314574531366,True,True
CONTEXT_IDENTITY,M2_AFFINE_RIDGE,40,2,3722,0.07667128657442202,-0.5351216125126499,-0.8703135503490722,-0.38658405335913787,True,True
SENTINEL_IDENTITY,M2_AFFINE_RIDGE,40,2,3722,0.07667128657442202,0.033314831131907585,0.01620814864329931,0.06695380166888885,True,True
REFERENCE_CONTEXT_IDENTITY,M2_AFFINE_RIDGE,40,2,3722,0.07667128657442202,-0.01690530463594775,-0.02385883272123839,-0.011040615726989323,True,True
INTERVENTION_IDENTITY,M2_AFFINE_RIDGE,40,4,3724,0.08029583204114876,0.018848714206986195,0.009169217170316008,0.03148106878702221,True,True
CONTEXT_IDENTITY,M2_AFFINE_RIDGE,40,4,3724,0.08029583204114876,-0.6242934571200496,-1.0040092947979251,-0.4622071760093009,True,True
SENTINEL_IDENTITY,M2_AFFINE_RIDGE,40,4,3724,0.08029583204114876,0.030143778231772278,0.015472001001227524,0.0535670205524837,True,True
REFERENCE_CONTEXT_IDENTITY,M2_AFFINE_RIDGE,40,4,3724,0.08029583204114876,-0.01931544772949878,-0.027481176823510044,-0.012298813247381907,True,True
INTERVENTION_IDENTITY,M2_AFFINE_RIDGE,40,8,3728,0.08246727107885199,0.016791770602230915,0.004335362057910081,0.02612162144815413,True,True
CONTEXT_IDENTITY,M2_AFFINE_RIDGE,40,8,3728,0.08246727107885199,-0.6739759330632489,-1.0811040067830717,-0.5032653463293418,True,True
SENTINEL_IDENTITY,M2_AFFINE_RIDGE,40,8,3728,0.08246727107885199,0.026354205932139108,0.01055025860280236,0.04433544532003468,True,True
REFERENCE_CONTEXT_IDENTITY,M2_AFFINE_RIDGE,40,8,3728,0.08246727107885199,-0.02159680707119871,-0.029560629583235454,-0.014715152870781135,True,True
INTERVENTION_IDENTITY,M2_AFFINE_RIDGE,40,16,3736,0.08658595760720933,0.016507093502506898,0.0029297213340798212,0.026380719076848958,True,True
CONTEXT_IDENTITY,M2_AFFINE_RIDGE,40,16,3736,0.08658595760720933,-0.7022051892645651,-1.126477999067329,-0.5279606863700235,True,True
SENTINEL_IDENTITY,M2_AFFINE_RIDGE,40,16,3736,0.08658595760720933,0.024552240698559213,0.007808214158908522,0.04447136407435818,True,True
REFERENCE_CONTEXT_IDENTITY,M2_AFFINE_RIDGE,40,16,3736,0.08658595760720933,-0.023407814507519165,-0.03399067420192243,-0.014729343054760593,True,True
INTERVENTION_IDENTITY,M2_AFFINE_RIDGE,40,32,3752,0.09192311842189294,0.01984732731969019,0.008519042023534349,0.029403371312541584,True,True
CONTEXT_IDENTITY,M2_AFFINE_RIDGE,40,32,3752,0.09192311842189294,-0.7151742384082336,-1.1460074598853418,-0.5384835040872263,True,True
SENTINEL_IDENTITY,M2_AFFINE_RIDGE,40,32,3752,0.09192311842189294,0.02981260002496111,0.012858546609718104,0.05364736363956007,True,True
REFERENCE_CONTEXT_IDENTITY,M2_AFFINE_RIDGE,40,32,3752,0.09192311842189294,-0.023918513444275202,-0.03411634406662254,-0.016446276097126605,True,True
INTERVENTION_IDENTITY,M2_AFFINE_RIDGE,40,64,3784,0.09371697515421074,0.020816355905144746,0.009302931848626603,0.03032081432517341,True,True
CONTEXT_IDENTITY,M2_AFFINE_RIDGE,40,64,3784,0.09371697515421074,-0.7236388076071703,-1.1612267360239739,-0.546080203340942,True,True
SENTINEL_IDENTITY,M2_AFFINE_RIDGE,40,64,3784,0.09371697515421074,0.034717022777073114,0.016724938513940725,0.06037729780758537,True,True
REFERENCE_CONTEXT_IDENTITY,M2_AFFINE_RIDGE,40,64,3784,0.09371697515421074,-0.022802762167889012,-0.0314045159918703,-0.016255750400796156,True,True
INTERVENTION_IDENTITY,M2_AFFINE_RIDGE,40,80,3800,0.09445793886656662,0.021084459760470353,0.009464872654467873,0.030529824115768427,True,True
CONTEXT_IDENTITY,M2_AFFINE_RIDGE,40,80,3800,0.09445793886656662,-0.7258767087697271,-1.165620329065051,-0.5478028386627899,True,True
SENTINEL_IDENTITY,M2_AFFINE_RIDGE,40,80,3800,0.09445793886656662,0.035677864853025376,0.017494551350033673,0.06155644504770173,True,True
REFERENCE_CONTEXT_IDENTITY,M2_AFFINE_RIDGE,40,80,3800,0.09445793886656662,-0.02247990409491263,-0.031120058673912415,-0.01624973670819909,True,True
INTERVENTION_IDENTITY,M2_AFFINE_RIDGE,40,92,3812,0.09483545187037024,0.021378304572159057,0.010129513622410824,0.03078765155201781,True,True
CONTEXT_IDENTITY,M2_AFFINE_RIDGE,40,92,3812,0.09483545187037024,-0.7269540471096942,-1.1675855245304207,-0.5486533938926477,True,True
SENTINEL_IDENTITY,M2_AFFINE_RIDGE,40,92,3812,0.09483545187037024,0.03655419083483047,0.018420185687939537,0.06261588249691274,True,True
REFERENCE_CONTEXT_IDENTITY,M2_AFFINE_RIDGE,40,92,3812,0.09483545187037024,-0.0224658546762202,-0.03144454579397855,-0.016322781391335955,True,True
INTERVENTION_IDENTITY,M2_AFFINE_RIDGE,49,0,4557,0.0,0.0,0.0,0.0,False,False
CONTEXT_IDENTITY,M2_AFFINE_RIDGE,49,0,4557,0.0,0.0,-2.220446049250313e-16,3.3306690738754696e-16,False,False
SENTINEL_IDENTITY,M2_AFFINE_RIDGE,49,0,4557,0.0,0.0,-2.220446049250313e-16,3.3306690738754696e-16,False,False
REFERENCE_CONTEXT_IDENTITY,M2_AFFINE_RIDGE,49,0,4557,0.0,0.0,-2.220446049250313e-16,3.3306690738754696e-16,False,False
INTERVENTION_IDENTITY,M2_AFFINE_RIDGE,49,1,4558,0.07276200128776211,0.022763322720891432,0.01392216128417754,0.0367863657840089,True,True
CONTEXT_IDENTITY,M2_AFFINE_RIDGE,49,1,4558,0.07276200128776211,-0.3900719098958849,-0.6392004621659397,-0.2635799884149378,True,True
SENTINEL_IDENTITY,M2_AFFINE_RIDGE,49,1,4558,0.07276200128776211,0.03419905248685429,0.01912205157243872,0.05686716973296224,True,True
REFERENCE_CONTEXT_IDENTITY,M2_AFFINE_RIDGE,49,1,4558,0.07276200128776211,-0.009672575097808167,-0.014923217940850714,-0.004428787111502238,True,True
INTERVENTION_IDENTITY,M2_AFFINE_RIDGE,49,2,4559,0.08496947664304277,0.024870771678338954,0.015239317124296149,0.041597880898889494,True,True
CONTEXT_IDENTITY,M2_AFFINE_RIDGE,49,2,4559,0.08496947664304277,-0.5788284187478734,-0.9245997652505369,-0.42490527523956806,True,True
SENTINEL_IDENTITY,M2_AFFINE_RIDGE,49,2,4559,0.08496947664304277,0.038519371744677344,0.020950750758522,0.07145736107316278,True,True
REFERENCE_CONTEXT_IDENTITY,M2_AFFINE_RIDGE,49,2,4559,0.08496947664304277,-0.012475398527894255,-0.018608036304702313,-0.007181721869692438,True,True
INTERVENTION_IDENTITY,M2_AFFINE_RIDGE,49,4,4561,0.09089925908212859,0.02164431783508658,0.009288022181875832,0.033891337514925575,True,True
CONTEXT_IDENTITY,M2_AFFINE_RIDGE,49,4,4561,0.09089925908212859,-0.7263840714146028,-1.1527140408550158,-0.5516468973743202,True,True
SENTINEL_IDENTITY,M2_AFFINE_RIDGE,49,4,4561,0.09089925908212859,0.03472021073106035,0.019256331774522774,0.05654250965023707,True,True
REFERENCE_CONTEXT_IDENTITY,M2_AFFINE_RIDGE,49,4,4561,0.09089925908212859,-0.01490548750530718,-0.02155857664591721,-0.008097144565422262,True,True
INTERVENTION_IDENTITY,M2_AFFINE_RIDGE,49,8,4565,0.094521683035375,0.01890672192841658,-0.00020686951905805914,0.030147406776034842,True,True
CONTEXT_IDENTITY,M2_AFFINE_RIDGE,49,8,4565,0.094521683035375,-0.8303019038883115,-1.3191376728993356,-0.638853191982384,True,True
SENTINEL_IDENTITY,M2_AFFINE_RIDGE,49,8,4565,0.094521683035375,0.030438727317403935,0.01204045529321683,0.048858663549621144,True,True
REFERENCE_CONTEXT_IDENTITY,M2_AFFINE_RIDGE,49,8,4565,0.094521683035375,-0.017937853564050865,-0.024880376263134652,-0.010722968510779309,True,True
INTERVENTION_IDENTITY,M2_AFFINE_RIDGE,49,16,4573,0.10065799478567761,0.019049103775917176,-0.000838322785374229,0.030735358469009655,True,True
CONTEXT_IDENTITY,M2_AFFINE_RIDGE,49,16,4573,0.10065799478567761,-0.882294416201872,-1.3951570241693234,-0.6834235651678728,True,True
SENTINEL_IDENTITY,M2_AFFINE_RIDGE,49,16,4573,0.10065799478567761,0.02799430345327203,0.008508328445989989,0.04827813001170508,True,True
REFERENCE_CONTEXT_IDENTITY,M2_AFFINE_RIDGE,49,16,4573,0.10065799478567761,-0.02030728726743436,-0.03011812009156916,-0.010442147512353074,True,True
INTERVENTION_IDENTITY,M2_AFFINE_RIDGE,49,32,4589,0.10709911780383319,0.022612984388516,0.00640397182176016,0.033490219246289754,True,True
CONTEXT_IDENTITY,M2_AFFINE_RIDGE,49,32,4589,0.10709911780383319,-0.9132254756143552,-1.4410809565842138,-0.7092696327233162,True,True
SENTINEL_IDENTITY,M2_AFFINE_RIDGE,49,32,4589,0.10709911780383319,0.03266978715007929,0.013745399060466077,0.05539792295504459,True,True
REFERENCE_CONTEXT_IDENTITY,M2_AFFINE_RIDGE,49,32,4589,0.10709911780383319,-0.02107618745656925,-0.03056729257672535,-0.013134196837958995,True,True
INTERVENTION_IDENTITY,M2_AFFINE_RIDGE,49,64,4621,0.10931326596311242,0.023799062124973402,0.007156244331108905,0.0347221674480675,True,True
CONTEXT_IDENTITY,M2_AFFINE_RIDGE,49,64,4621,0.10931326596311242,-0.9292107270309804,-1.467240307162681,-0.7226523542979932,True,True
SENTINEL_IDENTITY,M2_AFFINE_RIDGE,49,64,4621,0.10931326596311242,0.03868646608082882,0.018871762640381522,0.06338977374881472,True,True
REFERENCE_CONTEXT_IDENTITY,M2_AFFINE_RIDGE,49,64,4621,0.10931326596311242,-0.019963207459861687,-0.028218142396811162,-0.012881445092718035,True,True
INTERVENTION_IDENTITY,M2_AFFINE_RIDGE,49,80,4637,0.11022183039024325,0.02420903550981013,0.007653343803156645,0.035034376300383745,True,True
CONTEXT_IDENTITY,M2_AFFINE_RIDGE,49,80,4637,0.11022183039024325,-0.9323935872343052,-1.4725675430810965,-0.7254089010171396,True,True
SENTINEL_IDENTITY,M2_AFFINE_RIDGE,49,80,4637,0.11022183039024325,0.03981965441380064,0.02004554185881968,0.0649383156963629,True,True
REFERENCE_CONTEXT_IDENTITY,M2_AFFINE_RIDGE,49,80,4637,0.11022183039024325,-0.019799737121297234,-0.02816282113102076,-0.013015014026023099,True,True
INTERVENTION_IDENTITY,M2_AFFINE_RIDGE,49,92,4649,0.11068053088808294,0.024699425349752113,0.010285322690980524,0.03569652367928105,True,True
CONTEXT_IDENTITY,M2_AFFINE_RIDGE,49,92,4649,0.11068053088808294,-0.9767089254601595,-1.6393124664456509,-0.539031564070546,True,True
SENTINEL_IDENTITY,M2_AFFINE_RIDGE,49,92,4649,0.11068053088808294,0.041052801599194666,0.021490793327803813,0.06745702624390415,True,True
REFERENCE_CONTEXT_IDENTITY,M2_AFFINE_RIDGE,49,92,4649,0.11068053088808294,-0.01737517214795914,-0.034437333672490994,0.016794167722807386,True,True
