line,ETOH,DEX,1000_genomes_id1,pop,pop2,paired,pairing_class
Line1,1,1,GM07000,CEU,EUR,True,one_to_one
Line10,0,0,HG01633,IBS,EUR,False,neither
Line101,1,1,HG00129,GBR,EUR,True,one_to_one
Line102,0,2,HG00131,GBR,EUR,False,DEX_only
Line103,1,0,HG00133,GBR,EUR,False,ETOH_only
Line104,1,1,HG00145,GBR,EUR,True,one_to_one
Line105,1,0,HG00156,GBR,EUR,False,ETOH_only
Line106,1,1,HG00178,FIN,EUR,True,one_to_one
Line107,1,1,HG00181,FIN,EUR,True,one_to_one
Line108,1,1,HG00309,FIN,EUR,True,one_to_one
Line109,0,1,HG00312,FIN,EUR,False,DEX_only
Line11,0,1,HG01776,IBS,EUR,False,DEX_only
Line110,1,1,HG00335,FIN,EUR,True,one_to_one
Line111,2,1,HG00358,FIN,EUR,True,two_ETOH_one_DEX
Line112,1,0,HG00365,FIN,EUR,False,ETOH_only
Line113,1,2,HG01523,IBS,EUR,True,one_ETOH_two_DEX
Line114,1,1,HG01526,IBS,EUR,True,one_to_one
Line115,1,1,HG01614,IBS,EUR,True,one_to_one
Line116,2,2,HG01622,IBS,EUR,True,two_to_two
Line117,1,1,HG01703,IBS,EUR,True,one_to_one
Line118,0,1,HG02666,GWD,AFR,False,DEX_only
Line119,1,1,HG02817,GWD,AFR,True,one_to_one
Line12,0,1,HG02466,GWD,AFR,False,DEX_only
Line120,0,1,HG02861,GWD,AFR,False,DEX_only
Line121,1,1,HG02869,GWD,AFR,True,one_to_one
Line122,1,1,HG02884,GWD,AFR,True,one_to_one
Line123,2,2,HG03105,ESN,AFR,True,two_to_two
Line124,0,1,HG03116,ESN,AFR,False,DEX_only
Line125,0,1,HG03128,ESN,AFR,False,DEX_only
Line126,1,1,GM12832,CEU,EUR,True,one_to_one
Line127,1,1,GM18503,YRI,AFR,True,one_to_one
Line128,2,2,GM18879,YRI,AFR,True,two_to_two
Line129,1,1,GM19350,LWK,AFR,True,one_to_one
Line13,1,1,HG02625,GWD,AFR,True,one_to_one
Line130,1,0,GM19377,LWK,AFR,False,ETOH_only
Line131,1,1,GM19385,LWK,AFR,True,one_to_one
Line132,1,1,GM19391,LWK,AFR,True,one_to_one
Line133,1,1,GM19452,LWK,AFR,True,one_to_one
Line134,1,1,GM20759,TSI,EUR,True,one_to_one
Line135,1,1,GM20760,TSI,EUR,True,one_to_one
Line136,1,1,GM20766,TSI,EUR,True,one_to_one
Line137,1,1,GM20790,TSI,EUR,True,one_to_one
Line138,2,1,GM20813,TSI,EUR,True,two_ETOH_one_DEX
Line139,1,1,HG00256,GBR,EUR,True,one_to_one
Line14,1,1,HG02642,GWD,AFR,True,one_to_one
Line140,0,1,HG03082,MSL,AFR,False,DEX_only
Line141,1,1,HG03117,ESN,AFR,True,one_to_one
Line144,1,1,HG03341,ESN,AFR,True,one_to_one
Line145,2,2,HG03361,ESN,AFR,True,two_to_two
Line146,2,2,HG03433,MSL,AFR,True,two_to_two
Line147,2,2,HG03446,MSL,AFR,True,two_to_two
Line149,1,1,HG03538,GWD,AFR,True,one_to_one
Line15,1,0,HG02771,GWD,AFR,False,ETOH_only
Line151,0,1,GM07340,CEU,EUR,False,DEX_only
Line152,1,1,GM12767,CEU,EUR,True,one_to_one
Line154,0,1,HG00250,GBR,EUR,False,DEX_only
Line155,1,1,HG00272,FIN,EUR,True,one_to_one
Line156,0,1,HG00288,FIN,EUR,False,DEX_only
Line157,1,1,HG00306,FIN,EUR,True,one_to_one
Line158,1,1,HG00323,FIN,EUR,True,one_to_one
Line159,0,0,HG00343,FIN,EUR,False,neither
Line16,1,1,HG02852,GWD,AFR,True,one_to_one
Line160,2,2,HG00344,FIN,EUR,True,two_to_two
Line161,1,1,HG00368,FIN,EUR,True,one_to_one
Line162,0,0,HG00376,FIN,EUR,False,neither
Line163,0,1,HG01500,IBS,EUR,False,DEX_only
Line164,1,0,HG01620,IBS,EUR,False,ETOH_only
Line165,0,1,HG01625,IBS,EUR,False,DEX_only
Line17,1,1,HG02969,ESN,AFR,True,one_to_one
Line170,0,0,HG02704,GWD,AFR,False,neither
Line172,0,0,HG03069,MSL,AFR,False,neither
Line174,1,1,HG03120,ESN,AFR,True,one_to_one
Line175,1,1,HG03203,ESN,AFR,True,one_to_one
Line176,0,1,GM12056,CEU,EUR,False,DEX_only
Line177,1,1,GM18519,YRI,AFR,True,one_to_one
Line178,1,1,GM18869,YRI,AFR,True,one_to_one
Line179,1,1,GM18911,YRI,AFR,True,one_to_one
Line18,1,0,HG03050,GWD,AFR,False,ETOH_only
Line180,1,1,GM18934,YRI,AFR,True,one_to_one
Line181,1,1,GM19094,YRI,AFR,True,one_to_one
Line182,1,0,GM19132,YRI,AFR,False,ETOH_only
Line183,1,0,GM19223,YRI,AFR,False,ETOH_only
Line184,1,2,GM19258,YRI,AFR,True,one_ETOH_two_DEX
Line185,1,1,GM19315,LWK,AFR,True,one_to_one
Line186,1,1,GM19395,LWK,AFR,True,one_to_one
Line187,1,1,GM19474,LWK,AFR,True,one_to_one
Line188,2,2,GM20536,TSI,EUR,True,two_to_two
Line189,0,0,GM20771,TSI,EUR,False,neither
Line19,2,2,HG03078,MSL,AFR,True,two_to_two
Line190,1,1,GM20773,TSI,EUR,True,one_to_one
Line192,1,1,GM20807,TSI,EUR,True,one_to_one
Line193,2,1,HG03034,GWD,AFR,True,two_ETOH_one_DEX
Line194,1,0,HG03095,MSL,AFR,False,ETOH_only
Line195,1,1,HG03100,ESN,AFR,True,one_to_one
Line196,1,0,HG03294,ESN,AFR,False,ETOH_only
Line197,1,1,HG03363,ESN,AFR,True,one_to_one
Line198,1,1,HG03381,MSL,AFR,True,one_to_one
Line199,1,1,HG03499,ESN,AFR,True,one_to_one
Line2,0,0,GM12003,CEU,EUR,False,neither
Line20,0,1,HG03098,MSL,AFR,False,DEX_only
Line200,1,1,HG03515,ESN,AFR,True,one_to_one
Line201,1,1,GM07048,CEU,EUR,True,one_to_one
Line202,0,1,GM12740,CEU,EUR,False,DEX_only
Line203,0,1,GM12873,CEU,EUR,False,DEX_only
Line204,1,1,GM18485,YRI,AFR,True,one_to_one
Line205,1,0,GM19323,LWK,AFR,False,ETOH_only
Line206,1,1,GM19378,LWK,AFR,True,one_to_one
Line207,1,1,GM20532,TSI,EUR,True,one_to_one
Line208,1,1,GM20537,TSI,EUR,True,one_to_one
Line209,1,1,HG00183,FIN,EUR,True,one_to_one
Line21,2,0,HG03111,ESN,AFR,False,ETOH_only
Line210,1,1,HG00254,GBR,EUR,True,one_to_one
Line211,1,1,HG00259,GBR,EUR,True,one_to_one
Line212,1,1,HG00270,FIN,EUR,True,one_to_one
Line213,0,1,HG00384,FIN,EUR,False,DEX_only
Line214,1,1,HG01774,IBS,EUR,True,one_to_one
Line215,1,1,HG02232,IBS,EUR,True,one_to_one
Line217,1,1,HG03061,MSL,AFR,True,one_to_one
Line218,0,1,HG03072,MSL,AFR,False,DEX_only
Line22,0,2,HG03137,ESN,AFR,False,DEX_only
Line220,0,1,HG03265,ESN,AFR,False,DEX_only
Line221,1,0,HG03270,ESN,AFR,False,ETOH_only
Line222,1,1,HG03401,MSL,AFR,True,one_to_one
Line223,2,2,HG03445,MSL,AFR,True,two_to_two
Line224,1,1,HG03474,MSL,AFR,True,one_to_one
Line225,1,1,HG03577,MSL,AFR,True,one_to_one
Line226,0,1,GM07349,CEU,EUR,False,DEX_only
Line227,1,1,GM18498,YRI,AFR,True,one_to_one
Line228,1,1,GM18506,YRI,AFR,True,one_to_one
Line229,1,1,GM18917,YRI,AFR,True,one_to_one
Line230,1,1,GM19017,LWK,AFR,True,one_to_one
Line231,1,1,GM19044,LWK,AFR,True,one_to_one
Line232,1,1,GM19123,YRI,AFR,True,one_to_one
Line234,1,1,GM19393,LWK,AFR,True,one_to_one
Line235,1,1,GM20511,TSI,EUR,True,one_to_one
Line236,1,1,GM20796,TSI,EUR,True,one_to_one
Line237,1,1,GM20803,TSI,EUR,True,one_to_one
Line238,1,1,GM20811,TSI,EUR,True,one_to_one
Line239,1,1,HG00332,FIN,EUR,True,one_to_one
Line24,0,1,HG03354,ESN,AFR,False,DEX_only
Line241,1,1,HG00361,FIN,EUR,True,one_to_one
Line242,1,1,HG00383,FIN,EUR,True,one_to_one
Line244,1,1,HG02236,IBS,EUR,True,one_to_one
Line245,0,1,HG02582,GWD,AFR,False,DEX_only
Line246,0,0,HG02589,GWD,AFR,False,neither
Line248,1,1,HG03134,ESN,AFR,True,one_to_one
Line249,1,1,HG03305,ESN,AFR,True,one_to_one
Line250,0,1,HG03343,ESN,AFR,False,DEX_only
Line251,1,1,GM10837,CEU,EUR,True,one_to_one
Line252,1,0,GM11933,CEU,EUR,False,ETOH_only
Line253,1,0,HG00104,GBR,EUR,False,ETOH_only
Line254,1,1,HG00121,GBR,EUR,True,one_to_one
Line255,1,1,HG00152,GBR,EUR,True,one_to_one
Line256,1,1,HG00234,GBR,EUR,True,one_to_one
Line257,1,0,HG00251,GBR,EUR,False,ETOH_only
Line258,0,0,HG00360,FIN,EUR,False,neither
Line259,1,1,HG00366,FIN,EUR,True,one_to_one
Line26,1,0,GM12400,CEU,EUR,False,ETOH_only
Line260,0,1,HG00373,FIN,EUR,False,DEX_only
Line261,1,1,HG01519,IBS,EUR,True,one_to_one
Line262,1,1,HG01674,IBS,EUR,True,one_to_one
Line264,1,1,HG01700,IBS,EUR,True,one_to_one
Line265,0,0,HG01761,IBS,EUR,False,neither
Line266,2,2,HG02240,IBS,EUR,True,two_to_two
Line267,1,1,HG02612,GWD,AFR,True,one_to_one
Line268,0,2,HG02680,GWD,AFR,False,DEX_only
Line269,1,1,HG02770,GWD,AFR,True,one_to_one
Line27,0,1,GM18881,YRI,AFR,False,DEX_only
Line270,0,1,HG02800,GWD,AFR,False,DEX_only
Line272,0,2,HG02952,ESN,AFR,False,DEX_only
Line273,0,2,HG02971,ESN,AFR,False,DEX_only
Line274,0,1,HG03066,MSL,AFR,False,DEX_only
Line275,1,1,GM10847,CEU,EUR,True,one_to_one
Line276,1,1,GM10856,CEU,EUR,True,one_to_one
Line277,0,1,GM10860,CEU,EUR,False,DEX_only
Line278,1,1,GM18875,YRI,AFR,True,one_to_one
Line279,2,0,GM18876,YRI,AFR,False,ETOH_only
Line28,1,1,GM19036,LWK,AFR,True,one_to_one
Line280,1,1,GM19028,LWK,AFR,True,one_to_one
Line281,1,1,GM19173,YRI,AFR,True,one_to_one
Line282,1,1,GM19318,LWK,AFR,True,one_to_one
Line283,1,1,GM19319,LWK,AFR,True,one_to_one
Line284,1,1,GM19429,LWK,AFR,True,one_to_one
Line285,1,1,GM20522,TSI,EUR,True,one_to_one
Line286,1,1,GM20531,TSI,EUR,True,one_to_one
Line287,1,1,GM20758,TSI,EUR,True,one_to_one
Line288,2,1,GM20800,TSI,EUR,True,two_ETOH_one_DEX
Line289,0,1,GM20809,TSI,EUR,False,DEX_only
Line29,1,2,GM19097,YRI,AFR,True,one_ETOH_two_DEX
Line290,1,1,GM20819,TSI,EUR,True,one_to_one
Line291,0,0,GM20828,TSI,EUR,False,neither
Line292,1,1,HG00263,GBR,EUR,True,one_to_one
Line293,1,1,HG03374,ESN,AFR,True,one_to_one
Line294,0,1,HG03390,MSL,AFR,False,DEX_only
Line295,1,1,HG03393,MSL,AFR,True,one_to_one
Line296,1,1,HG03439,MSL,AFR,True,one_to_one
Line297,1,1,HG03458,MSL,AFR,True,one_to_one
Line298,0,1,HG03466,MSL,AFR,False,DEX_only
Line299,1,1,HG03572,MSL,AFR,True,one_to_one
Line30,1,0,GM19118,YRI,AFR,False,ETOH_only
Line301,1,0,GM07037,CEU,EUR,False,ETOH_only
Line302,1,1,HG00142,GBR,EUR,True,one_to_one
Line303,1,0,HG00143,GBR,EUR,False,ETOH_only
Line304,1,2,HG00150,GBR,EUR,True,one_ETOH_two_DEX
Line305,2,2,HG00185,FIN,EUR,True,two_to_two
Line306,1,1,HG00267,FIN,EUR,True,one_to_one
Line307,1,1,HG00327,FIN,EUR,True,one_to_one
Line308,1,1,HG00329,FIN,EUR,True,one_to_one
Line309,1,1,HG00336,FIN,EUR,True,one_to_one
Line31,1,1,GM19145,YRI,AFR,True,one_to_one
Line310,1,0,HG00382,FIN,EUR,False,ETOH_only
Line311,1,1,HG01511,IBS,EUR,True,one_to_one
Line312,1,1,HG01611,IBS,EUR,True,one_to_one
Line313,1,0,HG01678,IBS,EUR,False,ETOH_only
Line314,1,1,HG02221,IBS,EUR,True,one_to_one
Line315,1,1,HG02587,GWD,AFR,True,one_to_one
Line316,1,1,HG02613,GWD,AFR,True,one_to_one
Line317,1,0,HG02721,GWD,AFR,False,ETOH_only
Line318,1,1,HG02813,GWD,AFR,True,one_to_one
Line319,0,0,HG02895,GWD,AFR,False,neither
Line32,1,1,GM19159,YRI,AFR,True,one_to_one
Line320,2,2,HG03026,GWD,AFR,True,two_to_two
Line321,1,1,HG03053,MSL,AFR,True,one_to_one
Line322,0,1,HG03168,ESN,AFR,False,DEX_only
Line323,0,1,HG03199,ESN,AFR,False,DEX_only
Line324,0,1,HG03212,MSL,AFR,False,DEX_only
Line326,1,0,GM12413,CEU,EUR,False,ETOH_only
Line327,0,1,GM18855,YRI,AFR,False,DEX_only
Line328,0,1,GM19146,YRI,AFR,False,DEX_only
Line329,1,1,GM19154,YRI,AFR,True,one_to_one
Line33,1,1,GM19307,LWK,AFR,True,one_to_one
Line330,1,1,GM19332,LWK,AFR,True,one_to_one
Line331,1,1,GM19360,LWK,AFR,True,one_to_one
Line332,1,1,GM19383,LWK,AFR,True,one_to_one
Line333,1,1,GM20510,TSI,EUR,True,one_to_one
Line334,1,1,GM20517,TSI,EUR,True,one_to_one
Line335,1,1,GM20542,TSI,EUR,True,one_to_one
Line336,1,1,GM20774,TSI,EUR,True,one_to_one
Line338,1,1,GM20804,TSI,EUR,True,one_to_one
Line339,1,1,HG03059,MSL,AFR,True,one_to_one
Line34,0,1,GM19321,LWK,AFR,False,DEX_only
Line340,1,1,HG03311,ESN,AFR,True,one_to_one
Line341,1,1,HG03380,MSL,AFR,True,one_to_one
Line342,1,0,HG03428,MSL,AFR,False,ETOH_only
Line343,1,1,HG03432,MSL,AFR,True,one_to_one
Line344,1,1,HG03461,MSL,AFR,True,one_to_one
Line345,1,1,HG03469,MSL,AFR,True,one_to_one
Line346,1,1,HG03470,MSL,AFR,True,one_to_one
Line347,0,1,HG03472,MSL,AFR,False,DEX_only
Line348,1,1,HG03486,MSL,AFR,True,one_to_one
Line349,1,1,HG03521,ESN,AFR,True,one_to_one
Line35,1,1,GM19451,LWK,AFR,True,one_to_one
Line350,1,1,HG03548,MSL,AFR,True,one_to_one
Line351,1,1,GM12818,CEU,EUR,True,one_to_one
Line352,1,1,HG00101,GBR,EUR,True,one_to_one
Line353,1,1,HG00103,GBR,EUR,True,one_to_one
Line354,2,1,HG00171,FIN,EUR,True,two_ETOH_one_DEX
Line355,1,1,HG00246,GBR,EUR,True,one_to_one
Line356,1,1,HG00274,FIN,EUR,True,one_to_one
Line357,1,1,HG00278,FIN,EUR,True,one_to_one
Line358,1,1,HG00310,FIN,EUR,True,one_to_one
Line359,1,1,HG00315,FIN,EUR,True,one_to_one
Line360,1,1,HG00325,FIN,EUR,True,one_to_one
Line361,1,1,HG00350,FIN,EUR,True,one_to_one
Line362,1,1,HG00364,FIN,EUR,True,one_to_one
Line363,1,0,HG00367,FIN,EUR,False,ETOH_only
Line364,0,0,HG00372,FIN,EUR,False,neither
Line365,1,1,HG01504,IBS,EUR,True,one_to_one
Line366,1,1,HG01529,IBS,EUR,True,one_to_one
Line367,1,1,HG01605,IBS,EUR,True,one_to_one
Line368,1,1,HG02622,GWD,AFR,True,one_to_one
Line369,1,1,HG02806,GWD,AFR,True,one_to_one
Line37,1,1,GM20534,TSI,EUR,True,one_to_one
Line370,2,2,HG02887,GWD,AFR,True,two_to_two
Line371,1,1,HG02973,ESN,AFR,True,one_to_one
Line372,1,0,HG03065,MSL,AFR,False,ETOH_only
Line373,1,0,HG03104,ESN,AFR,False,ETOH_only
Line376,1,1,GM11881,CEU,EUR,True,one_to_one
Line377,0,2,GM12489,CEU,EUR,False,DEX_only
Line378,1,1,GM18511,YRI,AFR,True,one_to_one
Line379,1,1,GM18854,YRI,AFR,True,one_to_one
Line38,1,1,GM20797,TSI,EUR,True,one_to_one
Line380,1,1,GM19041,LWK,AFR,True,one_to_one
Line381,1,1,GM19140,YRI,AFR,True,one_to_one
Line382,0,1,GM19225,YRI,AFR,False,DEX_only
Line383,1,0,GM19235,YRI,AFR,False,ETOH_only
Line384,1,1,GM19308,LWK,AFR,True,one_to_one
Line385,1,1,GM19371,LWK,AFR,True,one_to_one
Line386,1,1,GM19372,LWK,AFR,True,one_to_one
Line387,1,2,GM19432,LWK,AFR,True,one_ETOH_two_DEX
Line388,1,2,GM19448,LWK,AFR,True,one_ETOH_two_DEX
Line389,1,1,GM20585,TSI,EUR,True,one_to_one
Line39,1,0,GM20799,TSI,EUR,False,ETOH_only
Line391,1,1,GM20783,TSI,EUR,True,one_to_one
Line392,1,1,GM20818,TSI,EUR,True,one_to_one
Line393,2,2,GM20821,TSI,EUR,True,two_to_two
Line394,1,1,GM20822,TSI,EUR,True,one_to_one
Line395,2,2,HG00102,GBR,EUR,True,two_to_two
Line396,1,1,HG03056,MSL,AFR,True,one_to_one
Line397,1,1,HG03351,ESN,AFR,True,one_to_one
Line398,1,1,HG03376,MSL,AFR,True,one_to_one
Line399,1,1,HG03398,MSL,AFR,True,one_to_one
Line4,1,0,HG00155,GBR,EUR,False,ETOH_only
Line40,1,1,GM20806,TSI,EUR,True,one_to_one
Line402,1,1,HG00138,GBR,EUR,True,one_to_one
Line403,0,0,HG00146,GBR,EUR,False,neither
Line404,1,0,HG00177,FIN,EUR,False,ETOH_only
Line405,1,1,HG00252,GBR,EUR,True,one_to_one
Line406,1,0,HG00257,GBR,EUR,False,ETOH_only
Line407,0,1,HG00277,FIN,EUR,False,DEX_only
Line408,0,1,HG00280,FIN,EUR,False,DEX_only
Line409,1,1,HG00311,FIN,EUR,True,one_to_one
Line41,1,1,GM20810,TSI,EUR,True,one_to_one
Line410,0,0,HG00338,FIN,EUR,False,neither
Line411,0,1,HG00339,FIN,EUR,False,DEX_only
Line412,1,1,HG00378,FIN,EUR,True,one_to_one
Line413,1,1,HG00381,FIN,EUR,True,one_to_one
Line414,1,0,HG01681,IBS,EUR,False,ETOH_only
Line415,1,1,HG01695,IBS,EUR,True,one_to_one
Line416,0,0,HG01785,IBS,EUR,False,neither
Line417,1,0,HG01789,GBR,EUR,False,ETOH_only
Line418,1,1,HG02224,IBS,EUR,True,one_to_one
Line419,1,1,HG02646,GWD,AFR,True,one_to_one
Line42,1,1,GM20831,TSI,EUR,True,one_to_one
Line421,1,1,HG02836,GWD,AFR,True,one_to_one
Line422,1,1,HG02883,GWD,AFR,True,one_to_one
Line423,1,1,HG03091,MSL,AFR,True,one_to_one
Line424,1,0,HG03194,ESN,AFR,False,ETOH_only
Line425,0,1,HG03209,MSL,AFR,False,DEX_only
Line426,1,1,GM12234,CEU,EUR,True,one_to_one
Line427,1,0,GM12249,CEU,EUR,False,ETOH_only
Line428,1,1,GM18502,YRI,AFR,True,one_to_one
Line429,1,1,GM18521,YRI,AFR,True,one_to_one
Line43,1,0,HG00116,GBR,EUR,False,ETOH_only
Line431,1,1,GM19038,LWK,AFR,True,one_to_one
Line432,1,1,GM19042,LWK,AFR,True,one_to_one
Line433,1,1,GM19109,YRI,AFR,True,one_to_one
Line434,1,1,GM19150,YRI,AFR,True,one_to_one
Line435,1,1,GM19202,YRI,AFR,True,one_to_one
Line436,0,1,GM19203,YRI,AFR,False,DEX_only
Line437,1,1,GM19327,LWK,AFR,True,one_to_one
Line438,1,0,GM19328,LWK,AFR,False,ETOH_only
Line44,2,2,HG00238,GBR,EUR,True,two_to_two
Line440,1,1,GM19352,LWK,AFR,True,one_to_one
Line441,1,1,GM19398,LWK,AFR,True,one_to_one
Line442,1,1,GM19475,LWK,AFR,True,one_to_one
Line443,1,0,GM20528,TSI,EUR,False,ETOH_only
Line444,0,1,GM20535,TSI,EUR,False,DEX_only
Line445,1,0,GM20827,TSI,EUR,False,ETOH_only
Line446,1,1,GM20832,TSI,EUR,True,one_to_one
Line447,1,1,HG00110,GBR,EUR,True,one_to_one
Line448,1,1,HG00282,FIN,EUR,True,one_to_one
Line449,0,0,HG03410,MSL,AFR,False,neither
Line45,1,0,HG00264,GBR,EUR,False,ETOH_only
Line450,0,1,HG03437,MSL,AFR,False,DEX_only
Line46,1,1,HG03493,ESN,AFR,True,one_to_one
Line47,0,0,HG03510,ESN,AFR,False,neither
Line48,1,0,HG03563,MSL,AFR,False,ETOH_only
Line49,1,1,HG03567,MSL,AFR,True,one_to_one
Line5,0,0,HG00290,FIN,EUR,False,neither
Line50,1,1,HG03584,MSL,AFR,True,one_to_one
Line501,1,1,GM12335,CEU,EUR,True,one_to_one
Line502,1,1,HG00157,GBR,EUR,True,one_to_one
Line503,1,1,HG00158,GBR,EUR,True,one_to_one
Line504,1,0,HG00189,FIN,EUR,False,ETOH_only
Line505,1,1,HG00242,GBR,EUR,True,one_to_one
Line506,1,1,HG00253,GBR,EUR,True,one_to_one
Line507,1,1,HG00268,FIN,EUR,True,one_to_one
Line508,0,1,HG00269,FIN,EUR,False,DEX_only
Line509,1,0,HG00273,FIN,EUR,False,ETOH_only
Line51,1,0,GM06989,CEU,EUR,False,ETOH_only
Line510,1,1,HG00285,FIN,EUR,True,one_to_one
Line511,1,1,HG00308,FIN,EUR,True,one_to_one
Line512,1,1,HG00313,FIN,EUR,True,one_to_one
Line513,1,1,HG00319,FIN,EUR,True,one_to_one
Line514,1,1,HG00337,FIN,EUR,True,one_to_one
Line515,1,1,HG00380,FIN,EUR,True,one_to_one
Line516,1,1,HG01608,IBS,EUR,True,one_to_one
Line517,0,1,HG01616,IBS,EUR,False,DEX_only
Line518,1,1,HG01683,IBS,EUR,True,one_to_one
Line519,1,0,HG01697,IBS,EUR,False,ETOH_only
Line52,1,1,GM12156,CEU,EUR,True,one_to_one
Line520,1,1,HG02229,IBS,EUR,True,one_to_one
Line521,1,0,HG02595,GWD,AFR,False,ETOH_only
Line522,0,1,HG02854,GWD,AFR,False,DEX_only
Line523,1,1,HG03140,ESN,AFR,True,one_to_one
Line524,0,0,HG03167,ESN,AFR,False,neither
Line525,1,1,HG03171,ESN,AFR,True,one_to_one
Line526,1,1,GM12877,CEU,EUR,True,one_to_one
Line527,0,1,GM18859,YRI,AFR,False,DEX_only
Line528,1,1,GM18915,YRI,AFR,True,one_to_one
Line529,1,1,GM18923,YRI,AFR,True,one_to_one
Line53,2,1,HG00111,GBR,EUR,True,two_ETOH_one_DEX
Line530,1,1,GM19102,YRI,AFR,True,one_to_one
Line531,1,1,GM19115,YRI,AFR,True,one_to_one
Line533,1,1,GM19317,LWK,AFR,True,one_to_one
Line534,1,1,GM19320,LWK,AFR,True,one_to_one
Line535,1,1,GM19440,LWK,AFR,True,one_to_one
Line536,1,1,GM20778,TSI,EUR,True,one_to_one
Line537,1,1,GM20801,TSI,EUR,True,one_to_one
Line538,1,1,HG00117,GBR,EUR,True,one_to_one
Line539,1,1,HG02977,ESN,AFR,True,one_to_one
Line54,0,1,HG00135,GBR,EUR,False,DEX_only
Line540,1,1,HG03040,GWD,AFR,True,one_to_one
Line541,1,1,HG03079,MSL,AFR,True,one_to_one
Line542,1,1,HG03086,MSL,AFR,True,one_to_one
Line543,1,1,HG03088,MSL,AFR,True,one_to_one
Line544,1,1,HG03159,ESN,AFR,True,one_to_one
Line545,1,1,HG03368,ESN,AFR,True,one_to_one
Line546,1,1,HG03371,ESN,AFR,True,one_to_one
Line547,1,1,HG03419,MSL,AFR,True,one_to_one
Line548,1,1,HG03517,ESN,AFR,True,one_to_one
Line549,1,1,HG03549,MSL,AFR,True,one_to_one
Line55,1,1,HG00140,GBR,EUR,True,one_to_one
Line550,0,0,HG03559,MSL,AFR,False,neither
Line551,0,0,HG00108,GBR,EUR,False,neither
Line552,0,1,HG00187,FIN,EUR,False,DEX_only
Line553,0,1,HG00190,FIN,EUR,False,DEX_only
Line554,1,1,HG00247,GBR,EUR,True,one_to_one
Line555,1,1,HG00262,GBR,EUR,True,one_to_one
Line556,0,1,HG00320,FIN,EUR,False,DEX_only
Line558,1,0,HG00357,FIN,EUR,False,ETOH_only
Line559,0,1,HG00377,FIN,EUR,False,DEX_only
Line56,1,1,HG00154,GBR,EUR,True,one_to_one
Line560,0,0,HG01669,IBS,EUR,False,neither
Line561,1,1,HG01765,IBS,EUR,True,one_to_one
Line562,0,1,HG02568,GWD,AFR,False,DEX_only
Line564,1,1,HG02811,GWD,AFR,True,one_to_one
Line565,1,0,HG02819,GWD,AFR,False,ETOH_only
Line566,0,1,HG02841,GWD,AFR,False,DEX_only
Line57,2,2,HG00179,FIN,EUR,True,two_to_two
Line570,1,1,HG02965,ESN,AFR,True,one_to_one
Line572,1,0,HG02984,GWD,AFR,False,ETOH_only
Line573,1,1,HG03074,MSL,AFR,True,one_to_one
Line574,0,1,HG03189,ESN,AFR,False,DEX_only
Line575,1,1,HG03293,ESN,AFR,True,one_to_one
Line576,1,1,GM18510,YRI,AFR,True,one_to_one
Line577,1,1,GM18864,YRI,AFR,True,one_to_one
Line578,1,1,GM18913,YRI,AFR,True,one_to_one
Line579,1,1,GM19139,YRI,AFR,True,one_to_one
Line58,2,2,HG00232,GBR,EUR,True,two_to_two
Line580,1,1,GM19189,YRI,AFR,True,one_to_one
Line581,1,1,GM19248,YRI,AFR,True,one_to_one
Line582,1,0,GM19355,LWK,AFR,False,ETOH_only
Line583,0,0,GM19380,LWK,AFR,False,neither
Line584,1,1,GM19384,LWK,AFR,True,one_to_one
Line585,0,1,GM20769,TSI,EUR,False,DEX_only
Line586,1,1,GM20772,TSI,EUR,True,one_to_one
Line587,0,1,GM20795,TSI,EUR,False,DEX_only
Line588,1,1,GM20826,TSI,EUR,True,one_to_one
Line59,1,1,HG00240,GBR,EUR,True,one_to_one
Line590,0,1,HG00149,GBR,EUR,False,DEX_only
Line591,1,1,HG03302,ESN,AFR,True,one_to_one
Line592,0,1,HG03408,MSL,AFR,False,DEX_only
Line593,0,0,HG03431,MSL,AFR,False,neither
Line594,1,1,HG03465,MSL,AFR,True,one_to_one
Line595,0,0,HG03565,MSL,AFR,False,neither
Line6,1,1,HG00304,FIN,EUR,True,one_to_one
Line60,1,1,HG00260,GBR,EUR,True,one_to_one
Line61,1,1,HG00281,FIN,EUR,True,one_to_one
Line62,0,0,HG00369,FIN,EUR,False,neither
Line63,2,2,HG01512,IBS,EUR,True,two_to_two
Line64,1,0,HG01536,IBS,EUR,False,ETOH_only
Line65,1,1,HG01706,IBS,EUR,True,one_to_one
Line66,1,1,HG01770,IBS,EUR,True,one_to_one
Line67,1,0,HG01781,IBS,EUR,False,ETOH_only
Line68,1,1,HG02219,IBS,EUR,True,one_to_one
Line69,1,1,HG02563,GWD,AFR,True,one_to_one
Line7,1,1,HG00321,FIN,EUR,True,one_to_one
Line70,1,1,HG02572,GWD,AFR,True,one_to_one
Line71,2,2,HG02762,GWD,AFR,True,two_to_two
Line72,1,0,HG02809,GWD,AFR,False,ETOH_only
Line73,1,1,HG02879,GWD,AFR,True,one_to_one
Line74,1,1,HG02947,ESN,AFR,True,one_to_one
Line75,1,1,HG03173,ESN,AFR,True,one_to_one
Line76,1,1,GM12752,CEU,EUR,True,one_to_one
Line77,2,2,GM12814,CEU,EUR,True,two_to_two
Line78,1,1,GM18484,YRI,AFR,True,one_to_one
Line79,1,1,GM18516,YRI,AFR,True,one_to_one
Line8,1,1,HG00351,FIN,EUR,True,one_to_one
Line80,1,1,GM19023,LWK,AFR,True,one_to_one
Line81,1,1,GM19026,LWK,AFR,True,one_to_one
Line82,1,1,GM19031,LWK,AFR,True,one_to_one
Line83,1,1,GM19043,LWK,AFR,True,one_to_one
Line84,0,1,GM19128,YRI,AFR,False,DEX_only
Line85,1,1,GM19252,YRI,AFR,True,one_to_one
Line86,1,1,GM19351,LWK,AFR,True,one_to_one
Line87,0,0,GM19437,LWK,AFR,False,neither
Line88,2,2,GM20521,TSI,EUR,True,two_to_two
Line89,1,1,GM20756,TSI,EUR,True,one_to_one
Line90,1,0,GM20798,TSI,EUR,False,ETOH_only
Line91,2,2,GM20816,TSI,EUR,True,two_to_two
Line92,1,1,GM20829,TSI,EUR,True,one_to_one
Line93,1,1,HG00105,GBR,EUR,True,one_to_one
Line94,1,1,HG00341,FIN,EUR,True,one_to_one
Line95,0,0,HG02759,GWD,AFR,False,neither
Line96,1,1,HG02938,ESN,AFR,True,one_to_one
Line98,1,1,HG03248,GWD,AFR,True,one_to_one
Line99,1,0,HG03399,MSL,AFR,False,ETOH_only
LineNA,1,1,,,AFR,True,one_to_one
