line,replicate_response_vector_correlation,ETOH_version_a,DEX_version_a,ETOH_version_b,DEX_version_b
Line116,0.7236568317571361,Line116_ETOH.R1.Aligned.counts.x,Line116_DEX.R1.Aligned.counts.x,Line116_ETOH.R1.Aligned.counts.y,Line116_DEX.R1.Aligned.counts.y
Line123,0.5650175712777865,Line123_ETOH.R1.Aligned.counts.x,Line123_DEX.R1.Aligned.counts.x,Line123_ETOH.R1.Aligned.counts.y,Line123_DEX.R1.Aligned.counts.y
Line128,0.49444695293762786,Line128_ETOH.R1.Aligned.counts.x,Line128_DEX.R1.Aligned.counts.x,Line128_ETOH.R1.Aligned.counts.y,Line128_DEX.R1.Aligned.counts.y
Line145,0.7577056205325226,Line145_ETOH.R1.Aligned.counts.x,Line145_DEX.R1.Aligned.counts.x,Line145_ETOH.R1.Aligned.counts.y,Line145_DEX.R1.Aligned.counts.y
Line146,0.7096355929983595,Line146_ETOH.R1.Aligned.counts.x,Line146_DEX.R1.Aligned.counts.x,Line146_ETOH.R1.Aligned.counts.y,Line146_DEX.R1.Aligned.counts.y
Line147,0.6715049673173905,Line147_ETOH.R1.Aligned.counts.x,Line147_DEX.R1.Aligned.counts.x,Line147_ETOH.R1.Aligned.counts.y,Line147_DEX.R1.Aligned.counts.y
Line160,0.8185032143260208,Line160_ETOH.R1.Aligned.counts.x,Line160_DEX.R1.Aligned.counts.x,Line160_ETOH.R1.Aligned.counts.y,Line160_DEX.R1.Aligned.counts.y
Line188,0.7822132058454342,Line188_ETOH.R1.Aligned.counts.x,Line188_DEX.R1.Aligned.counts.x,Line188_ETOH.R1.Aligned.counts.y,Line188_DEX.R1.Aligned.counts.y
Line19,0.823612567682352,Line19_ETOH.R1.Aligned.counts.x,Line19_DEX.R1.Aligned.counts.x,Line19_ETOH.R1.Aligned.counts.y,Line19_DEX.R1.Aligned.counts.y
Line223,0.07153405080225662,Sample_Line223-v1-ETOH.R1.Aligned.counts,Sample_Line223-v1-DEX.R1.Aligned.counts,Sample_Line223-v2-ETOH.R1.Aligned.counts,Sample_Line223-v2-DEX.R1.Aligned.counts
Line266,0.8377885008538749,Line266_ETOH.R1.Aligned.counts.x,Line266_DEX.R1.Aligned.counts.x,Line266_ETOH.R1.Aligned.counts.y,Line266_DEX.R1.Aligned.counts.y
Line305,0.8302782125359895,Line305_ETOH.R1.Aligned.counts.x,Line305_DEX.R1.Aligned.counts.x,Line305_ETOH.R1.Aligned.counts.y,Line305_DEX.R1.Aligned.counts.y
Line320,0.7462997302465741,Line320_ETOH.R1.Aligned.counts.x,Line320_DEX.R1.Aligned.counts.x,Line320_ETOH.R1.Aligned.counts.y,Line320_DEX.R1.Aligned.counts.y
Line370,0.6830207330638101,Line370_ETOH.R1.Aligned.counts.x,Line370_DEX.R1.Aligned.counts.x,Line370_ETOH.R1.Aligned.counts.y,Line370_DEX.R1.Aligned.counts.y
Line393,0.567623205164933,Line393_ETOH.R1.Aligned.counts.x,Line393_DEX.R1.Aligned.counts.x,Line393_ETOH.R1.Aligned.counts.y,Line393_DEX.R1.Aligned.counts.y
Line395,0.5595275114691303,Line395_ETOH.R1.Aligned.counts.x,Line395_DEX.R1.Aligned.counts.x,Line395_ETOH.R1.Aligned.counts.y,Line395_DEX.R1.Aligned.counts.y
Line44,0.852136837549463,Line44_ETOH.R1.Aligned.counts.x,Line44_DEX.R1.Aligned.counts.x,Line44_ETOH.R1.Aligned.counts.y,Line44_DEX.R1.Aligned.counts.y
Line57,0.7234031453777363,Line57_ETOH.R1.Aligned.counts.x,Line57_DEX.R1.Aligned.counts.x,Line57_ETOH.R1.Aligned.counts.y,Line57_DEX.R1.Aligned.counts.y
Line58,0.7433934351171613,Line58_ETOH.R1.Aligned.counts.x,Line58_DEX.R1.Aligned.counts.x,Line58_ETOH.R1.Aligned.counts.y,Line58_DEX.R1.Aligned.counts.y
Line63,0.7256296046948142,Line63_ETOH.R1.Aligned.counts.x,Line63_DEX.R1.Aligned.counts.x,Line63_ETOH.R1.Aligned.counts.y,Line63_DEX.R1.Aligned.counts.y
Line71,0.28959770976803767,Line71_ETOH.R1.Aligned.counts.x,Line71_DEX.R1.Aligned.counts.x,Line71_ETOH.R1.Aligned.counts.y,Line71_DEX.R1.Aligned.counts.y
Line77,0.8321785360461357,Line77_ETOH.R1.Aligned.counts.x,Line77_DEX.R1.Aligned.counts.x,Line77_ETOH.R1.Aligned.counts.y,Line77_DEX.R1.Aligned.counts.y
Line88,0.8283764724803246,Line88_ETOH.R1.Aligned.counts.x,Line88_DEX.R1.Aligned.counts.x,Line88_ETOH.R1.Aligned.counts.y,Line88_DEX.R1.Aligned.counts.y
Line91,0.7367434325349391,Line91_ETOH.R1.Aligned.counts.x,Line91_DEX.R1.Aligned.counts.x,Line91_ETOH.R1.Aligned.counts.y,Line91_DEX.R1.Aligned.counts.y
