model,m,k,budget,g,pointwise_lower_95,pointwise_upper_95,analysis_role
M2_AFFINE_RIDGE,4,0,372,0.0,0.0,0.0,PRIMARY_EARLY
M2_AFFINE_RIDGE,4,1,373,-0.0706167511922952,-0.0927198321770411,-0.0516550597120346,PRIMARY_EARLY
M2_AFFINE_RIDGE,4,2,374,-0.0710759455783407,-0.0926882026524027,-0.0523246510195531,PRIMARY_EARLY
M2_AFFINE_RIDGE,4,4,376,-0.0697805306542289,-0.0915758254905355,-0.050904685052839,PRIMARY_EARLY
M2_AFFINE_RIDGE,4,8,380,-0.069602955610811,-0.0918884573503555,-0.0511179137244528,PRIMARY_EARLY
M2_AFFINE_RIDGE,4,16,388,-0.0697968251560616,-0.0925222503356724,-0.0513997714493323,SECONDARY_DESCRIPTIVE
M2_AFFINE_RIDGE,4,32,404,-0.0696027235441281,-0.0923418135895916,-0.0509876572751302,SECONDARY_DESCRIPTIVE
M2_AFFINE_RIDGE,4,64,436,-0.0699482390715178,-0.0923907439827693,-0.0513548382544703,SECONDARY_DESCRIPTIVE
M2_AFFINE_RIDGE,4,80,452,-0.0698475358139263,-0.0921870595940369,-0.051269746506507,SECONDARY_DESCRIPTIVE
M2_AFFINE_RIDGE,4,92,464,-0.0700032418054055,-0.0923788403440888,-0.0515146636187886,SECONDARY_DESCRIPTIVE
M2_AFFINE_RIDGE,16,0,1488,0.0,0.0,0.0,PRIMARY_EARLY
M2_AFFINE_RIDGE,16,1,1489,0.0184361519516067,0.0030852089896152,0.0503922089658922,PRIMARY_EARLY
M2_AFFINE_RIDGE,16,2,1490,0.0207244441187256,0.0045959142389761,0.0548626144255071,PRIMARY_EARLY
M2_AFFINE_RIDGE,16,4,1492,0.0222375950757854,0.0068633571575471,0.0523021942190692,PRIMARY_EARLY
M2_AFFINE_RIDGE,16,8,1496,0.0241109343608153,0.0092381519423394,0.0508364587511925,PRIMARY_EARLY
M2_AFFINE_RIDGE,16,16,1504,0.0261826734076476,0.0112636964033833,0.0527464981604487,SECONDARY_DESCRIPTIVE
M2_AFFINE_RIDGE,16,32,1520,0.028923556178269,0.0132964257545036,0.0587794901671558,SECONDARY_DESCRIPTIVE
M2_AFFINE_RIDGE,16,64,1552,0.0298964087380836,0.0143294166789295,0.0598847089578291,SECONDARY_DESCRIPTIVE
M2_AFFINE_RIDGE,16,80,1568,0.0302096712878761,0.0146686857425863,0.0602076376904216,SECONDARY_DESCRIPTIVE
M2_AFFINE_RIDGE,16,92,1580,0.03022561783231,0.0146285536718104,0.0603806106371433,SECONDARY_DESCRIPTIVE
M2_AFFINE_RIDGE,40,0,3720,1.1102230246251563e-16,-2.220446049250313e-16,3.3306690738754696e-16,PRIMARY_EARLY
M2_AFFINE_RIDGE,40,1,3721,0.0683536780085581,0.0484705567310076,0.1150820126730482,PRIMARY_EARLY
M2_AFFINE_RIDGE,40,2,3722,0.076671286574422,0.0545662714009199,0.129725874179567,PRIMARY_EARLY
M2_AFFINE_RIDGE,40,4,3724,0.0802958320411487,0.0588879086024218,0.1272836297845623,PRIMARY_EARLY
M2_AFFINE_RIDGE,40,8,3728,0.0824672710788519,0.0624558881265661,0.1205300043690245,PRIMARY_EARLY
M2_AFFINE_RIDGE,40,16,3736,0.0865859576072093,0.066256093372999,0.1253458650401622,SECONDARY_DESCRIPTIVE
M2_AFFINE_RIDGE,40,32,3752,0.0919231184218929,0.07023363460722,0.1360528388116945,SECONDARY_DESCRIPTIVE
M2_AFFINE_RIDGE,40,64,3784,0.0937169751542107,0.0722008091191698,0.1371949713696425,SECONDARY_DESCRIPTIVE
M2_AFFINE_RIDGE,40,80,3800,0.0944579388665666,0.0728158802885294,0.1380468433506774,SECONDARY_DESCRIPTIVE
M2_AFFINE_RIDGE,40,92,3812,0.0948354518703702,0.0730217130315411,0.1388680586652171,SECONDARY_DESCRIPTIVE
