model,m,k,g_m_k,g_m_0,delta_g_anchor,paired_pointwise_lower_95,paired_pointwise_upper_95,A8,E8
M2_AFFINE_RIDGE,4,1,-0.0706167511922952,0.0,-0.0706167511922952,-0.09271983217704118,-0.051655059712034664,-0.069602955610811,-0.008700369451351374
M2_AFFINE_RIDGE,4,2,-0.0710759455783407,0.0,-0.0710759455783407,-0.09268820265240275,-0.05232465101955317,-0.069602955610811,-0.008700369451351374
M2_AFFINE_RIDGE,4,4,-0.0697805306542289,0.0,-0.0697805306542289,-0.09157582549053553,-0.050904685052839085,-0.069602955610811,-0.008700369451351374
M2_AFFINE_RIDGE,4,8,-0.069602955610811,0.0,-0.069602955610811,-0.09188845735035556,-0.05111791372445289,-0.069602955610811,-0.008700369451351374
M2_AFFINE_RIDGE,16,1,0.0184361519516067,0.0,0.0184361519516067,0.0030852089896152486,0.050392208965892284,0.0241109343608153,0.0030138667951019123
M2_AFFINE_RIDGE,16,2,0.0207244441187256,0.0,0.0207244441187256,0.004595914238976166,0.05486261442550718,0.0241109343608153,0.0030138667951019123
M2_AFFINE_RIDGE,16,4,0.0222375950757854,0.0,0.0222375950757854,0.006863357157547151,0.05230219421906925,0.0241109343608153,0.0030138667951019123
M2_AFFINE_RIDGE,16,8,0.0241109343608153,0.0,0.0241109343608153,0.009238151942339491,0.05083645875119257,0.0241109343608153,0.0030138667951019123
M2_AFFINE_RIDGE,40,1,0.0683536780085581,1.1102230246251563e-16,0.06835367800855799,0.04847055673100744,0.11508201267304827,0.0824672710788518,0.010308408884856474
M2_AFFINE_RIDGE,40,2,0.076671286574422,1.1102230246251563e-16,0.07667128657442189,0.05456627140091994,0.12972587417956682,0.0824672710788518,0.010308408884856474
M2_AFFINE_RIDGE,40,4,0.0802958320411487,1.1102230246251563e-16,0.08029583204114858,0.0588879086024216,0.12728362978456212,0.0824672710788518,0.010308408884856474
M2_AFFINE_RIDGE,40,8,0.0824672710788519,1.1102230246251563e-16,0.0824672710788518,0.06245588812656614,0.12053000436902453,0.0824672710788518,0.010308408884856474
