model,m,k,delta_g_anchor,bootstrap_standard_error,simultaneous_lower_95,simultaneous_upper_95,max_abs_t_critical,family_size,simultaneous_interval_excludes_zero_positive
M2_AFFINE_RIDGE,4,1,-0.0706167511922952,0.010470622073820237,-0.09271681225736766,-0.048516690127222734,2.1106731681520037,12,False
M2_AFFINE_RIDGE,4,2,-0.0710759455783407,0.010308114477030523,-0.09283300621924824,-0.04931888493743315,2.1106731681520037,12,False
M2_AFFINE_RIDGE,4,4,-0.0697805306542289,0.010375959797385073,-0.09168079059239348,-0.04788027071606432,2.1106731681520037,12,False
M2_AFFINE_RIDGE,4,8,-0.069602955610811,0.010511351272871934,-0.0917889827034822,-0.04741692851813979,2.1106731681520037,12,False
M2_AFFINE_RIDGE,16,1,0.0184361519516067,0.023989530754164042,-0.03219790692776464,0.06907021083097804,2.1106731681520037,12,False
M2_AFFINE_RIDGE,16,2,0.0207244441187256,0.02618746108398702,-0.034548727333270586,0.0759976155707218,2.1106731681520037,12,False
M2_AFFINE_RIDGE,16,4,0.0222375950757854,0.02252537855499098,-0.025306117042700613,0.06978130719427142,2.1106731681520037,12,False
M2_AFFINE_RIDGE,16,8,0.0241109343608153,0.019286574773558513,-0.016596721519291962,0.06481859024092256,2.1106731681520037,12,False
M2_AFFINE_RIDGE,40,1,0.06835367800855799,0.032723640228474335,-0.0007152313859422887,0.13742258740305827,2.1106731681520037,12,False
M2_AFFINE_RIDGE,40,2,0.07667128657442189,0.03659128319658075,-0.000560953056852373,0.15390352620569614,2.1106731681520037,12,False
M2_AFFINE_RIDGE,40,4,0.08029583204114858,0.032822677110387895,0.011017888157335912,0.14957377592496124,2.1106731681520037,12,True
M2_AFFINE_RIDGE,40,8,0.0824672710788518,0.02490193102415938,0.029907433430986646,0.13502710872671694,2.1106731681520037,12,True
