model,m,k_start,k_end,block,added_measurements,delta_g_block,paired_pointwise_lower_95,paired_pointwise_upper_95,eta_per_added_measurement,eta_pointwise_lower_95,eta_pointwise_upper_95
M2_AFFINE_RIDGE,4,0,1,0->1,1,-0.0706167511922952,-0.09271983217704118,-0.051655059712034664,-0.0706167511922952,-0.09271983217704118,-0.051655059712034664
M2_AFFINE_RIDGE,4,1,2,1->2,1,-0.0004591943860454972,-0.002013593011856479,0.0010931918772385252,-0.0004591943860454972,-0.002013593011856479,0.0010931918772385252
M2_AFFINE_RIDGE,4,2,4,2->4,2,0.0012954149241117957,5.6597410888059586e-05,0.0026039608399563764,0.0006477074620558979,2.8298705444029793e-05,0.0013019804199781882
M2_AFFINE_RIDGE,4,4,8,4->8,4,0.00017757504341790742,-0.00220888809420442,0.0017775295026894115,4.4393760854476855e-05,-0.000552222023551105,0.0004443823756723529
M2_AFFINE_RIDGE,16,0,1,0->1,1,0.0184361519516067,0.0030852089896152486,0.050392208965892284,0.0184361519516067,0.0030852089896152486,0.050392208965892284
M2_AFFINE_RIDGE,16,1,2,1->2,1,0.0022882921671188994,9.093822962835956e-05,0.006010679809055902,0.0022882921671188994,9.093822962835956e-05,0.006010679809055902
M2_AFFINE_RIDGE,16,2,4,2->4,2,0.0015131509570598008,-0.003566444218856099,0.004060284796304867,0.0007565754785299004,-0.0017832221094280494,0.0020301423981524333
M2_AFFINE_RIDGE,16,4,8,4->8,4,0.0018733392850298972,-0.00240687812687507,0.0039276677617333024,0.0004683348212574743,-0.0006017195317187674,0.0009819169404333256
M2_AFFINE_RIDGE,40,0,1,0->1,1,0.06835367800855799,0.04847055673100744,0.11508201267304827,0.06835367800855799,0.04847055673100744,0.11508201267304827
M2_AFFINE_RIDGE,40,1,2,1->2,1,0.008317608565863902,0.004056575960788597,0.015189560173348847,0.008317608565863902,0.004056575960788597,0.015189560173348847
M2_AFFINE_RIDGE,40,2,4,2->4,2,0.003624545466726692,-0.004981849500499699,0.007974354731556364,0.001812272733363346,-0.0024909247502498495,0.003987177365778182
M2_AFFINE_RIDGE,40,4,8,4->8,4,0.0021714390377032128,-0.008948444545543097,0.006272513919168609,0.0005428597594258032,-0.002237111136385774,0.0015681284797921522
