target_index,target_context,lineage,lineage_size,pilot_target,heldout_perturbation_outcomes_visible_before_evaluation,allowed_target_information,test_interventions,response_genes
0,CVCL_0023,Lung,15,True,False,DMSO baseline only,93,25695
1,CVCL_0028,Uterus,2,False,False,DMSO baseline only,93,25695
2,CVCL_0069,Skin,4,False,False,DMSO baseline only,93,25695
3,CVCL_0099,Esophagus/Stomach,2,False,False,DMSO baseline only,93,25695
4,CVCL_0131,CNS/Brain,3,False,False,DMSO baseline only,93,25695
5,CVCL_0152,Pancreas,7,False,False,DMSO baseline only,93,25695
6,CVCL_0179,Breast,2,False,False,DMSO baseline only,93,25695
7,CVCL_0218,Bowel,9,False,False,DMSO baseline only,93,25695
8,CVCL_0292,Bowel,9,False,False,DMSO baseline only,93,25695
9,CVCL_0293,Uterus,2,False,False,DMSO baseline only,93,25695
10,CVCL_0320,Bowel,9,False,False,DMSO baseline only,93,25695
11,CVCL_0332,Breast,2,False,False,DMSO baseline only,93,25695
12,CVCL_0334,Pancreas,7,True,False,DMSO baseline only,93,25695
13,CVCL_0359,Bladder/Urinary Tract,1,False,False,DMSO baseline only,93,25695
14,CVCL_0366,Liver,2,False,False,DMSO baseline only,93,25695
15,CVCL_0371,Esophagus/Stomach,2,False,False,DMSO baseline only,93,25695
16,CVCL_0397,Bowel,9,False,False,DMSO baseline only,93,25695
17,CVCL_0399,Bowel,9,False,False,DMSO baseline only,93,25695
18,CVCL_0428,Pancreas,7,False,False,DMSO baseline only,93,25695
19,CVCL_0459,Lung,15,False,False,DMSO baseline only,93,25695
20,CVCL_0480,Pancreas,7,False,False,DMSO baseline only,93,25695
21,CVCL_0504,Bowel,9,False,False,DMSO baseline only,93,25695
22,CVCL_0546,Bowel,9,False,False,DMSO baseline only,93,25695
23,CVCL_1055,Lung,15,False,False,DMSO baseline only,93,25695
24,CVCL_1056,Kidney,1,True,False,DMSO baseline only,93,25695
25,CVCL_1094,Cervix,1,False,False,DMSO baseline only,93,25695
26,CVCL_1097,Skin,4,False,False,DMSO baseline only,93,25695
27,CVCL_1098,Liver,2,False,False,DMSO baseline only,93,25695
28,CVCL_1119,Pancreas,7,False,False,DMSO baseline only,93,25695
29,CVCL_1125,Peripheral Nervous System,1,False,False,DMSO baseline only,93,25695
30,CVCL_1239,CNS/Brain,3,False,False,DMSO baseline only,93,25695
31,CVCL_1285,Lung,15,False,False,DMSO baseline only,93,25695
32,CVCL_1381,Skin,4,False,False,DMSO baseline only,93,25695
33,CVCL_1478,Lung,15,False,False,DMSO baseline only,93,25695
34,CVCL_1495,Lung,15,False,False,DMSO baseline only,93,25695
35,CVCL_1517,Lung,15,False,False,DMSO baseline only,93,25695
36,CVCL_1531,Lung,15,True,False,DMSO baseline only,93,25695
37,CVCL_1547,Lung,15,False,False,DMSO baseline only,93,25695
38,CVCL_1550,Lung,15,False,False,DMSO baseline only,93,25695
39,CVCL_1571,Lung,15,False,False,DMSO baseline only,93,25695
40,CVCL_1577,Lung,15,False,False,DMSO baseline only,93,25695
41,CVCL_1635,Pancreas,7,False,False,DMSO baseline only,93,25695
42,CVCL_1666,Skin,4,False,False,DMSO baseline only,93,25695
43,CVCL_1693,Lung,15,False,False,DMSO baseline only,93,25695
44,CVCL_1715,CNS/Brain,3,False,False,DMSO baseline only,93,25695
45,CVCL_1716,Lung,15,False,False,DMSO baseline only,93,25695
46,CVCL_1717,Bowel,9,False,False,DMSO baseline only,93,25695
47,CVCL_1724,Bowel,9,False,False,DMSO baseline only,93,25695
48,CVCL_1731,Lung,15,False,False,DMSO baseline only,93,25695
49,CVCL_C466,Pancreas,7,True,False,DMSO baseline only,93,25695
