cell_line_id,cell_name,Cell_ID_Cellosaur,Cell_ID_DepMap,Organ,depmap_id,CCLEName,CellLineName,ModelID,OncotreeCode,OncotreeLineage,OncotreePrimaryDisease,OncotreeSubtype,RRID,StrippedCellLineName,exact_id_match,exact_rrid_match,lineage_concordant,mapping_status
CVCL_0023,A549,CVCL_0023,ACH-000681,Lung,ACH-000681,A549_LUNG,A549,ACH-000681,LUAD,Lung,Non-Small Cell Lung Cancer,Lung Adenocarcinoma,CVCL_0023,A549,True,True,True,EXACT_DEPMAP_ID_AND_CELLOSAURUS
CVCL_0028,AN3 CA,CVCL_0028,ACH-000940,Uterus,ACH-000940,AN3CA_ENDOMETRIUM,AN3 CA,ACH-000940,UCEC,Uterus,Endometrial Carcinoma,Endometrial Carcinoma,CVCL_0028,AN3CA,True,True,True,EXACT_DEPMAP_ID_AND_CELLOSAURUS
CVCL_0069,SK-MEL-2,CVCL_0069,ACH-001190,Skin,ACH-001190,SKMEL2_SKIN,SK-MEL-2,ACH-001190,MEL,Skin,Melanoma,Melanoma,CVCL_0069,SKMEL2,True,True,True,EXACT_DEPMAP_ID_AND_CELLOSAURUS
CVCL_0099,SNU-1,CVCL_0099,ACH-000932,Esophagus/Stomach,ACH-000932,SNU1_STOMACH,SNU-1,ACH-000932,STAD,Esophagus/Stomach,Esophagogastric Adenocarcinoma,Stomach Adenocarcinoma,CVCL_0099,SNU1,True,True,True,EXACT_DEPMAP_ID_AND_CELLOSAURUS
CVCL_0131,A-172,CVCL_0131,ACH-000558,CNS/Brain,ACH-000558,A172_CENTRAL_NERVOUS_SYSTEM,A-172,ACH-000558,GB,CNS/Brain,Adult-Type Diffuse Glioma,"Glioblastoma, IDH-Wildtype",CVCL_0131,A172,True,True,True,EXACT_DEPMAP_ID_AND_CELLOSAURUS
CVCL_0152,AsPC-1,CVCL_0152,ACH-000222,Pancreas,ACH-000222,ASPC1_PANCREAS,AsPC-1,ACH-000222,PAAD,Pancreas,Pancreatic Adenocarcinoma,Pancreatic Adenocarcinoma,CVCL_0152,ASPC1,True,True,True,EXACT_DEPMAP_ID_AND_CELLOSAURUS
CVCL_0179,BT-474,CVCL_0179,ACH-000927,Breast,ACH-000927,BT474_BREAST,BT-474,ACH-000927,IDC,Breast,Invasive Breast Carcinoma,Breast Invasive Ductal Carcinoma,CVCL_0179,BT474,True,True,True,EXACT_DEPMAP_ID_AND_CELLOSAURUS
CVCL_0218,COLO 205,CVCL_0218,ACH-001039,Bowel,ACH-001039,COLO205_LARGE_INTESTINE,COLO 205,ACH-001039,COAD,Bowel,Colorectal Adenocarcinoma,Colon Adenocarcinoma,CVCL_0218,COLO205,True,True,True,EXACT_DEPMAP_ID_AND_CELLOSAURUS
CVCL_0292,HCT15,CVCL_0292,ACH-000997,Bowel,ACH-000997,HCT15_LARGE_INTESTINE,HCT-15,ACH-000997,COAD,Bowel,Colorectal Adenocarcinoma,Colon Adenocarcinoma,CVCL_0292,HCT15,True,True,True,EXACT_DEPMAP_ID_AND_CELLOSAURUS
CVCL_0293,HEC-1-A,CVCL_0293,ACH-000954,Uterus,ACH-000954,HEC1A_ENDOMETRIUM,HEC-1-A,ACH-000954,UCEC,Uterus,Endometrial Carcinoma,Endometrial Carcinoma,CVCL_0293,HEC1A,True,True,True,EXACT_DEPMAP_ID_AND_CELLOSAURUS
CVCL_0320,HT-29,CVCL_0320,ACH-000552,Bowel,ACH-000552,HT29_LARGE_INTESTINE,HT-29,ACH-000552,COAD,Bowel,Colorectal Adenocarcinoma,Colon Adenocarcinoma,CVCL_0320,HT29,True,True,True,EXACT_DEPMAP_ID_AND_CELLOSAURUS
CVCL_0332,HS-578T,CVCL_0332,ACH-000148,Breast,ACH-000148,HS578T_BREAST,Hs 578T,ACH-000148,BRCNOS,Breast,Invasive Breast Carcinoma,"Breast Invasive Carcinoma, NOS",CVCL_0332,HS578T,True,True,True,EXACT_DEPMAP_ID_AND_CELLOSAURUS
CVCL_0334,Hs 766T,CVCL_0334,ACH-000178,Pancreas,ACH-000178,HS766T_PANCREAS,Hs 766T,ACH-000178,PAAD,Pancreas,Pancreatic Adenocarcinoma,Pancreatic Adenocarcinoma,CVCL_0334,HS766T,True,True,True,EXACT_DEPMAP_ID_AND_CELLOSAURUS
CVCL_0359,J82,CVCL_0359,ACH-000396,Bladder/Urinary Tract,ACH-000396,J82_URINARY_TRACT,J82,ACH-000396,BLCA,Bladder/Urinary Tract,Bladder Urothelial Carcinoma,Bladder Urothelial Carcinoma,CVCL_0359,J82,True,True,True,EXACT_DEPMAP_ID_AND_CELLOSAURUS
CVCL_0366,SNU-423,CVCL_0366,ACH-000493,Liver,ACH-000493,SNU423_LIVER,SNU-423,ACH-000493,HCC,Liver,Hepatocellular Carcinoma,Hepatocellular Carcinoma,CVCL_0366,SNU423,True,True,True,EXACT_DEPMAP_ID_AND_CELLOSAURUS
CVCL_0371,KATO III,CVCL_0371,ACH-000793,Esophagus/Stomach,ACH-000793,KATOIII_STOMACH,KATO III,ACH-000793,SSRCC,Esophagus/Stomach,Esophagogastric Adenocarcinoma,Signet Ring Cell Carcinoma of the Stomach,CVCL_0371,KATOIII,True,True,True,EXACT_DEPMAP_ID_AND_CELLOSAURUS
CVCL_0397,LS 180,CVCL_0397,ACH-000957,Bowel,ACH-000957,LS180_LARGE_INTESTINE,LS 180,ACH-000957,COAD,Bowel,Colorectal Adenocarcinoma,Colon Adenocarcinoma,CVCL_0397,LS180,True,True,True,EXACT_DEPMAP_ID_AND_CELLOSAURUS
CVCL_0399,LoVo,CVCL_0399,ACH-000950,Bowel,ACH-000950,LOVO_LARGE_INTESTINE,LoVo,ACH-000950,COAD,Bowel,Colorectal Adenocarcinoma,Colon Adenocarcinoma,CVCL_0399,LOVO,True,True,True,EXACT_DEPMAP_ID_AND_CELLOSAURUS
CVCL_0428,MIA PaCa-2,CVCL_0428,ACH-000601,Pancreas,ACH-000601,MIAPACA2_PANCREAS,MIA PaCa-2,ACH-000601,PAAD,Pancreas,Pancreatic Adenocarcinoma,Pancreatic Adenocarcinoma,CVCL_0428,MIAPACA2,True,True,True,EXACT_DEPMAP_ID_AND_CELLOSAURUS
CVCL_0459,NCI-H460,CVCL_0459,ACH-000463,Lung,ACH-000463,NCIH460_LUNG,NCI-H460,ACH-000463,LCLC,Lung,Non-Small Cell Lung Cancer,Large Cell Lung Carcinoma,CVCL_0459,NCIH460,True,True,True,EXACT_DEPMAP_ID_AND_CELLOSAURUS
CVCL_0480,PANC-1,CVCL_0480,ACH-000164,Pancreas,ACH-000164,PANC1_PANCREAS,PANC-1,ACH-000164,PAAD,Pancreas,Pancreatic Adenocarcinoma,Pancreatic Adenocarcinoma,CVCL_0480,PANC1,True,True,True,EXACT_DEPMAP_ID_AND_CELLOSAURUS
CVCL_0504,RKO,CVCL_0504,ACH-000943,Bowel,ACH-000943,RKO_LARGE_INTESTINE,RKO,ACH-000943,COAD,Bowel,Colorectal Adenocarcinoma,Colon Adenocarcinoma,CVCL_0504,RKO,True,True,True,EXACT_DEPMAP_ID_AND_CELLOSAURUS
CVCL_0546,SW480,CVCL_0546,ACH-000842,Bowel,ACH-000842,SW480_LARGE_INTESTINE,SW 480,ACH-000842,COAD,Bowel,Colorectal Adenocarcinoma,Colon Adenocarcinoma,CVCL_0546,SW480,True,True,True,EXACT_DEPMAP_ID_AND_CELLOSAURUS
CVCL_1055,A-427,CVCL_1055,ACH-000757,Lung,ACH-000757,A427_LUNG,A427,ACH-000757,LUAD,Lung,Non-Small Cell Lung Cancer,Lung Adenocarcinoma,CVCL_1055,A427,True,True,True,EXACT_DEPMAP_ID_AND_CELLOSAURUS
CVCL_1056,A498,CVCL_1056,ACH-000555,Kidney,ACH-000555,A498_KIDNEY,A-498,ACH-000555,RCC,Kidney,Renal Cell Carcinoma,Renal Cell Carcinoma,CVCL_1056,A498,True,True,True,EXACT_DEPMAP_ID_AND_CELLOSAURUS
CVCL_1094,C-33 A,CVCL_1094,ACH-001333,Cervix,ACH-001333,C33A_CERVIX,C-33 A,ACH-001333,CESC,Cervix,Cervical Squamous Cell Carcinoma,Cervical Squamous Cell Carcinoma,CVCL_1094,C33A,True,True,True,EXACT_DEPMAP_ID_AND_CELLOSAURUS
CVCL_1097,C32,CVCL_1097,ACH-000580,Skin,ACH-000580,C32_SKIN,C32,ACH-000580,MEL,Skin,Melanoma,Melanoma,CVCL_1097,C32,True,True,True,EXACT_DEPMAP_ID_AND_CELLOSAURUS
CVCL_1098,HepG2/C3A,CVCL_1098,ACH-001021,Liver,ACH-001021,C3A_LIVER,C3A,ACH-001021,LIHB,Liver,Hepatoblastoma,Hepatoblastoma,CVCL_1098,C3A,True,True,True,EXACT_DEPMAP_ID_AND_CELLOSAURUS
CVCL_1119,CFPAC-1,CVCL_1119,ACH-000138,Pancreas,ACH-000138,CFPAC1_PANCREAS,CFPAC-1,ACH-000138,PAAD,Pancreas,Pancreatic Adenocarcinoma,Pancreatic Adenocarcinoma,CVCL_1119,CFPAC1,True,True,True,EXACT_DEPMAP_ID_AND_CELLOSAURUS
CVCL_1125,CHP-212,CVCL_1125,ACH-000120,Peripheral Nervous System,ACH-000120,CHP212_AUTONOMIC_GANGLIA,CHP-212,ACH-000120,NBL,Peripheral Nervous System,Neuroblastoma,Neuroblastoma,CVCL_1125,CHP212,True,True,True,EXACT_DEPMAP_ID_AND_CELLOSAURUS
CVCL_1239,H4,CVCL_1239,ACH-000389,CNS/Brain,ACH-000389,H4_CENTRAL_NERVOUS_SYSTEM,H4,ACH-000389,ASTR,CNS/Brain,Adult-Type Diffuse Glioma,"Astrocytoma, IDH-Mutant",CVCL_1239,H4,True,True,True,EXACT_DEPMAP_ID_AND_CELLOSAURUS
CVCL_1285,HOP62,CVCL_1285,ACH-000861,Lung,ACH-000861,HOP62_LUNG,HOP-62,ACH-000861,LUAD,Lung,Non-Small Cell Lung Cancer,Lung Adenocarcinoma,CVCL_1285,HOP62,True,True,True,EXACT_DEPMAP_ID_AND_CELLOSAURUS
CVCL_1381,LOX-IMVI,CVCL_1381,ACH-000750,Skin,ACH-000750,LOXIMVI_SKIN,LOX IMVI,ACH-000750,MEL,Skin,Melanoma,Melanoma,CVCL_1381,LOXIMVI,True,True,True,EXACT_DEPMAP_ID_AND_CELLOSAURUS
CVCL_1478,NCI-H1573,CVCL_1478,ACH-000916,Lung,ACH-000916,NCIH1573_LUNG,NCI-H1573,ACH-000916,LUAD,Lung,Non-Small Cell Lung Cancer,Lung Adenocarcinoma,CVCL_1478,NCIH1573,True,True,True,EXACT_DEPMAP_ID_AND_CELLOSAURUS
CVCL_1495,NCI-H1792,CVCL_1495,ACH-000496,Lung,ACH-000496,NCIH1792_LUNG,NCI-H1792,ACH-000496,LUAD,Lung,Non-Small Cell Lung Cancer,Lung Adenocarcinoma,CVCL_1495,NCIH1792,True,True,True,EXACT_DEPMAP_ID_AND_CELLOSAURUS
CVCL_1517,NCI-H2030,CVCL_1517,ACH-000521,Lung,ACH-000521,NCIH2030_LUNG,NCI-H2030,ACH-000521,LUAD,Lung,Non-Small Cell Lung Cancer,Lung Adenocarcinoma,CVCL_1517,NCIH2030,True,True,True,EXACT_DEPMAP_ID_AND_CELLOSAURUS
CVCL_1531,NCI-H2122,CVCL_1531,ACH-000311,Lung,ACH-000311,NCIH2122_LUNG,NCI-H2122,ACH-000311,LUAD,Lung,Non-Small Cell Lung Cancer,Lung Adenocarcinoma,CVCL_1531,NCIH2122,True,True,True,EXACT_DEPMAP_ID_AND_CELLOSAURUS
CVCL_1547,NCI-H23,CVCL_1547,ACH-000900,Lung,ACH-000900,NCIH23_LUNG,NCI-H23,ACH-000900,LUAD,Lung,Non-Small Cell Lung Cancer,Lung Adenocarcinoma,CVCL_1547,NCIH23,True,True,True,EXACT_DEPMAP_ID_AND_CELLOSAURUS
CVCL_1550,NCI-H2347,CVCL_1550,ACH-000875,Lung,ACH-000875,NCIH2347_LUNG,NCI-H2347,ACH-000875,LUAD,Lung,Non-Small Cell Lung Cancer,Lung Adenocarcinoma,CVCL_1550,NCIH2347,True,True,True,EXACT_DEPMAP_ID_AND_CELLOSAURUS
CVCL_1571,NCI-H596,CVCL_1571,ACH-000628,Lung,ACH-000628,NCIH596_LUNG,NCI-H596,ACH-000628,LUAS,Lung,Non-Small Cell Lung Cancer,Lung Adenosquamous Carcinoma,CVCL_1571,NCIH596,True,True,True,EXACT_DEPMAP_ID_AND_CELLOSAURUS
CVCL_1577,NCI-H661,CVCL_1577,ACH-000853,Lung,ACH-000853,NCIH661_LUNG,NCI-H661,ACH-000853,LCLC,Lung,Non-Small Cell Lung Cancer,Large Cell Lung Carcinoma,CVCL_1577,NCIH661,True,True,True,EXACT_DEPMAP_ID_AND_CELLOSAURUS
CVCL_1635,Panc 03.27,CVCL_1635,ACH-000139,Pancreas,ACH-000139,PANC0327_PANCREAS,Panc 03.27,ACH-000139,PAAD,Pancreas,Pancreatic Adenocarcinoma,Pancreatic Adenocarcinoma,CVCL_1635,PANC0327,True,True,True,EXACT_DEPMAP_ID_AND_CELLOSAURUS
CVCL_1666,RPMI-7951,CVCL_1666,ACH-000348,Skin,ACH-000348,RPMI7951_SKIN,RPMI-7951,ACH-000348,MEL,Skin,Melanoma,Melanoma,CVCL_1666,RPMI7951,True,True,True,EXACT_DEPMAP_ID_AND_CELLOSAURUS
CVCL_1693,SHP-77,CVCL_1693,ACH-000790,Lung,ACH-000790,SHP77_LUNG,SHP-77,ACH-000790,SCLC,Lung,Lung Neuroendocrine Tumor,Small Cell Lung Cancer,CVCL_1693,SHP77,True,True,True,EXACT_DEPMAP_ID_AND_CELLOSAURUS
CVCL_1715,SW 1088,CVCL_1715,ACH-000437,CNS/Brain,ACH-000437,SW1088_CENTRAL_NERVOUS_SYSTEM,SW 1088,ACH-000437,ASTR,CNS/Brain,Adult-Type Diffuse Glioma,"Astrocytoma, IDH-Mutant",CVCL_1715,SW1088,True,True,True,EXACT_DEPMAP_ID_AND_CELLOSAURUS
CVCL_1716,SW 1271,CVCL_1716,ACH-000890,Lung,ACH-000890,SW1271_LUNG,SW 1271,ACH-000890,,Lung,SMARCA4-deficient undifferentiated tumor,SMARCA4-deficient undifferentiated tumor,CVCL_1716,SW1271,True,True,True,EXACT_DEPMAP_ID_AND_CELLOSAURUS
CVCL_1717,SW1417,CVCL_1717,ACH-000236,Bowel,ACH-000236,SW1417_LARGE_INTESTINE,SW1417,ACH-000236,COAD,Bowel,Colorectal Adenocarcinoma,Colon Adenocarcinoma,CVCL_1717,SW1417,True,True,True,EXACT_DEPMAP_ID_AND_CELLOSAURUS
CVCL_1724,SW48,CVCL_1724,ACH-000958,Bowel,ACH-000958,SW48_LARGE_INTESTINE,SW48,ACH-000958,COAD,Bowel,Colorectal Adenocarcinoma,Colon Adenocarcinoma,CVCL_1724,SW48,True,True,True,EXACT_DEPMAP_ID_AND_CELLOSAURUS
CVCL_1731,SW 900,CVCL_1731,ACH-000669,Lung,ACH-000669,SW900_LUNG,SW 900,ACH-000669,LUSC,Lung,Non-Small Cell Lung Cancer,Lung Squamous Cell Carcinoma,CVCL_1731,SW900,True,True,True,EXACT_DEPMAP_ID_AND_CELLOSAURUS
CVCL_C466,hTERT-HPNE,CVCL_C466,,Pancreas,,,,,,,,,,,False,False,False,UNMAPPED
