lcl_id,historical_row_index,historical_fold,ancestry,population,individual_id,historical_ETOH_group,historical_DEX_group,ARCHS4_ETOH_GSM_group,ARCHS4_DEX_GSM_group,ARCHS4_ETOH_versions,ARCHS4_DEX_versions,included_matched_340,inclusion_exclusion_reason
Line1,0,2,EUR,CEU,GM07000,Line1_ETOH.R1.Aligned.counts,Line1_DEX.R1.Aligned.counts,GSM6268911,GSM6268913,1,1,True,INCLUDED_EXACT_TITLE_IDENTITY
Line101,1,3,EUR,GBR,HG00129,Line101_ETOH.R1.Aligned.counts,Line101_DEX.R1.Aligned.counts,GSM6268926,GSM6268931,1,1,True,INCLUDED_EXACT_TITLE_IDENTITY
Line104,2,3,EUR,GBR,HG00145,Line104_ETOH.R1.Aligned.counts.y,Line104_DEX.R1.Aligned.counts.y,GSM6268980 | GSM6268981 | GSM6268984,GSM6268968 | GSM6268974 | GSM6268985,3,3,True,INCLUDED_EXACT_TITLE_IDENTITY
Line106,3,0,EUR,FIN,HG00178,Line106_ETOH.R1.Aligned.counts,Line106_DEX.R1.Aligned.counts,GSM6268997,GSM6268998,1,1,True,INCLUDED_EXACT_TITLE_IDENTITY
Line107,4,0,EUR,FIN,HG00181,Line107_ETOH.R1.Aligned.counts,Line107_DEX.R1.Aligned.counts,GSM6269005,GSM6269007,1,1,True,INCLUDED_EXACT_TITLE_IDENTITY
Line108,5,0,EUR,FIN,HG00309,Line108_ETOH.R1.Aligned.counts,Line108_DEX.R1.Aligned.counts,GSM6269012,GSM6269017,1,1,True,INCLUDED_EXACT_TITLE_IDENTITY
Line110,6,0,EUR,FIN,HG00335,Line110_ETOH.R1.Aligned.counts,Line110_DEX.R1.Aligned.counts,GSM6269039,GSM6269040,1,1,True,INCLUDED_EXACT_TITLE_IDENTITY
Line111,7,2,EUR,FIN,HG00358,Line111_ETOH.R1.Aligned.counts.x | Line111_ETOH.R1.Aligned.counts.y,Line111_DEX.R1.Aligned.counts.y,GSM6269047 | GSM6269052 | GSM6269060,GSM6269046 | GSM6269049 | GSM6269055,3,3,True,INCLUDED_EXACT_TITLE_IDENTITY
Line113,8,4,EUR,IBS,HG01523,Line113_ETOH.R1.Aligned.counts.y,Line113_DEX.R1.Aligned.counts.x | Line113_DEX.R1.Aligned.counts.y,GSM6269097 | GSM6269098 | GSM6269104,GSM6269095 | GSM6269099 | GSM6269115,3,3,True,INCLUDED_EXACT_TITLE_IDENTITY
Line114,9,2,EUR,IBS,HG01526,Line114_ETOH.R1.Aligned.counts,Line114_DEX.R1.Aligned.counts,GSM6269116,GSM6269121,1,1,True,INCLUDED_EXACT_TITLE_IDENTITY
Line115,10,4,EUR,IBS,HG01614,Line115_ETOH.R1.Aligned.counts,Line115_DEX.R1.Aligned.counts,GSM6269127,GSM6269125,1,1,True,INCLUDED_EXACT_TITLE_IDENTITY
Line116,11,0,EUR,IBS,HG01622,Line116_ETOH.R1.Aligned.counts.x | Line116_ETOH.R1.Aligned.counts.y,Line116_DEX.R1.Aligned.counts.x | Line116_DEX.R1.Aligned.counts.y,GSM6269133 | GSM6269139 | GSM6269143,GSM6269137 | GSM6269153 | GSM6269155,3,3,True,INCLUDED_EXACT_TITLE_IDENTITY
Line117,12,2,EUR,IBS,HG01703,Line117_ETOH.R1.Aligned.counts,Line117_DEX.R1.Aligned.counts,GSM6269156,GSM6269163,1,1,True,INCLUDED_EXACT_TITLE_IDENTITY
Line119,13,1,AFR,GWD,HG02817,Line119_ETOH.R1.Aligned.counts,Line119_DEX.R1.Aligned.counts,GSM6269175,GSM6269174,1,1,True,INCLUDED_EXACT_TITLE_IDENTITY
Line121,14,2,AFR,GWD,HG02869,Line121_ETOH.R1.Aligned.counts,Line121_DEX.R1.Aligned.counts,GSM6269219,GSM6269218,1,1,True,INCLUDED_EXACT_TITLE_IDENTITY
Line122,15,4,AFR,GWD,HG02884,Line122_ETOH.R1.Aligned.counts,Line122_DEX.R1.Aligned.counts,GSM6269221,GSM6269220,1,1,True,INCLUDED_EXACT_TITLE_IDENTITY
Line123,16,3,AFR,ESN,HG03105,Line123_ETOH.R1.Aligned.counts.x | Line123_ETOH.R1.Aligned.counts.y,Line123_DEX.R1.Aligned.counts.x | Line123_DEX.R1.Aligned.counts.y,GSM6269229 | GSM6269238 | GSM6269251,GSM6269228 | GSM6269241 | GSM6269246,3,3,True,INCLUDED_EXACT_TITLE_IDENTITY
Line126,17,0,EUR,CEU,GM12832,Line126_ETOH.R1.Aligned.counts,Line126_DEX.R1.Aligned.counts,GSM6269272,GSM6269275,1,1,True,INCLUDED_EXACT_TITLE_IDENTITY
Line127,18,3,AFR,YRI,GM18503,Line127_ETOH.R1.Aligned.counts,Line127_DEX.R1.Aligned.counts,GSM6269278,GSM6269279,1,1,True,INCLUDED_EXACT_TITLE_IDENTITY
Line128,19,1,AFR,YRI,GM18879,Line128_ETOH.R1.Aligned.counts.x | Line128_ETOH.R1.Aligned.counts.y,Line128_DEX.R1.Aligned.counts.x | Line128_DEX.R1.Aligned.counts.y,GSM6269290 | GSM6269293 | GSM6269298,GSM6269284 | GSM6269288 | GSM6269307,3,3,True,INCLUDED_EXACT_TITLE_IDENTITY
Line129,20,3,AFR,LWK,GM19350,Line129_ETOH.R1.Aligned.counts,Line129_DEX.R1.Aligned.counts,GSM6269314,GSM6269312,1,1,True,INCLUDED_EXACT_TITLE_IDENTITY
Line13,21,3,AFR,GWD,HG02625,Line13_ETOH.R1.Aligned.counts.y,Line13_DEX.R1.Aligned.counts.y,GSM6269322 | GSM6269334 | GSM6269339,GSM6269318 | GSM6269323 | GSM6269331,3,3,True,INCLUDED_EXACT_TITLE_IDENTITY
Line131,22,1,AFR,LWK,GM19385,Line131_ETOH.R1.Aligned.counts,Line131_DEX.R1.Aligned.counts,GSM6269349,GSM6269350,1,1,True,INCLUDED_EXACT_TITLE_IDENTITY
Line132,23,1,AFR,LWK,GM19391,Line132_ETOH.R1.Aligned.counts,Line132_DEX.R1.Aligned.counts,GSM6269357,GSM6269363,1,1,True,INCLUDED_EXACT_TITLE_IDENTITY
Line133,24,2,AFR,LWK,GM19452,Line133_ETOH.R1.Aligned.counts,Line133_DEX.R1.Aligned.counts,GSM6269370,GSM6269368,1,1,True,INCLUDED_EXACT_TITLE_IDENTITY
Line134,25,3,EUR,TSI,GM20759,Line134_ETOH.R1.Aligned.counts,Line134_DEX.R1.Aligned.counts,GSM6269376,GSM6269375,1,1,True,INCLUDED_EXACT_TITLE_IDENTITY
Line135,26,2,EUR,TSI,GM20760,Line135_ETOH.R1.Aligned.counts,Line135_DEX.R1.Aligned.counts,GSM6269382,GSM6269381,1,1,True,INCLUDED_EXACT_TITLE_IDENTITY
Line136,27,4,EUR,TSI,GM20766,Line136_ETOH.R1.Aligned.counts,Line136_DEX.R1.Aligned.counts,GSM6269390,GSM6269388,1,1,True,INCLUDED_EXACT_TITLE_IDENTITY
Line137,28,0,EUR,TSI,GM20790,Line137_ETOH.R1.Aligned.counts,Line137_DEX.R1.Aligned.counts,GSM6269398,GSM6269397,1,1,True,INCLUDED_EXACT_TITLE_IDENTITY
Line138,29,1,EUR,TSI,GM20813,Line138_ETOH.R1.Aligned.counts.x | Line138_ETOH.R1.Aligned.counts.y,Line138_DEX.R1.Aligned.counts.y,GSM6269411 | GSM6269416 | GSM6269426,GSM6269410 | GSM6269413 | GSM6269421,3,3,True,INCLUDED_EXACT_TITLE_IDENTITY
Line139,30,2,EUR,GBR,HG00256,Line139_ETOH.R1.Aligned.counts,Line139_DEX.R1.Aligned.counts,GSM6269429,GSM6269428,1,1,True,INCLUDED_EXACT_TITLE_IDENTITY
Line14,31,2,AFR,GWD,HG02642,Line14_ETOH.R1.Aligned.counts,Line14_DEX.R1.Aligned.counts,GSM6269437,GSM6269438,1,1,True,INCLUDED_EXACT_TITLE_IDENTITY
Line141,32,4,AFR,ESN,HG03117,Line141_ETOH.R1.Aligned.counts,Line141_DEX.R1.Aligned.counts,GSM6269452,GSM6269459,1,1,True,INCLUDED_EXACT_TITLE_IDENTITY
Line144,33,3,AFR,ESN,HG03341,Line144_ETOH.R1.Aligned.counts,Line144_DEX.R1.Aligned.counts,GSM6269465,GSM6269462,1,1,True,INCLUDED_EXACT_TITLE_IDENTITY
Line145,34,2,AFR,ESN,HG03361,Line145_ETOH.R1.Aligned.counts.x | Line145_ETOH.R1.Aligned.counts.y,Line145_DEX.R1.Aligned.counts.x | Line145_DEX.R1.Aligned.counts.y,GSM6269487 | GSM6269488 | GSM6269490,GSM6269468 | GSM6269479 | GSM6269486,3,3,True,INCLUDED_EXACT_TITLE_IDENTITY
Line146,35,2,AFR,MSL,HG03433,Line146_ETOH.R1.Aligned.counts.x | Line146_ETOH.R1.Aligned.counts.y,Line146_DEX.R1.Aligned.counts.x | Line146_DEX.R1.Aligned.counts.y,GSM6269493 | GSM6269500 | GSM6269503,GSM6269492 | GSM6269504 | GSM6269509,3,3,True,INCLUDED_EXACT_TITLE_IDENTITY
Line147,36,1,AFR,MSL,HG03446,Line147_ETOH.R1.Aligned.counts.x | Line147_ETOH.R1.Aligned.counts.y,Line147_DEX.R1.Aligned.counts.x | Line147_DEX.R1.Aligned.counts.y,GSM6269526 | GSM6269529 | GSM6269535,GSM6269516 | GSM6269528 | GSM6269530,3,3,True,INCLUDED_EXACT_TITLE_IDENTITY
Line149,37,4,AFR,GWD,HG03538,Line149_ETOH.R1.Aligned.counts,Line149_DEX.R1.Aligned.counts,GSM6269543,GSM6269546,1,1,True,INCLUDED_EXACT_TITLE_IDENTITY
Line152,38,1,EUR,CEU,GM12767,Line152_ETOH.R1.Aligned.counts,Line152_DEX.R1.Aligned.counts,GSM6269581,GSM6269585,1,1,True,INCLUDED_EXACT_TITLE_IDENTITY
Line155,39,2,EUR,FIN,HG00272,Line155_ETOH.R1.Aligned.counts,Line155_DEX.R1.Aligned.counts,GSM6269621,GSM6269626,1,1,True,INCLUDED_EXACT_TITLE_IDENTITY
Line157,40,0,EUR,FIN,HG00306,Line157_ETOH.R1.Aligned.counts,Line157_DEX.R1.Aligned.counts,GSM6269637,GSM6269642,1,1,True,INCLUDED_EXACT_TITLE_IDENTITY
Line158,41,3,EUR,FIN,HG00323,Line158_ETOH.R1.Aligned.counts,Line158_DEX.R1.Aligned.counts,GSM6269649,GSM6269645,1,1,True,INCLUDED_EXACT_TITLE_IDENTITY
Line16,42,0,AFR,GWD,HG02852,Line16_ETOH.R1.Aligned.counts,Line16_DEX.R1.Aligned.counts,GSM6269663,GSM6269664,1,1,True,INCLUDED_EXACT_TITLE_IDENTITY
Line160,43,0,EUR,FIN,HG00344,Line160_ETOH.R1.Aligned.counts.x | Line160_ETOH.R1.Aligned.counts.y,Line160_DEX.R1.Aligned.counts.x | Line160_DEX.R1.Aligned.counts.y,GSM6269680 | GSM6269686 | GSM6269690,GSM6269675 | GSM6269688 | GSM6269691,3,3,True,INCLUDED_EXACT_TITLE_IDENTITY
Line161,44,4,EUR,FIN,HG00368,Line161_ETOH.R1.Aligned.counts,Line161_DEX.R1.Aligned.counts,GSM6269695 | GSM6269703 | GSM6269711,GSM6269700 | GSM6269707 | GSM6269710,3,3,True,INCLUDED_EXACT_TITLE_IDENTITY
Line17,45,2,AFR,ESN,HG02969,Line17_ETOH.R1.Aligned.counts,Line17_DEX.R1.Aligned.counts,GSM6269849,GSM6269851,1,1,True,INCLUDED_EXACT_TITLE_IDENTITY
Line174,46,0,AFR,ESN,HG03120,Line174_ETOH.R1.Aligned.counts,Line174_DEX.R1.Aligned.counts,GSM6269900,GSM6269902,1,1,True,INCLUDED_EXACT_TITLE_IDENTITY
Line175,47,1,AFR,ESN,HG03203,Line175_ETOH.R1.Aligned.counts,Line175_DEX.R1.Aligned.counts,GSM6269910,GSM6269912,1,1,True,INCLUDED_EXACT_TITLE_IDENTITY
Line177,48,1,AFR,YRI,GM18519,Line177_ETOH.R1.Aligned.counts,Line177_DEX.R1.Aligned.counts,GSM6269927,GSM6269925,1,1,True,INCLUDED_EXACT_TITLE_IDENTITY
Line178,49,1,AFR,YRI,GM18869,Line178_ETOH.R1.Aligned.counts,Line178_DEX.R1.Aligned.counts,GSM6269933,GSM6269939,1,1,True,INCLUDED_EXACT_TITLE_IDENTITY
Line179,50,2,AFR,YRI,GM18911,Line179_ETOH.R1.Aligned.counts,Line179_DEX.R1.Aligned.counts,GSM6269943 | GSM6269949 | GSM6269957,GSM6269945 | GSM6269959 | GSM6269963,3,3,True,INCLUDED_EXACT_TITLE_IDENTITY
Line180,51,0,AFR,YRI,GM18934,Line180_ETOH.R1.Aligned.counts,Line180_DEX.R1.Aligned.counts,GSM6269973 | GSM6269984 | GSM6269992,GSM6269972 | GSM6269974 | GSM6269978,3,3,True,INCLUDED_EXACT_TITLE_IDENTITY
Line181,52,2,AFR,YRI,GM19094,Line181_ETOH.R1.Aligned.counts,Line181_DEX.R1.Aligned.counts,GSM6270002 | GSM6270009 | GSM6270018,GSM6269999 | GSM6270005 | GSM6270017,3,3,True,INCLUDED_EXACT_TITLE_IDENTITY
Line184,53,2,AFR,YRI,GM19258,Line184_ETOH.R1.Aligned.counts.y,Line184_DEX.R1.Aligned.counts.x | Line184_DEX.R1.Aligned.counts.y,GSM6270064 | GSM6270065 | GSM6270067,GSM6270057 | GSM6270069 | GSM6270073,3,3,True,INCLUDED_EXACT_TITLE_IDENTITY
Line185,54,1,AFR,LWK,GM19315,Line185_ETOH.R1.Aligned.counts,Line185_DEX.R1.Aligned.counts,GSM6270079 | GSM6270086 | GSM6270090,GSM6270083 | GSM6270092 | GSM6270095,3,3,True,INCLUDED_EXACT_TITLE_IDENTITY
Line186,55,3,AFR,LWK,GM19395,Line186_ETOH.R1.Aligned.counts,Line186_DEX.R1.Aligned.counts,GSM6270100,GSM6270107,1,1,True,INCLUDED_EXACT_TITLE_IDENTITY
Line187,56,0,AFR,LWK,GM19474,Line187_ETOH.R1.Aligned.counts,Line187_DEX.R1.Aligned.counts,GSM6270122 | GSM6270126 | GSM6270128,GSM6270108 | GSM6270118 | GSM6270124,3,3,True,INCLUDED_EXACT_TITLE_IDENTITY
Line188,57,2,EUR,TSI,GM20536,Line188_ETOH.R1.Aligned.counts.x | Line188_ETOH.R1.Aligned.counts.y,Line188_DEX.R1.Aligned.counts.x | Line188_DEX.R1.Aligned.counts.y,GSM6270140 | GSM6270142 | GSM6270145,GSM6270136 | GSM6270144 | GSM6270150,3,3,True,INCLUDED_EXACT_TITLE_IDENTITY
Line19,58,4,AFR,MSL,HG03078,Line19_ETOH.R1.Aligned.counts.x | Line19_ETOH.R1.Aligned.counts.y,Line19_DEX.R1.Aligned.counts.x | Line19_DEX.R1.Aligned.counts.y,GSM6270169 | GSM6270172 | GSM6270187,GSM6270171 | GSM6270179 | GSM6270181,3,3,True,INCLUDED_EXACT_TITLE_IDENTITY
Line190,59,3,EUR,TSI,GM20773,Line190_ETOH.R1.Aligned.counts,Line190_DEX.R1.Aligned.counts,GSM6270191,GSM6270189,1,1,True,INCLUDED_EXACT_TITLE_IDENTITY
Line192,60,2,EUR,TSI,GM20807,Line192_ETOH.R1.Aligned.counts,Line192_DEX.R1.Aligned.counts,GSM6270196,GSM6270198,1,1,True,INCLUDED_EXACT_TITLE_IDENTITY
Line193,61,3,AFR,GWD,HG03034,Line193_ETOH.R1.Aligned.counts.x | Line193_ETOH.R1.Aligned.counts.y,Line193_DEX.R1.Aligned.counts.y,GSM6270207 | GSM6270216 | GSM6270227,GSM6270210 | GSM6270211 | GSM6270222,3,3,True,INCLUDED_EXACT_TITLE_IDENTITY
Line195,62,0,AFR,ESN,HG03100,Line195_ETOH.R1.Aligned.counts,Line195_DEX.R1.Aligned.counts,GSM6270238,GSM6270241,1,1,True,INCLUDED_EXACT_TITLE_IDENTITY
Line197,63,2,AFR,ESN,HG03363,Line197_ETOH.R1.Aligned.counts,Line197_DEX.R1.Aligned.counts,GSM6270257 | GSM6270261 | GSM6270272,GSM6270255 | GSM6270258 | GSM6270269,3,3,True,INCLUDED_EXACT_TITLE_IDENTITY
Line198,64,0,AFR,MSL,HG03381,Line198_ETOH.R1.Aligned.counts,Line198_DEX.R1.Aligned.counts,GSM6270281,GSM6270279,1,1,True,INCLUDED_EXACT_TITLE_IDENTITY
Line199,65,1,AFR,ESN,HG03499,Line199_ETOH.R1.Aligned.counts,Line199_DEX.R1.Aligned.counts,GSM6270299 | GSM6270302 | GSM6270304,GSM6270284 | GSM6270293 | GSM6270296,3,3,True,INCLUDED_EXACT_TITLE_IDENTITY
Line200,66,0,AFR,ESN,HG03515,Sample_Line200-ETOH.R1.Aligned.counts,Sample_Line200-DEX.R1.Aligned.counts,GSM6270327,GSM6270333,1,1,True,INCLUDED_EXACT_TITLE_IDENTITY
Line201,67,0,EUR,CEU,GM07048,Sample_Line201-ETOH.R1.Aligned.counts,Sample_Line201-DEX.R1.Aligned.counts,GSM6270344,GSM6270339,1,1,True,INCLUDED_EXACT_TITLE_IDENTITY
Line204,68,2,AFR,YRI,GM18485,Sample_Line204-ETOH.R1.Aligned.counts,Sample_Line204-DEX.R1.Aligned.counts,GSM6270380,GSM6270378,1,1,True,INCLUDED_EXACT_TITLE_IDENTITY
Line206,69,1,AFR,LWK,GM19378,Sample_Line206-ETOH.R1.Aligned.counts,Sample_Line206-DEX.R1.Aligned.counts,GSM6270404,GSM6270396,1,1,True,INCLUDED_EXACT_TITLE_IDENTITY
Line207,70,1,EUR,TSI,GM20532,Sample_Line207-ETOH.R1.Aligned.counts,Sample_Line207-DEX.R1.Aligned.counts,GSM6270409,GSM6270418,1,1,True,INCLUDED_EXACT_TITLE_IDENTITY
Line208,71,1,EUR,TSI,GM20537,Sample_Line208-ETOH.R1.Aligned.counts,Sample_Line208-DEX.R1.Aligned.counts,GSM6270421,GSM6270428,1,1,True,INCLUDED_EXACT_TITLE_IDENTITY
Line209,72,4,EUR,FIN,HG00183,Sample_Line209-ETOH.R1.Aligned.counts,Sample_Line209-DEX.R1.Aligned.counts,GSM6270435,GSM6270432,1,1,True,INCLUDED_EXACT_TITLE_IDENTITY
Line210,73,2,EUR,GBR,HG00254,Sample_Line210-ETOH.R1.Aligned.counts,Sample_Line210-DEX.R1.Aligned.counts,GSM6270475,GSM6270477,1,1,True,INCLUDED_EXACT_TITLE_IDENTITY
Line211,74,3,EUR,GBR,HG00259,Sample_Line211-ETOH.R1.Aligned.counts,Sample_Line211-DEX.R1.Aligned.counts,GSM6270483,GSM6270487,1,1,True,INCLUDED_EXACT_TITLE_IDENTITY
Line212,75,0,EUR,FIN,HG00270,Sample_Line212-ETOH.R1.Aligned.counts,Sample_Line212-DEX.R1.Aligned.counts,GSM6270494,GSM6270496,1,1,True,INCLUDED_EXACT_TITLE_IDENTITY
Line214,76,2,EUR,IBS,HG01774,Sample_Line214-ETOH.R1.Aligned.counts,Sample_Line214-DEX.R1.Aligned.counts,GSM6270525,GSM6270519,1,1,True,INCLUDED_EXACT_TITLE_IDENTITY
Line215,77,4,EUR,IBS,HG02232,Sample_Line215-ETOH.R1.Aligned.counts,Sample_Line215-DEX.R1.Aligned.counts,GSM6270532,GSM6270538,1,1,True,INCLUDED_EXACT_TITLE_IDENTITY
Line217,78,4,AFR,MSL,HG03061,Sample_Line217-ETOH.R1.Aligned.counts,Sample_Line217-DEX.R1.Aligned.counts,GSM6270553,GSM6270557,1,1,True,INCLUDED_EXACT_TITLE_IDENTITY
Line222,79,0,AFR,MSL,HG03401,Sample_Line222-ETOH.R1.Aligned.counts,Sample_Line222-DEX.R1.Aligned.counts,GSM6270641,GSM6270646,1,1,True,INCLUDED_EXACT_TITLE_IDENTITY
Line223,80,0,AFR,MSL,HG03445,Sample_Line223-v1-ETOH.R1.Aligned.counts | Sample_Line223-v2-ETOH.R1.Aligned.counts,Sample_Line223-v1-DEX.R1.Aligned.counts | Sample_Line223-v2-DEX.R1.Aligned.counts,,,0,0,False,EXCLUDED_UNRESOLVED_GEO_IDENTITY
Line224,81,3,AFR,MSL,HG03474,Sample_Line224-ETOH.R1.Aligned.counts,Sample_Line224-DEX.R1.Aligned.counts,GSM6270658,GSM6270649,1,1,True,INCLUDED_EXACT_TITLE_IDENTITY
Line225,82,0,AFR,MSL,HG03577,Sample_Line225-ETOH.R1.Aligned.counts,Sample_Line225-DEX.R1.Aligned.counts,GSM6270664,GSM6270660,1,1,True,INCLUDED_EXACT_TITLE_IDENTITY
Line227,83,2,AFR,YRI,GM18498,Sample_Line227-ETOH.R1.Aligned.counts,Sample_Line227-DEX.R1.Aligned.counts,GSM6270694,GSM6270686,1,1,True,INCLUDED_EXACT_TITLE_IDENTITY
Line228,84,2,AFR,YRI,GM18506,Sample_Line228-ETOH.R1.Aligned.counts,Sample_Line228-DEX.R1.Aligned.counts,GSM6270707,GSM6270702,1,1,True,INCLUDED_EXACT_TITLE_IDENTITY
Line229,85,2,AFR,YRI,GM18917,Sample_Line229-ETOH.R1.Aligned.counts,Sample_Line229-DEX.R1.Aligned.counts,GSM6270710,GSM6270709,1,1,True,INCLUDED_EXACT_TITLE_IDENTITY
Line230,86,3,AFR,LWK,GM19017,Sample_Line230-ETOH.R1.Aligned.counts,Sample_Line230-DEX.R1.Aligned.counts,GSM6270734,GSM6270737,1,1,True,INCLUDED_EXACT_TITLE_IDENTITY
Line231,87,2,AFR,LWK,GM19044,Sample_Line231-ETOH.R1.Aligned.counts,Sample_Line231-DEX.R1.Aligned.counts,GSM6270746,GSM6270747,1,1,True,INCLUDED_EXACT_TITLE_IDENTITY
Line232,88,3,AFR,YRI,GM19123,Sample_Line232-ETOH.R1.Aligned.counts,Sample_Line232-DEX.R1.Aligned.counts,GSM6270759,GSM6270763,1,1,True,INCLUDED_EXACT_TITLE_IDENTITY
Line234,89,1,AFR,LWK,GM19393,Sample_Line234-ETOH.R1.Aligned.counts,Sample_Line234-DEX.R1.Aligned.counts,GSM6270769,GSM6270766,1,1,True,INCLUDED_EXACT_TITLE_IDENTITY
Line235,90,0,EUR,TSI,GM20511,Sample_Line235-ETOH.R1.Aligned.counts,Sample_Line235-DEX.R1.Aligned.counts,GSM6270781,GSM6270780,1,1,True,INCLUDED_EXACT_TITLE_IDENTITY
Line236,91,0,EUR,TSI,GM20796,Sample_Line236-ETOH.R1.Aligned.counts,Sample_Line236-DEX.R1.Aligned.counts,GSM6270791,GSM6270798,1,1,True,INCLUDED_EXACT_TITLE_IDENTITY
Line237,92,3,EUR,TSI,GM20803,Sample_Line237-ETOH.R1.Aligned.counts,Sample_Line237-DEX.R1.Aligned.counts,GSM6270805,GSM6270808,1,1,True,INCLUDED_EXACT_TITLE_IDENTITY
Line238,93,3,EUR,TSI,GM20811,Sample_Line238-ETOH.R1.Aligned.counts,Sample_Line238-DEX.R1.Aligned.counts,GSM6270820,GSM6270813,1,1,True,INCLUDED_EXACT_TITLE_IDENTITY
Line239,94,3,EUR,FIN,HG00332,Sample_Line239-ETOH.R1.Aligned.counts,Sample_Line239-DEX.R1.Aligned.counts,GSM6270832,GSM6270835,1,1,True,INCLUDED_EXACT_TITLE_IDENTITY
Line241,95,0,EUR,FIN,HG00361,Sample_Line241-ETOH.R1.Aligned.counts,Sample_Line241-DEX.R1.Aligned.counts,GSM6270847,GSM6270852,1,1,True,INCLUDED_EXACT_TITLE_IDENTITY
Line242,96,1,EUR,FIN,HG00383,Sample_Line242-ETOH.R1.Aligned.counts,Sample_Line242-DEX.R1.Aligned.counts,GSM6270857,GSM6270866,1,1,True,INCLUDED_EXACT_TITLE_IDENTITY
Line244,97,3,EUR,IBS,HG02236,Sample_Line244-ETOH.R1.Aligned.counts,Sample_Line244-DEX.R1.Aligned.counts,GSM6270875,GSM6270879,1,1,True,INCLUDED_EXACT_TITLE_IDENTITY
Line248,98,3,AFR,ESN,HG03134,Sample_Line248-ETOH.R1.Aligned.counts,Sample_Line248-DEX.R1.Aligned.counts,GSM6270914,GSM6270915,1,1,True,INCLUDED_EXACT_TITLE_IDENTITY
Line249,99,3,AFR,ESN,HG03305,Sample_Line249-ETOH.R1.Aligned.counts,Sample_Line249-DEX.R1.Aligned.counts,GSM6270919,GSM6270925,1,1,True,INCLUDED_EXACT_TITLE_IDENTITY
Line251,100,4,EUR,CEU,GM10837,Line251_ETOH.R1.Aligned.counts,Line251_DEX.R1.Aligned.counts,GSM6270966,GSM6270971,1,1,True,INCLUDED_EXACT_TITLE_IDENTITY
Line254,101,3,EUR,GBR,HG00121,Line254_ETOH.R1.Aligned.counts,Line254_DEX.R1.Aligned.counts,GSM6270992,GSM6270988,1,1,True,INCLUDED_EXACT_TITLE_IDENTITY
Line255,102,3,EUR,GBR,HG00152,Line255_ETOH.R1.Aligned.counts,Line255_DEX.R1.Aligned.counts,GSM6271000,GSM6271001,1,1,True,INCLUDED_EXACT_TITLE_IDENTITY
Line256,103,3,EUR,GBR,HG00234,Line256_ETOH.R1.Aligned.counts,Line256_DEX.R1.Aligned.counts,GSM6271009,GSM6271007,1,1,True,INCLUDED_EXACT_TITLE_IDENTITY
Line259,104,1,EUR,FIN,HG00366,Line259_ETOH.R1.Aligned.counts,Line259_DEX.R1.Aligned.counts,GSM6271044,GSM6271046,1,1,True,INCLUDED_EXACT_TITLE_IDENTITY
Line261,105,1,EUR,IBS,HG01519,Line261_ETOH.R1.Aligned.counts,Line261_DEX.R1.Aligned.counts,GSM6271070,GSM6271071,1,1,True,INCLUDED_EXACT_TITLE_IDENTITY
Line262,106,3,EUR,IBS,HG01674,Line262_ETOH.R1.Aligned.counts,Line262_DEX.R1.Aligned.counts,GSM6271077,GSM6271081,1,1,True,INCLUDED_EXACT_TITLE_IDENTITY
Line264,107,4,EUR,IBS,HG01700,Line264_ETOH.R1.Aligned.counts,Line264_DEX.R1.Aligned.counts,GSM6271090,GSM6271085,1,1,True,INCLUDED_EXACT_TITLE_IDENTITY
Line266,108,1,EUR,IBS,HG02240,Line266_ETOH.R1.Aligned.counts.x | Line266_ETOH.R1.Aligned.counts.y,Line266_DEX.R1.Aligned.counts.x | Line266_DEX.R1.Aligned.counts.y,GSM6271119 | GSM6271124 | GSM6271134,GSM6271116 | GSM6271131 | GSM6271136,3,3,True,INCLUDED_EXACT_TITLE_IDENTITY
Line267,109,1,AFR,GWD,HG02612,Line267_ETOH.R1.Aligned.counts,Line267_DEX.R1.Aligned.counts,GSM6271145,GSM6271147,1,1,True,INCLUDED_EXACT_TITLE_IDENTITY
Line269,110,0,AFR,GWD,HG02770,Line269_ETOH.R1.Aligned.counts,Line269_DEX.R1.Aligned.counts,GSM6271173,GSM6271174,1,1,True,INCLUDED_EXACT_TITLE_IDENTITY
Line275,111,4,EUR,CEU,GM10847,Line275_ETOH.R1.Aligned.counts,Line275_DEX.R1.Aligned.counts,GSM6271283,GSM6271276,1,1,True,INCLUDED_EXACT_TITLE_IDENTITY
Line276,112,3,EUR,CEU,GM10856,Line276_ETOH.R1.Aligned.counts,Line276_DEX.R1.Aligned.counts,GSM6271290,GSM6271286,1,1,True,INCLUDED_EXACT_TITLE_IDENTITY
Line278,113,3,AFR,YRI,GM18875,Line278_ETOH.R1.Aligned.counts,Line278_DEX.R1.Aligned.counts,GSM6271304,GSM6271307,1,1,True,INCLUDED_EXACT_TITLE_IDENTITY
Line28,114,0,AFR,LWK,GM19036,Line28_ETOH.R1.Aligned.counts,Line28_DEX.R1.Aligned.counts,GSM6271333,GSM6271334,1,1,True,INCLUDED_EXACT_TITLE_IDENTITY
Line280,115,0,AFR,LWK,GM19028,Line280_ETOH.R1.Aligned.counts,Line280_DEX.R1.Aligned.counts,GSM6271345,GSM6271343,1,1,True,INCLUDED_EXACT_TITLE_IDENTITY
Line281,116,1,AFR,YRI,GM19173,Line281_ETOH.R1.Aligned.counts,Line281_DEX.R1.Aligned.counts,GSM6271352,GSM6271351,1,1,True,INCLUDED_EXACT_TITLE_IDENTITY
Line282,117,1,AFR,LWK,GM19318,Line282_ETOH.R1.Aligned.counts,Line282_DEX.R1.Aligned.counts,GSM6271360,GSM6271361,1,1,True,INCLUDED_EXACT_TITLE_IDENTITY
Line283,118,1,AFR,LWK,GM19319,Line283_ETOH.R1.Aligned.counts,Line283_DEX.R1.Aligned.counts,GSM6271364,GSM6271370,1,1,True,INCLUDED_EXACT_TITLE_IDENTITY
Line284,119,4,AFR,LWK,GM19429,Line284_ETOH.R1.Aligned.counts,Line284_DEX.R1.Aligned.counts,GSM6271379,GSM6271374,1,1,True,INCLUDED_EXACT_TITLE_IDENTITY
Line285,120,3,EUR,TSI,GM20522,Line285_ETOH.R1.Aligned.counts,Line285_DEX.R1.Aligned.counts,GSM6271382,GSM6271383,1,1,True,INCLUDED_EXACT_TITLE_IDENTITY
Line286,121,0,EUR,TSI,GM20531,Line286_ETOH.R1.Aligned.counts,Line286_DEX.R1.Aligned.counts,GSM6271390,GSM6271389,1,1,True,INCLUDED_EXACT_TITLE_IDENTITY
Line287,122,0,EUR,TSI,GM20758,Line287_ETOH.R1.Aligned.counts,Line287_DEX.R1.Aligned.counts,GSM6271402,GSM6271400,1,1,True,INCLUDED_EXACT_TITLE_IDENTITY
Line288,123,4,EUR,TSI,GM20800,Line288_ETOH.R1.Aligned.counts.x | Line288_ETOH.R1.Aligned.counts.y,Line288_DEX.R1.Aligned.counts.y,GSM6271410 | GSM6271414 | GSM6271424,GSM6271408 | GSM6271419 | GSM6271422,3,3,True,INCLUDED_EXACT_TITLE_IDENTITY
Line29,124,1,AFR,YRI,GM19097,Line29_ETOH.R1.Aligned.counts.y,Line29_DEX.R1.Aligned.counts.x | Line29_DEX.R1.Aligned.counts.y,GSM6271457 | GSM6271458 | GSM6271459,GSM6271438 | GSM6271447 | GSM6271448,3,3,True,INCLUDED_EXACT_TITLE_IDENTITY
Line290,125,3,EUR,TSI,GM20819,Line290_ETOH.R1.Aligned.counts,Line290_DEX.R1.Aligned.counts,GSM6271466,GSM6271467,1,1,True,INCLUDED_EXACT_TITLE_IDENTITY
Line292,126,2,EUR,GBR,HG00263,Line292_ETOH.R1.Aligned.counts,Line292_DEX.R1.Aligned.counts,GSM6271493,GSM6271498,1,1,True,INCLUDED_EXACT_TITLE_IDENTITY
Line293,127,0,AFR,ESN,HG03374,Line293_ETOH.R1.Aligned.counts,Line293_DEX.R1.Aligned.counts,GSM6271507,GSM6271504,1,1,True,INCLUDED_EXACT_TITLE_IDENTITY
Line295,128,1,AFR,MSL,HG03393,Line295_ETOH.R1.Aligned.counts,Line295_DEX.R1.Aligned.counts,GSM6271518,GSM6271523,1,1,True,INCLUDED_EXACT_TITLE_IDENTITY
Line296,129,0,AFR,MSL,HG03439,Line296_ETOH.R1.Aligned.counts,Line296_DEX.R1.Aligned.counts,GSM6271527,GSM6271525,1,1,True,INCLUDED_EXACT_TITLE_IDENTITY
Line297,130,0,AFR,MSL,HG03458,Line297_ETOH.R1.Aligned.counts,Line297_DEX.R1.Aligned.counts,GSM6271535,GSM6271538,1,1,True,INCLUDED_EXACT_TITLE_IDENTITY
Line299,131,4,AFR,MSL,HG03572,Line299_ETOH.R1.Aligned.counts,Line299_DEX.R1.Aligned.counts,GSM6271548,GSM6271552,1,1,True,INCLUDED_EXACT_TITLE_IDENTITY
Line302,132,4,EUR,GBR,HG00142,Line302_ETOH.R1.Aligned.counts,Line302_DEX.R1.Aligned.counts,GSM6271586,GSM6271582,1,1,True,INCLUDED_EXACT_TITLE_IDENTITY
Line304,133,1,EUR,GBR,HG00150,Line304_ETOH.R1.Aligned.counts.y,Line304_DEX.R1.Aligned.counts.x | Line304_DEX.R1.Aligned.counts.y,GSM6271609 | GSM6271610 | GSM6271624,GSM6271604 | GSM6271606 | GSM6271623,3,3,True,INCLUDED_EXACT_TITLE_IDENTITY
Line305,134,2,EUR,FIN,HG00185,Line305_ETOH.R1.Aligned.counts.x | Line305_ETOH.R1.Aligned.counts.y,Line305_DEX.R1.Aligned.counts.x | Line305_DEX.R1.Aligned.counts.y,GSM6271631 | GSM6271633 | GSM6271634,GSM6271628 | GSM6271649 | GSM6271651,3,3,True,INCLUDED_EXACT_TITLE_IDENTITY
Line306,135,0,EUR,FIN,HG00267,Line306_ETOH.R1.Aligned.counts,Line306_DEX.R1.Aligned.counts,GSM6271652,GSM6271654,1,1,True,INCLUDED_EXACT_TITLE_IDENTITY
Line307,136,4,EUR,FIN,HG00327,Line307_ETOH.R1.Aligned.counts,Line307_DEX.R1.Aligned.counts,GSM6271660,GSM6271662,1,1,True,INCLUDED_EXACT_TITLE_IDENTITY
Line308,137,0,EUR,FIN,HG00329,Line308_ETOH.R1.Aligned.counts,Line308_DEX.R1.Aligned.counts,GSM6271668,GSM6271673,1,1,True,INCLUDED_EXACT_TITLE_IDENTITY
Line309,138,2,EUR,FIN,HG00336,Line309_ETOH.R1.Aligned.counts,Line309_DEX.R1.Aligned.counts,GSM6271680,GSM6271677,1,1,True,INCLUDED_EXACT_TITLE_IDENTITY
Line31,139,3,AFR,YRI,GM19145,Line31_ETOH.R1.Aligned.counts,Line31_DEX.R1.Aligned.counts,GSM6271684,GSM6271688,1,1,True,INCLUDED_EXACT_TITLE_IDENTITY
Line311,140,4,EUR,IBS,HG01511,Line311_ETOH.R1.Aligned.counts,Line311_DEX.R1.Aligned.counts,GSM6271705,GSM6271704,1,1,True,INCLUDED_EXACT_TITLE_IDENTITY
Line312,141,0,EUR,IBS,HG01611,Line312_ETOH.R1.Aligned.counts,Line312_DEX.R1.Aligned.counts,GSM6271710,GSM6271712,1,1,True,INCLUDED_EXACT_TITLE_IDENTITY
Line314,142,1,EUR,IBS,HG02221,Line314_ETOH.R1.Aligned.counts,Line314_DEX.R1.Aligned.counts,GSM6271725 | GSM6271738,GSM6271726 | GSM6271736,2,2,True,INCLUDED_EXACT_TITLE_IDENTITY
Line315,143,2,AFR,GWD,HG02587,Line315_ETOH.R1.Aligned.counts,Line315_DEX.R1.Aligned.counts,GSM6271747,GSM6271742,1,1,True,INCLUDED_EXACT_TITLE_IDENTITY
Line316,144,2,AFR,GWD,HG02613,Line316_ETOH.R1.Aligned.counts,Line316_DEX.R1.Aligned.counts,GSM6271751,GSM6271752,1,1,True,INCLUDED_EXACT_TITLE_IDENTITY
Line318,145,3,AFR,GWD,HG02813,Line318_ETOH.R1.Aligned.counts,Line318_DEX.R1.Aligned.counts,GSM6271774 | GSM6271778,GSM6271771 | GSM6271772,2,2,True,INCLUDED_EXACT_TITLE_IDENTITY
Line32,146,4,AFR,YRI,GM19159,Line32_ETOH.R1.Aligned.counts,Line32_DEX.R1.Aligned.counts,GSM6271795,GSM6271792,1,1,True,INCLUDED_EXACT_TITLE_IDENTITY
Line320,147,4,AFR,GWD,HG03026,Line320_ETOH.R1.Aligned.counts.x | Line320_ETOH.R1.Aligned.counts.y,Line320_DEX.R1.Aligned.counts.x | Line320_DEX.R1.Aligned.counts.y,GSM6271807 | GSM6271816 | GSM6271818,GSM6271799 | GSM6271801 | GSM6271802,3,3,True,INCLUDED_EXACT_TITLE_IDENTITY
Line321,148,0,AFR,MSL,HG03053,Line321_ETOH.R1.Aligned.counts,Line321_DEX.R1.Aligned.counts,GSM6271822 | GSM6271831,GSM6271820 | GSM6271835,2,2,True,INCLUDED_EXACT_TITLE_IDENTITY
Line329,149,1,AFR,YRI,GM19154,Line329_ETOH.R1.Aligned.counts,Line329_DEX.R1.Aligned.counts,GSM6271905,GSM6271906,1,1,True,INCLUDED_EXACT_TITLE_IDENTITY
Line33,150,3,AFR,LWK,GM19307,Line33_ETOH.R1.Aligned.counts,Line33_DEX.R1.Aligned.counts,GSM6271911,GSM6271914,1,1,True,INCLUDED_EXACT_TITLE_IDENTITY
Line330,151,4,AFR,LWK,GM19332,Line330_ETOH.R1.Aligned.counts,Line330_DEX.R1.Aligned.counts,GSM6271923,GSM6271919,1,1,True,INCLUDED_EXACT_TITLE_IDENTITY
Line331,152,0,AFR,LWK,GM19360,Line331_ETOH.R1.Aligned.counts,Line331_DEX.R1.Aligned.counts,GSM6271926,GSM6271928,1,1,True,INCLUDED_EXACT_TITLE_IDENTITY
Line332,153,2,AFR,LWK,GM19383,Line332_ETOH.R1.Aligned.counts,Line332_DEX.R1.Aligned.counts,GSM6271934,GSM6271932,1,1,True,INCLUDED_EXACT_TITLE_IDENTITY
Line333,154,0,EUR,TSI,GM20510,Line333_ETOH.R1.Aligned.counts,Line333_DEX.R1.Aligned.counts,GSM6271943 | GSM6271955,GSM6271942 | GSM6271947,2,2,True,INCLUDED_EXACT_TITLE_IDENTITY
Line334,155,1,EUR,TSI,GM20517,Line334_ETOH.R1.Aligned.counts,Line334_DEX.R1.Aligned.counts,GSM6271960,GSM6271958,1,1,True,INCLUDED_EXACT_TITLE_IDENTITY
Line335,156,2,EUR,TSI,GM20542,Line335_ETOH.R1.Aligned.counts,Line335_DEX.R1.Aligned.counts,GSM6271970 | GSM6271978,GSM6271967 | GSM6271977,2,2,True,INCLUDED_EXACT_TITLE_IDENTITY
Line336,157,1,EUR,TSI,GM20774,Line336_ETOH.R1.Aligned.counts,Line336_DEX.R1.Aligned.counts,GSM6271982,GSM6271980,1,1,True,INCLUDED_EXACT_TITLE_IDENTITY
Line338,158,1,EUR,TSI,GM20804,Line338_ETOH.R1.Aligned.counts,Line338_DEX.R1.Aligned.counts,GSM6271989,GSM6271990,1,1,True,INCLUDED_EXACT_TITLE_IDENTITY
Line339,159,4,AFR,MSL,HG03059,Line339_ETOH.R1.Aligned.counts,Line339_DEX.R1.Aligned.counts,GSM6272002,GSM6271996,1,1,True,INCLUDED_EXACT_TITLE_IDENTITY
Line340,160,3,AFR,ESN,HG03311,Line340_ETOH.R1.Aligned.counts,Line340_DEX.R1.Aligned.counts,GSM6272018,GSM6272017,1,1,True,INCLUDED_EXACT_TITLE_IDENTITY
Line341,161,0,AFR,MSL,HG03380,Line341_ETOH.R1.Aligned.counts,Line341_DEX.R1.Aligned.counts,GSM6272023,GSM6272026,1,1,True,INCLUDED_EXACT_TITLE_IDENTITY
Line343,162,1,AFR,MSL,HG03432,Line343_ETOH.R1.Aligned.counts,Line343_DEX.R1.Aligned.counts,GSM6272051,GSM6272050,1,1,True,INCLUDED_EXACT_TITLE_IDENTITY
Line344,163,1,AFR,MSL,HG03461,Line344_ETOH.R1.Aligned.counts,Line344_DEX.R1.Aligned.counts,GSM6272059,GSM6272058,1,1,True,INCLUDED_EXACT_TITLE_IDENTITY
Line345,164,1,AFR,MSL,HG03469,Line345_ETOH.R1.Aligned.counts,Line345_DEX.R1.Aligned.counts,GSM6272066 | GSM6272068,GSM6272060 | GSM6272061,2,2,True,INCLUDED_EXACT_TITLE_IDENTITY
Line346,165,2,AFR,MSL,HG03470,Line346_ETOH.R1.Aligned.counts,Line346_DEX.R1.Aligned.counts,GSM6272077,GSM6272078,1,1,True,INCLUDED_EXACT_TITLE_IDENTITY
Line348,166,1,AFR,MSL,HG03486,Line348_ETOH.R1.Aligned.counts,Line348_DEX.R1.Aligned.counts,GSM6272095,GSM6272098,1,1,True,INCLUDED_EXACT_TITLE_IDENTITY
Line349,167,0,AFR,ESN,HG03521,Line349_ETOH.R1.Aligned.counts,Line349_DEX.R1.Aligned.counts,GSM6272102,GSM6272107,1,1,True,INCLUDED_EXACT_TITLE_IDENTITY
Line35,168,1,AFR,LWK,GM19451,Line35_ETOH.R1.Aligned.counts,Line35_DEX.R1.Aligned.counts,GSM6272112,GSM6272110,1,1,True,INCLUDED_EXACT_TITLE_IDENTITY
Line350,169,0,AFR,MSL,HG03548,Line350_ETOH.R1.Aligned.counts,Line350_DEX.R1.Aligned.counts,GSM6272116,GSM6272121,1,1,True,INCLUDED_EXACT_TITLE_IDENTITY
Line351,170,0,EUR,CEU,GM12818,Line351_ETOH.R1.Aligned.counts,Line351_DEX.R1.Aligned.counts,GSM6272126,GSM6272128,1,1,True,INCLUDED_EXACT_TITLE_IDENTITY
Line352,171,1,EUR,GBR,HG00101,Line352_ETOH.R1.Aligned.counts,Line352_DEX.R1.Aligned.counts,GSM6272138,GSM6272136,1,1,True,INCLUDED_EXACT_TITLE_IDENTITY
Line353,172,3,EUR,GBR,HG00103,Line353_ETOH.R1.Aligned.counts,Line353_DEX.R1.Aligned.counts,GSM6272140,GSM6272141,1,1,True,INCLUDED_EXACT_TITLE_IDENTITY
Line354,173,3,EUR,FIN,HG00171,Line354_ETOH.R1.Aligned.counts.x | Line354_ETOH.R1.Aligned.counts.y,Line354_DEX.R1.Aligned.counts.y,GSM6272148 | GSM6272152 | GSM6272161,GSM6272154 | GSM6272157 | GSM6272167,3,3,True,INCLUDED_EXACT_TITLE_IDENTITY
Line355,174,4,EUR,GBR,HG00246,Line355_ETOH.R1.Aligned.counts,Line355_DEX.R1.Aligned.counts,GSM6272172,GSM6272174,1,1,True,INCLUDED_EXACT_TITLE_IDENTITY
Line356,175,4,EUR,FIN,HG00274,Line356_ETOH.R1.Aligned.counts,Line356_DEX.R1.Aligned.counts,GSM6272184,GSM6272183,1,1,True,INCLUDED_EXACT_TITLE_IDENTITY
Line357,176,1,EUR,FIN,HG00278,Line357_ETOH.R1.Aligned.counts,Line357_DEX.R1.Aligned.counts,GSM6272188,GSM6272191,1,1,True,INCLUDED_EXACT_TITLE_IDENTITY
Line358,177,3,EUR,FIN,HG00310,Line358_ETOH.R1.Aligned.counts,Line358_DEX.R1.Aligned.counts,GSM6272200 | GSM6272207,GSM6272209 | GSM6272210,2,2,True,INCLUDED_EXACT_TITLE_IDENTITY
Line359,178,2,EUR,FIN,HG00315,Line359_ETOH.R1.Aligned.counts,Line359_DEX.R1.Aligned.counts,GSM6272218,GSM6272219,1,1,True,INCLUDED_EXACT_TITLE_IDENTITY
Line360,179,1,EUR,FIN,HG00325,Line360_ETOH.R1.Aligned.counts,Line360_DEX.R1.Aligned.counts,GSM6272227 | GSM6272232,GSM6272226 | GSM6272233,2,2,True,INCLUDED_EXACT_TITLE_IDENTITY
Line361,180,4,EUR,FIN,HG00350,Line361_ETOH.R1.Aligned.counts,Line361_DEX.R1.Aligned.counts,GSM6272250 | GSM6272251,GSM6272238 | GSM6272242,2,2,True,INCLUDED_EXACT_TITLE_IDENTITY
Line362,181,3,EUR,FIN,HG00364,Line362_ETOH.R1.Aligned.counts,Line362_DEX.R1.Aligned.counts,GSM6272258,GSM6272252,1,1,True,INCLUDED_EXACT_TITLE_IDENTITY
Line365,182,4,EUR,IBS,HG01504,Line365_ETOH.R1.Aligned.counts,Line365_DEX.R1.Aligned.counts,GSM6272278,GSM6272280,1,1,True,INCLUDED_EXACT_TITLE_IDENTITY
Line366,183,4,EUR,IBS,HG01529,Line366_ETOH.R1.Aligned.counts,Line366_DEX.R1.Aligned.counts,GSM6272291,GSM6272290,1,1,True,INCLUDED_EXACT_TITLE_IDENTITY
Line367,184,1,EUR,IBS,HG01605,Line367_ETOH.R1.Aligned.counts,Line367_DEX.R1.Aligned.counts,GSM6272293,GSM6272299,1,1,True,INCLUDED_EXACT_TITLE_IDENTITY
Line368,185,0,AFR,GWD,HG02622,Line368_ETOH.R1.Aligned.counts,Line368_DEX.R1.Aligned.counts,GSM6272304 | GSM6272307,GSM6272303 | GSM6272308,2,2,True,INCLUDED_EXACT_TITLE_IDENTITY
Line369,186,3,AFR,GWD,HG02806,Line369_ETOH.R1.Aligned.counts,Line369_DEX.R1.Aligned.counts,GSM6272318 | GSM6272327,GSM6272319 | GSM6272325,2,2,True,INCLUDED_EXACT_TITLE_IDENTITY
Line37,187,3,EUR,TSI,GM20534,Line37_ETOH.R1.Aligned.counts,Line37_DEX.R1.Aligned.counts,GSM6272335,GSM6272334,1,1,True,INCLUDED_EXACT_TITLE_IDENTITY
Line370,188,2,AFR,GWD,HG02887,Line370_ETOH.R1.Aligned.counts.x | Line370_ETOH.R1.Aligned.counts.y,Line370_DEX.R1.Aligned.counts.x | Line370_DEX.R1.Aligned.counts.y,GSM6272341 | GSM6272359 | GSM6272362,GSM6272344 | GSM6272346 | GSM6272348,3,3,True,INCLUDED_EXACT_TITLE_IDENTITY
Line371,189,4,AFR,ESN,HG02973,Line371_ETOH.R1.Aligned.counts,Line371_DEX.R1.Aligned.counts,GSM6272368,GSM6272369,1,1,True,INCLUDED_EXACT_TITLE_IDENTITY
Line376,190,4,EUR,CEU,GM11881,Line376_ETOH.R1.Aligned.counts,Line376_DEX.R1.Aligned.counts,GSM6272460,GSM6272464,1,1,True,INCLUDED_EXACT_TITLE_IDENTITY
Line378,191,0,AFR,YRI,GM18511,Line378_ETOH.R1.Aligned.counts,Line378_DEX.R1.Aligned.counts,GSM6272498,GSM6272494,1,1,True,INCLUDED_EXACT_TITLE_IDENTITY
Line379,192,3,AFR,YRI,GM18854,Line379_ETOH.R1.Aligned.counts,Line379_DEX.R1.Aligned.counts,GSM6272500 | GSM6272514,GSM6272511 | GSM6272512,2,2,True,INCLUDED_EXACT_TITLE_IDENTITY
Line38,193,1,EUR,TSI,GM20797,Line38_ETOH.R1.Aligned.counts,Line38_DEX.R1.Aligned.counts,GSM6272517,GSM6272523,1,1,True,INCLUDED_EXACT_TITLE_IDENTITY
Line380,194,0,AFR,LWK,GM19041,Line380_ETOH.R1.Aligned.counts,Line380_DEX.R1.Aligned.counts,GSM6272525,GSM6272524,1,1,True,INCLUDED_EXACT_TITLE_IDENTITY
Line381,195,4,AFR,YRI,GM19140,Line381_ETOH.R1.Aligned.counts,Line381_DEX.R1.Aligned.counts,GSM6272533,GSM6272538,1,1,True,INCLUDED_EXACT_TITLE_IDENTITY
Line384,196,4,AFR,LWK,GM19308,Line384_ETOH.R1.Aligned.counts,Line384_DEX.R1.Aligned.counts,GSM6272564,GSM6272569,1,1,True,INCLUDED_EXACT_TITLE_IDENTITY
Line385,197,4,AFR,LWK,GM19371,Line385_ETOH.R1.Aligned.counts,Line385_DEX.R1.Aligned.counts,GSM6272572,GSM6272575,1,1,True,INCLUDED_EXACT_TITLE_IDENTITY
Line386,198,3,AFR,LWK,GM19372,Line386_ETOH.R1.Aligned.counts,Line386_DEX.R1.Aligned.counts,GSM6272587,GSM6272586,1,1,True,INCLUDED_EXACT_TITLE_IDENTITY
Line387,199,1,AFR,LWK,GM19432,Line387_ETOH.R1.Aligned.counts.y,Line387_DEX.R1.Aligned.counts.x | Line387_DEX.R1.Aligned.counts.y,GSM6272592 | GSM6272595 | GSM6272600,GSM6272596 | GSM6272607 | GSM6272608,3,3,True,INCLUDED_EXACT_TITLE_IDENTITY
Line388,200,3,AFR,LWK,GM19448,Line388_ETOH.R1.Aligned.counts.y,Line388_DEX.R1.Aligned.counts.x | Line388_DEX.R1.Aligned.counts.y,GSM6272623 | GSM6272624 | GSM6272635,GSM6272612 | GSM6272632 | GSM6272633,3,3,True,INCLUDED_EXACT_TITLE_IDENTITY
Line389,201,4,EUR,TSI,GM20585,Line389_ETOH.R1.Aligned.counts,Line389_DEX.R1.Aligned.counts,GSM6272636,GSM6272642,1,1,True,INCLUDED_EXACT_TITLE_IDENTITY
Line391,202,0,EUR,TSI,GM20783,Line391_ETOH.R1.Aligned.counts,Line391_DEX.R1.Aligned.counts,GSM6272657 | GSM6272666,GSM6272653 | GSM6272655,2,2,True,INCLUDED_EXACT_TITLE_IDENTITY
Line392,203,1,EUR,TSI,GM20818,Line392_ETOH.R1.Aligned.counts,Line392_DEX.R1.Aligned.counts,GSM6272675 | GSM6272677,GSM6272671 | GSM6272678,2,2,True,INCLUDED_EXACT_TITLE_IDENTITY
Line393,204,1,EUR,TSI,GM20821,Line393_ETOH.R1.Aligned.counts.x | Line393_ETOH.R1.Aligned.counts.y,Line393_DEX.R1.Aligned.counts.x | Line393_DEX.R1.Aligned.counts.y,GSM6272687 | GSM6272694 | GSM6272706,GSM6272689 | GSM6272691 | GSM6272697,3,3,True,INCLUDED_EXACT_TITLE_IDENTITY
Line394,205,0,EUR,TSI,GM20822,Line394_ETOH.R1.Aligned.counts,Line394_DEX.R1.Aligned.counts,GSM6272709 | GSM6272718,GSM6272711 | GSM6272720,2,2,True,INCLUDED_EXACT_TITLE_IDENTITY
Line395,206,2,EUR,GBR,HG00102,Line395_ETOH.R1.Aligned.counts.x | Line395_ETOH.R1.Aligned.counts.y,Line395_DEX.R1.Aligned.counts.x | Line395_DEX.R1.Aligned.counts.y,GSM6272730 | GSM6272742 | GSM6272747,GSM6272728 | GSM6272736 | GSM6272737,3,3,True,INCLUDED_EXACT_TITLE_IDENTITY
Line396,207,0,AFR,MSL,HG03056,Line396_ETOH.R1.Aligned.counts,Line396_DEX.R1.Aligned.counts,GSM6272751,GSM6272748,1,1,True,INCLUDED_EXACT_TITLE_IDENTITY
Line397,208,0,AFR,ESN,HG03351,Line397_ETOH.R1.Aligned.counts,Line397_DEX.R1.Aligned.counts,GSM6272763,GSM6272760,1,1,True,INCLUDED_EXACT_TITLE_IDENTITY
Line398,209,1,AFR,MSL,HG03376,Line398_ETOH.R1.Aligned.counts,Line398_DEX.R1.Aligned.counts,GSM6272768,GSM6272770,1,1,True,INCLUDED_EXACT_TITLE_IDENTITY
Line399,210,4,AFR,MSL,HG03398,Line399_ETOH.R1.Aligned.counts,Line399_DEX.R1.Aligned.counts,GSM6272775,GSM6272772,1,1,True,INCLUDED_EXACT_TITLE_IDENTITY
Line40,211,4,EUR,TSI,GM20806,Line40_ETOH.R1.Aligned.counts,Line40_DEX.R1.Aligned.counts,GSM6272791,GSM6272789,1,1,True,INCLUDED_EXACT_TITLE_IDENTITY
Line402,212,3,EUR,GBR,HG00138,Line402_ETOH.R1.Aligned.counts,Line402_DEX.R1.Aligned.counts,GSM6272803,GSM6272796,1,1,True,INCLUDED_EXACT_TITLE_IDENTITY
Line405,213,4,EUR,GBR,HG00252,Line405_ETOH.R1.Aligned.counts,Line405_DEX.R1.Aligned.counts,GSM6272862,GSM6272859,1,1,True,INCLUDED_EXACT_TITLE_IDENTITY
Line409,214,1,EUR,FIN,HG00311,Line409_ETOH.R1.Aligned.counts,Line409_DEX.R1.Aligned.counts,GSM6272897 | GSM6272916 | GSM6272931,GSM6272908 | GSM6272915 | GSM6272923,3,3,True,INCLUDED_EXACT_TITLE_IDENTITY
Line41,215,2,EUR,TSI,GM20810,Line41_ETOH.R1.Aligned.counts,Line41_DEX.R1.Aligned.counts,GSM6272932,GSM6272939,1,1,True,INCLUDED_EXACT_TITLE_IDENTITY
Line412,216,0,EUR,FIN,HG00378,Line412_ETOH.R1.Aligned.counts,Line412_DEX.R1.Aligned.counts,GSM6272997,GSM6272993,1,1,True,INCLUDED_EXACT_TITLE_IDENTITY
Line413,217,3,EUR,FIN,HG00381,Line413_ETOH.R1.Aligned.counts,Line413_DEX.R1.Aligned.counts,GSM6273003 | GSM6273011 | GSM6273024,GSM6273000 | GSM6273020 | GSM6273026,3,3,True,INCLUDED_EXACT_TITLE_IDENTITY
Line415,218,2,EUR,IBS,HG01695,Line415_ETOH.R1.Aligned.counts,Line415_DEX.R1.Aligned.counts,GSM6273058 | GSM6273060 | GSM6273083,GSM6273055 | GSM6273069 | GSM6273071,3,3,True,INCLUDED_EXACT_TITLE_IDENTITY
Line418,219,3,EUR,IBS,HG02224,Line418_ETOH.R1.Aligned.counts,Line418_DEX.R1.Aligned.counts,GSM6273135,GSM6273138,1,1,True,INCLUDED_EXACT_TITLE_IDENTITY
Line419,220,0,AFR,GWD,HG02646,Line419_ETOH.R1.Aligned.counts,Line419_DEX.R1.Aligned.counts,GSM6273140,GSM6273145,1,1,True,INCLUDED_EXACT_TITLE_IDENTITY
Line42,221,2,EUR,TSI,GM20831,Line42_ETOH.R1.Aligned.counts,Line42_DEX.R1.Aligned.counts,GSM6273155,GSM6273149,1,1,True,INCLUDED_EXACT_TITLE_IDENTITY
Line421,222,4,AFR,GWD,HG02836,Line421_ETOH.R1.Aligned.counts,Line421_DEX.R1.Aligned.counts,GSM6273172 | GSM6273177 | GSM6273180,GSM6273160 | GSM6273162 | GSM6273189,3,3,True,INCLUDED_EXACT_TITLE_IDENTITY
Line422,223,2,AFR,GWD,HG02883,Line422_ETOH.R1.Aligned.counts,Line422_DEX.R1.Aligned.counts,GSM6273196,GSM6273193,1,1,True,INCLUDED_EXACT_TITLE_IDENTITY
Line423,224,4,AFR,MSL,HG03091,Line423_ETOH.R1.Aligned.counts,Line423_DEX.R1.Aligned.counts,GSM6273201,GSM6273200,1,1,True,INCLUDED_EXACT_TITLE_IDENTITY
Line426,225,2,EUR,CEU,GM12234,Line426_ETOH.R1.Aligned.counts,Line426_DEX.R1.Aligned.counts,GSM6273226 | GSM6273230 | GSM6273257,GSM6273245 | GSM6273246 | GSM6273247,3,3,True,INCLUDED_EXACT_TITLE_IDENTITY
Line428,226,4,AFR,YRI,GM18502,Line428_ETOH.R1.Aligned.counts,Line428_DEX.R1.Aligned.counts,GSM6273276,GSM6273273,1,1,True,INCLUDED_EXACT_TITLE_IDENTITY
Line429,227,1,AFR,YRI,GM18521,Line429_ETOH.R1.Aligned.counts,Line429_DEX.R1.Aligned.counts,GSM6273283,GSM6273287,1,1,True,INCLUDED_EXACT_TITLE_IDENTITY
Line431,228,2,AFR,LWK,GM19038,Line431_ETOH.R1.Aligned.counts,Line431_DEX.R1.Aligned.counts,GSM6273322 | GSM6273330 | GSM6273350,GSM6273331 | GSM6273345 | GSM6273346,3,3,True,INCLUDED_EXACT_TITLE_IDENTITY
Line432,229,4,AFR,LWK,GM19042,Line432_ETOH.R1.Aligned.counts,Line432_DEX.R1.Aligned.counts,GSM6273353 | GSM6273384 | GSM6273385,GSM6273373 | GSM6273378 | GSM6273379,3,3,True,INCLUDED_EXACT_TITLE_IDENTITY
Line433,230,3,AFR,YRI,GM19109,Line433_ETOH.R1.Aligned.counts,Line433_DEX.R1.Aligned.counts,GSM6273391,GSM6273390,1,1,True,INCLUDED_EXACT_TITLE_IDENTITY
Line434,231,3,AFR,YRI,GM19150,Line434_ETOH.R1.Aligned.counts,Line434_DEX.R1.Aligned.counts,GSM6273411,GSM6273400,1,1,True,INCLUDED_EXACT_TITLE_IDENTITY
Line435,232,3,AFR,YRI,GM19202,Line435_ETOH.R1.Aligned.counts,Line435_DEX.R1.Aligned.counts,GSM6273427 | GSM6273436 | GSM6273441,GSM6273422 | GSM6273426 | GSM6273429,3,3,True,INCLUDED_EXACT_TITLE_IDENTITY
Line437,233,2,AFR,LWK,GM19327,Line437_ETOH.R1.Aligned.counts,Line437_DEX.R1.Aligned.counts,GSM6273456 | GSM6273460 | GSM6273461,GSM6273462 | GSM6273470 | GSM6273483,3,3,True,INCLUDED_EXACT_TITLE_IDENTITY
Line44,234,1,EUR,GBR,HG00238,Line44_ETOH.R1.Aligned.counts.x | Line44_ETOH.R1.Aligned.counts.y,Line44_DEX.R1.Aligned.counts.x | Line44_DEX.R1.Aligned.counts.y,GSM6273508 | GSM6273520 | GSM6273524,GSM6273504 | GSM6273509 | GSM6273525,3,3,True,INCLUDED_EXACT_TITLE_IDENTITY
Line440,235,1,AFR,LWK,GM19352,Line440_ETOH.R1.Aligned.counts,Line440_DEX.R1.Aligned.counts,GSM6273529 | GSM6273539 | GSM6273553,GSM6273555 | GSM6273558 | GSM6273562,3,3,True,INCLUDED_EXACT_TITLE_IDENTITY
Line441,236,3,AFR,LWK,GM19398,Line441_ETOH.R1.Aligned.counts,Line441_DEX.R1.Aligned.counts,GSM6273567,GSM6273565,1,1,True,INCLUDED_EXACT_TITLE_IDENTITY
Line442,237,1,AFR,LWK,GM19475,Line442_ETOH.R1.Aligned.counts,Line442_DEX.R1.Aligned.counts,GSM6273577,GSM6273581,1,1,True,INCLUDED_EXACT_TITLE_IDENTITY
Line446,238,1,EUR,TSI,GM20832,Line446_ETOH.R1.Aligned.counts,Line446_DEX.R1.Aligned.counts,GSM6273649,GSM6273644,1,1,True,INCLUDED_EXACT_TITLE_IDENTITY
Line447,239,0,EUR,GBR,HG00110,Line447_ETOH.R1.Aligned.counts,Line447_DEX.R1.Aligned.counts,GSM6273654,GSM6273659,1,1,True,INCLUDED_EXACT_TITLE_IDENTITY
Line448,240,4,EUR,FIN,HG00282,Line448_ETOH.R1.Aligned.counts,Line448_DEX.R1.Aligned.counts,GSM6273674 | GSM6273686 | GSM6273691,GSM6273684 | GSM6273685 | GSM6273695,3,3,True,INCLUDED_EXACT_TITLE_IDENTITY
Line46,241,2,AFR,ESN,HG03493,Line46_ETOH.R1.Aligned.counts,Line46_DEX.R1.Aligned.counts,GSM6273756,GSM6273762,1,1,True,INCLUDED_EXACT_TITLE_IDENTITY
Line49,242,1,AFR,MSL,HG03567,Line49_ETOH.R1.Aligned.counts,Line49_DEX.R1.Aligned.counts,GSM6273797,GSM6273799,1,1,True,INCLUDED_EXACT_TITLE_IDENTITY
Line50,243,1,AFR,MSL,HG03584,Line50_ETOH.R1.Aligned.counts,Line50_DEX.R1.Aligned.counts,GSM6273819,GSM6273813,1,1,True,INCLUDED_EXACT_TITLE_IDENTITY
Line501,244,2,EUR,CEU,GM12335,Line501_ETOH.R1.Aligned.counts,Line501_DEX.R1.Aligned.counts,GSM6273831 | GSM6273832,GSM6273840 | GSM6273842,2,2,True,INCLUDED_EXACT_TITLE_IDENTITY
Line502,245,4,EUR,GBR,HG00157,Line502_ETOH.R1.Aligned.counts,Line502_DEX.R1.Aligned.counts,GSM6273848 | GSM6273856,GSM6273859 | GSM6273860,2,2,True,INCLUDED_EXACT_TITLE_IDENTITY
Line503,246,0,EUR,GBR,HG00158,Line503_ETOH.R1.Aligned.counts,Line503_DEX.R1.Aligned.counts,GSM6273880 | GSM6273886,GSM6273873 | GSM6273889,2,2,True,INCLUDED_EXACT_TITLE_IDENTITY
Line505,247,3,EUR,GBR,HG00242,Line505_ETOH.R1.Aligned.counts,Line505_DEX.R1.Aligned.counts,GSM6273921,GSM6273924,1,1,True,INCLUDED_EXACT_TITLE_IDENTITY
Line506,248,2,EUR,GBR,HG00253,Line506_ETOH.R1.Aligned.counts,Line506_DEX.R1.Aligned.counts,GSM6273929,GSM6273934,1,1,True,INCLUDED_EXACT_TITLE_IDENTITY
Line507,249,2,EUR,FIN,HG00268,Line507_ETOH.R1.Aligned.counts,Line507_DEX.R1.Aligned.counts,GSM6273951 | GSM6273959,GSM6273950 | GSM6273956,2,2,True,INCLUDED_EXACT_TITLE_IDENTITY
Line510,250,4,EUR,FIN,HG00285,Line510_ETOH.R1.Aligned.counts,Line510_DEX.R1.Aligned.counts,GSM6273997,GSM6274007,1,1,True,INCLUDED_EXACT_TITLE_IDENTITY
Line511,251,1,EUR,FIN,HG00308,Line511_ETOH.R1.Aligned.counts,Line511_DEX.R1.Aligned.counts,GSM6274012,GSM6274015,1,1,True,INCLUDED_EXACT_TITLE_IDENTITY
Line512,252,1,EUR,FIN,HG00313,Line512_ETOH.R1.Aligned.counts,Line512_DEX.R1.Aligned.counts,GSM6274031 | GSM6274043,GSM6274026 | GSM6274028,2,2,True,INCLUDED_EXACT_TITLE_IDENTITY
Line513,253,1,EUR,FIN,HG00319,Line513_ETOH.R1.Aligned.counts,Line513_DEX.R1.Aligned.counts,GSM6274047 | GSM6274066,GSM6274054 | GSM6274064,2,2,True,INCLUDED_EXACT_TITLE_IDENTITY
Line514,254,0,EUR,FIN,HG00337,Line514_ETOH.R1.Aligned.counts,Line514_DEX.R1.Aligned.counts,GSM6274089 | GSM6274091,GSM6274077 | GSM6274080,2,2,True,INCLUDED_EXACT_TITLE_IDENTITY
Line515,255,2,EUR,FIN,HG00380,Line515_ETOH.R1.Aligned.counts,Line515_DEX.R1.Aligned.counts,GSM6274094,GSM6274095,1,1,True,INCLUDED_EXACT_TITLE_IDENTITY
Line516,256,0,EUR,IBS,HG01608,Line516_ETOH.R1.Aligned.counts,Line516_DEX.R1.Aligned.counts,GSM6274108 | GSM6274116,GSM6274126 | GSM6274127,2,2,True,INCLUDED_EXACT_TITLE_IDENTITY
Line518,257,2,EUR,IBS,HG01683,Line518_ETOH.R1.Aligned.counts,Line518_DEX.R1.Aligned.counts,GSM6274161,GSM6274156,1,1,True,INCLUDED_EXACT_TITLE_IDENTITY
Line52,258,0,EUR,CEU,GM12156,Line52_ETOH.R1.Aligned.counts,Line52_DEX.R1.Aligned.counts,GSM6274176,GSM6274182,1,1,True,INCLUDED_EXACT_TITLE_IDENTITY
Line520,259,1,EUR,IBS,HG02229,Line520_ETOH.R1.Aligned.counts,Line520_DEX.R1.Aligned.counts,GSM6274198 | GSM6274206,GSM6274199 | GSM6274204,2,2,True,INCLUDED_EXACT_TITLE_IDENTITY
Line523,260,1,AFR,ESN,HG03140,Line523_ETOH.R1.Aligned.counts,Line523_DEX.R1.Aligned.counts,GSM6274256 | GSM6274267,GSM6274248 | GSM6274263,2,2,True,INCLUDED_EXACT_TITLE_IDENTITY
Line525,261,3,AFR,ESN,HG03171,Line525_ETOH.R1.Aligned.counts,Line525_DEX.R1.Aligned.counts,GSM6274289 | GSM6274302,GSM6274293 | GSM6274301,2,2,True,INCLUDED_EXACT_TITLE_IDENTITY
Line526,262,4,EUR,CEU,GM12877,Line526_ETOH.R1.Aligned.counts,Line526_DEX.R1.Aligned.counts,GSM6274308,GSM6274305,1,1,True,INCLUDED_EXACT_TITLE_IDENTITY
Line528,263,4,AFR,YRI,GM18915,Line528_ETOH.R1.Aligned.counts,Line528_DEX.R1.Aligned.counts,GSM6274344 | GSM6274348,GSM6274358 | GSM6274362,2,2,True,INCLUDED_EXACT_TITLE_IDENTITY
Line529,264,4,AFR,YRI,GM18923,Line529_ETOH.R1.Aligned.counts,Line529_DEX.R1.Aligned.counts,GSM6274376 | GSM6274383,GSM6274370 | GSM6274386,2,2,True,INCLUDED_EXACT_TITLE_IDENTITY
Line53,265,3,EUR,GBR,HG00111,Line53_ETOH.R1.Aligned.counts.x | Line53_ETOH.R1.Aligned.counts.y,Line53_DEX.R1.Aligned.counts.y,GSM6274394 | GSM6274402 | GSM6274405,GSM6274388 | GSM6274400 | GSM6274407,3,3,True,INCLUDED_EXACT_TITLE_IDENTITY
Line530,266,1,AFR,YRI,GM19102,Line530_ETOH.R1.Aligned.counts,Line530_DEX.R1.Aligned.counts,GSM6274422 | GSM6274430,GSM6274420 | GSM6274435,2,2,True,INCLUDED_EXACT_TITLE_IDENTITY
Line531,267,4,AFR,YRI,GM19115,Line531_ETOH.R1.Aligned.counts,Line531_DEX.R1.Aligned.counts,GSM6274442 | GSM6274445,GSM6274437 | GSM6274439,2,2,True,INCLUDED_EXACT_TITLE_IDENTITY
Line533,268,1,AFR,LWK,GM19317,Line533_ETOH.R1.Aligned.counts,Line533_DEX.R1.Aligned.counts,GSM6274485 | GSM6274506,GSM6274491 | GSM6274493,2,2,True,INCLUDED_EXACT_TITLE_IDENTITY
Line534,269,0,AFR,LWK,GM19320,Line534_ETOH.R1.Aligned.counts,Line534_DEX.R1.Aligned.counts,GSM6274514 | GSM6274524,GSM6274520 | GSM6274529,2,2,True,INCLUDED_EXACT_TITLE_IDENTITY
Line535,270,0,AFR,LWK,GM19440,Line535_ETOH.R1.Aligned.counts,Line535_DEX.R1.Aligned.counts,GSM6274542,GSM6274537,1,1,True,INCLUDED_EXACT_TITLE_IDENTITY
Line536,271,0,EUR,TSI,GM20778,Line536_ETOH.R1.Aligned.counts,Line536_DEX.R1.Aligned.counts,GSM6274552 | GSM6274560,GSM6274544 | GSM6274564,2,2,True,INCLUDED_EXACT_TITLE_IDENTITY
Line537,272,3,EUR,TSI,GM20801,Line537_ETOH.R1.Aligned.counts,Line537_DEX.R1.Aligned.counts,GSM6274574 | GSM6274575 | GSM6274584,GSM6274582 | GSM6274588 | GSM6274603,3,3,True,INCLUDED_EXACT_TITLE_IDENTITY
Line538,273,1,EUR,GBR,HG00117,Line538_ETOH.R1.Aligned.counts,Line538_DEX.R1.Aligned.counts,GSM6274604 | GSM6274621 | GSM6274637,GSM6274608 | GSM6274632 | GSM6274633,3,3,True,INCLUDED_EXACT_TITLE_IDENTITY
Line539,274,0,AFR,ESN,HG02977,Line539_ETOH.R1.Aligned.counts,Line539_DEX.R1.Aligned.counts,GSM6274653 | GSM6274654,GSM6274647 | GSM6274660,2,2,True,INCLUDED_EXACT_TITLE_IDENTITY
Line540,275,0,AFR,GWD,HG03040,Line540_ETOH.R1.Aligned.counts,Line540_DEX.R1.Aligned.counts,GSM6274677 | GSM6274694 | GSM6274696,GSM6274678 | GSM6274686 | GSM6274702,3,3,True,INCLUDED_EXACT_TITLE_IDENTITY
Line541,276,4,AFR,MSL,HG03079,Line541_ETOH.R1.Aligned.counts,Line541_DEX.R1.Aligned.counts,GSM6274712 | GSM6274715,GSM6274718 | GSM6274721,2,2,True,INCLUDED_EXACT_TITLE_IDENTITY
Line542,277,2,AFR,MSL,HG03086,Line542_ETOH.R1.Aligned.counts,Line542_DEX.R1.Aligned.counts,GSM6274748 | GSM6274753,GSM6274744 | GSM6274751,2,2,True,INCLUDED_EXACT_TITLE_IDENTITY
Line543,278,3,AFR,MSL,HG03088,Line543_ETOH.R1.Aligned.counts,Line543_DEX.R1.Aligned.counts,GSM6274763 | GSM6274777 | GSM6274787,GSM6274756 | GSM6274782 | GSM6274790,3,3,True,INCLUDED_EXACT_TITLE_IDENTITY
Line544,279,2,AFR,ESN,HG03159,Line544_ETOH.R1.Aligned.counts,Line544_DEX.R1.Aligned.counts,GSM6274796 | GSM6274799 | GSM6274812,GSM6274792 | GSM6274794 | GSM6274821,3,3,True,INCLUDED_EXACT_TITLE_IDENTITY
Line545,280,0,AFR,ESN,HG03368,Line545_ETOH.R1.Aligned.counts,Line545_DEX.R1.Aligned.counts,GSM6274860 | GSM6274861 | GSM6274863,GSM6274847 | GSM6274850 | GSM6274858,3,3,True,INCLUDED_EXACT_TITLE_IDENTITY
Line546,281,1,AFR,ESN,HG03371,Line546_ETOH.R1.Aligned.counts,Line546_DEX.R1.Aligned.counts,GSM6274870 | GSM6274887 | GSM6274889,GSM6274884 | GSM6274896 | GSM6274898,3,3,True,INCLUDED_EXACT_TITLE_IDENTITY
Line547,282,3,AFR,MSL,HG03419,Line547_ETOH.R1.Aligned.counts,Line547_DEX.R1.Aligned.counts,GSM6274901 | GSM6274925 | GSM6274932,GSM6274909 | GSM6274916 | GSM6274919,3,3,True,INCLUDED_EXACT_TITLE_IDENTITY
Line548,283,3,AFR,ESN,HG03517,Line548_ETOH.R1.Aligned.counts,Line548_DEX.R1.Aligned.counts,GSM6274939 | GSM6274947,GSM6274940 | GSM6274957,2,2,True,INCLUDED_EXACT_TITLE_IDENTITY
Line549,284,2,AFR,MSL,HG03549,Line549_ETOH.R1.Aligned.counts,Line549_DEX.R1.Aligned.counts,GSM6274966,GSM6274964,1,1,True,INCLUDED_EXACT_TITLE_IDENTITY
Line55,285,1,EUR,GBR,HG00140,Line55_ETOH.R1.Aligned.counts,Line55_DEX.R1.Aligned.counts,GSM6274977,GSM6274973,1,1,True,INCLUDED_EXACT_TITLE_IDENTITY
Line554,286,3,EUR,GBR,HG00247,Line554_ETOH.R1.Aligned.counts,Line554_DEX.R1.Aligned.counts,GSM6275086 | GSM6275087,GSM6275065 | GSM6275082,2,2,True,INCLUDED_EXACT_TITLE_IDENTITY
Line555,287,4,EUR,GBR,HG00262,Line555_ETOH.R1.Aligned.counts,Line555_DEX.R1.Aligned.counts,GSM6275095 | GSM6275112,GSM6275104 | GSM6275107,2,2,True,INCLUDED_EXACT_TITLE_IDENTITY
Line56,288,2,EUR,GBR,HG00154,Line56_ETOH.R1.Aligned.counts,Line56_DEX.R1.Aligned.counts,GSM6275163,GSM6275161,1,1,True,INCLUDED_EXACT_TITLE_IDENTITY
Line561,289,1,EUR,IBS,HG01765,Line561_ETOH.R1.Aligned.counts,Line561_DEX.R1.Aligned.counts,GSM6275198 | GSM6275214,GSM6275193 | GSM6275196,2,2,True,INCLUDED_EXACT_TITLE_IDENTITY
Line564,290,3,AFR,GWD,HG02811,Line564_ETOH.R1.Aligned.counts,Line564_DEX.R1.Aligned.counts,GSM6275245 | GSM6275250,GSM6275251 | GSM6275258,2,2,True,INCLUDED_EXACT_TITLE_IDENTITY
Line57,291,3,EUR,FIN,HG00179,Line57_ETOH.R1.Aligned.counts.x | Line57_ETOH.R1.Aligned.counts.y,Line57_DEX.R1.Aligned.counts.x | Line57_DEX.R1.Aligned.counts.y,GSM6275347 | GSM6275353 | GSM6275354,GSM6275345 | GSM6275350 | GSM6275356,3,3,True,INCLUDED_EXACT_TITLE_IDENTITY
Line570,292,2,AFR,ESN,HG02965,Line570_ETOH.R1.Aligned.counts,Line570_DEX.R1.Aligned.counts,GSM6275366 | GSM6275374,GSM6275361 | GSM6275363,2,2,True,INCLUDED_EXACT_TITLE_IDENTITY
Line573,293,2,AFR,MSL,HG03074,Line573_ETOH.R1.Aligned.counts,Line573_DEX.R1.Aligned.counts,GSM6275438,GSM6275432,1,1,True,INCLUDED_EXACT_TITLE_IDENTITY
Line575,294,4,AFR,ESN,HG03293,Line575_ETOH.R1.Aligned.counts,Line575_DEX.R1.Aligned.counts,GSM6275467,GSM6275459,1,1,True,INCLUDED_EXACT_TITLE_IDENTITY
Line576,295,3,AFR,YRI,GM18510,Line576_ETOH.R1.Aligned.counts,Line576_DEX.R1.Aligned.counts,GSM6275482,GSM6275484,1,1,True,INCLUDED_EXACT_TITLE_IDENTITY
Line577,296,4,AFR,YRI,GM18864,Line577_ETOH.R1.Aligned.counts,Line577_DEX.R1.Aligned.counts,GSM6275511 | GSM6275516,GSM6275512 | GSM6275513,2,2,True,INCLUDED_EXACT_TITLE_IDENTITY
Line578,297,3,AFR,YRI,GM18913,Line578_ETOH.R1.Aligned.counts,Line578_DEX.R1.Aligned.counts,GSM6275522,GSM6275537,1,1,True,INCLUDED_EXACT_TITLE_IDENTITY
Line579,298,4,AFR,YRI,GM19139,Line579_ETOH.R1.Aligned.counts,Line579_DEX.R1.Aligned.counts,GSM6275558 | GSM6275559,GSM6275541 | GSM6275556,2,2,True,INCLUDED_EXACT_TITLE_IDENTITY
Line58,299,2,EUR,GBR,HG00232,Line58_ETOH.R1.Aligned.counts.x | Line58_ETOH.R1.Aligned.counts.y,Line58_DEX.R1.Aligned.counts.x | Line58_DEX.R1.Aligned.counts.y,GSM6275578 | GSM6275580 | GSM6275587,GSM6275566 | GSM6275567 | GSM6275581,3,3,True,INCLUDED_EXACT_TITLE_IDENTITY
Line580,300,4,AFR,YRI,GM19189,Line580_ETOH.R1.Aligned.counts,Line580_DEX.R1.Aligned.counts,GSM6275590,GSM6275591,1,1,True,INCLUDED_EXACT_TITLE_IDENTITY
Line581,301,4,AFR,YRI,GM19248,Line581_ETOH.R1.Aligned.counts,Line581_DEX.R1.Aligned.counts,GSM6275607,GSM6275604,1,1,True,INCLUDED_EXACT_TITLE_IDENTITY
Line584,302,2,AFR,LWK,GM19384,Line584_ETOH.R1.Aligned.counts,Line584_DEX.R1.Aligned.counts,GSM6275641,GSM6275644,1,1,True,INCLUDED_EXACT_TITLE_IDENTITY
Line586,303,4,EUR,TSI,GM20772,Line586_ETOH.R1.Aligned.counts,Line586_DEX.R1.Aligned.counts,GSM6275686,GSM6275691,1,1,True,INCLUDED_EXACT_TITLE_IDENTITY
Line588,304,2,EUR,TSI,GM20826,Line588_ETOH.R1.Aligned.counts,Line588_DEX.R1.Aligned.counts,GSM6275732,GSM6275723,1,1,True,INCLUDED_EXACT_TITLE_IDENTITY
Line59,305,2,EUR,GBR,HG00240,Line59_ETOH.R1.Aligned.counts,Line59_DEX.R1.Aligned.counts,GSM6275736,GSM6275740,1,1,True,INCLUDED_EXACT_TITLE_IDENTITY
Line591,306,2,AFR,ESN,HG03302,Line591_ETOH.R1.Aligned.counts,Line591_DEX.R1.Aligned.counts,GSM6275757,GSM6275753,1,1,True,INCLUDED_EXACT_TITLE_IDENTITY
Line594,307,3,AFR,MSL,HG03465,Line594_ETOH.R1.Aligned.counts,Line594_DEX.R1.Aligned.counts,GSM6275813 | GSM6275821,GSM6275802 | GSM6275806,2,2,True,INCLUDED_EXACT_TITLE_IDENTITY
Line6,308,4,EUR,FIN,HG00304,Line6_ETOH.R1.Aligned.counts,Line6_DEX.R1.Aligned.counts,GSM6275837,GSM6275838,1,1,True,INCLUDED_EXACT_TITLE_IDENTITY
Line60,309,2,EUR,GBR,HG00260,Line60_ETOH.R1.Aligned.counts,Line60_DEX.R1.Aligned.counts,GSM6275851,GSM6275845,1,1,True,INCLUDED_EXACT_TITLE_IDENTITY
Line61,310,0,EUR,FIN,HG00281,Line61_ETOH.R1.Aligned.counts,Line61_DEX.R1.Aligned.counts,GSM6275856,GSM6275853,1,1,True,INCLUDED_EXACT_TITLE_IDENTITY
Line63,311,3,EUR,IBS,HG01512,Line63_ETOH.R1.Aligned.counts.x | Line63_ETOH.R1.Aligned.counts.y,Line63_DEX.R1.Aligned.counts.x | Line63_DEX.R1.Aligned.counts.y,GSM6275870 | GSM6275874 | GSM6275886,GSM6275878 | GSM6275881 | GSM6275884,3,3,True,INCLUDED_EXACT_TITLE_IDENTITY
Line65,312,4,EUR,IBS,HG01706,Line65_ETOH.R1.Aligned.counts,Line65_DEX.R1.Aligned.counts,GSM6275902,GSM6275908,1,1,True,INCLUDED_EXACT_TITLE_IDENTITY
Line66,313,4,EUR,IBS,HG01770,Line66_ETOH.R1.Aligned.counts,Line66_DEX.R1.Aligned.counts,GSM6275912,GSM6275915,1,1,True,INCLUDED_EXACT_TITLE_IDENTITY
Line68,314,2,EUR,IBS,HG02219,Line68_ETOH.R1.Aligned.counts,Line68_DEX.R1.Aligned.counts,GSM6275925,GSM6275927,1,1,True,INCLUDED_EXACT_TITLE_IDENTITY
Line69,315,3,AFR,GWD,HG02563,Line69_ETOH.R1.Aligned.counts,Line69_DEX.R1.Aligned.counts,GSM6275940,GSM6275933,1,1,True,INCLUDED_EXACT_TITLE_IDENTITY
Line7,316,3,EUR,FIN,HG00321,Line7_ETOH.R1.Aligned.counts,Line7_DEX.R1.Aligned.counts,GSM6275941,GSM6275942,1,1,True,INCLUDED_EXACT_TITLE_IDENTITY
Line70,317,2,AFR,GWD,HG02572,Line70_ETOH.R1.Aligned.counts,Line70_DEX.R1.Aligned.counts,GSM6275956,GSM6275949,1,1,True,INCLUDED_EXACT_TITLE_IDENTITY
Line71,318,4,AFR,GWD,HG02762,Line71_ETOH.R1.Aligned.counts.x | Line71_ETOH.R1.Aligned.counts.y,Line71_DEX.R1.Aligned.counts.x | Line71_DEX.R1.Aligned.counts.y,GSM6275969 | GSM6275975 | GSM6275978,GSM6275963 | GSM6275966 | GSM6275973,3,3,True,INCLUDED_EXACT_TITLE_IDENTITY
Line73,319,0,AFR,GWD,HG02879,Line73_ETOH.R1.Aligned.counts,Line73_DEX.R1.Aligned.counts,GSM6275995,GSM6275989,1,1,True,INCLUDED_EXACT_TITLE_IDENTITY
Line74,320,4,AFR,ESN,HG02947,Line74_ETOH.R1.Aligned.counts,Line74_DEX.R1.Aligned.counts,GSM6275997,GSM6276002,1,1,True,INCLUDED_EXACT_TITLE_IDENTITY
Line75,321,4,AFR,ESN,HG03173,Line75_ETOH.R1.Aligned.counts,Line75_DEX.R1.Aligned.counts,GSM6276011,GSM6276005,1,1,True,INCLUDED_EXACT_TITLE_IDENTITY
Line76,322,1,EUR,CEU,GM12752,Line76_ETOH.R1.Aligned.counts,Line76_DEX.R1.Aligned.counts,GSM6276013,GSM6276015,1,1,True,INCLUDED_EXACT_TITLE_IDENTITY
Line77,323,2,EUR,CEU,GM12814,Line77_ETOH.R1.Aligned.counts.x | Line77_ETOH.R1.Aligned.counts.y,Line77_DEX.R1.Aligned.counts.x | Line77_DEX.R1.Aligned.counts.y,GSM6276026 | GSM6276037 | GSM6276044,GSM6276030 | GSM6276034 | GSM6276039,3,3,True,INCLUDED_EXACT_TITLE_IDENTITY
Line78,324,4,AFR,YRI,GM18484,Line78_ETOH.R1.Aligned.counts,Line78_DEX.R1.Aligned.counts,GSM6276049,GSM6276048,1,1,True,INCLUDED_EXACT_TITLE_IDENTITY
Line79,325,1,AFR,YRI,GM18516,Line79_ETOH.R1.Aligned.counts,Line79_DEX.R1.Aligned.counts,GSM6276060,GSM6276056,1,1,True,INCLUDED_EXACT_TITLE_IDENTITY
Line8,326,4,EUR,FIN,HG00351,Line8_ETOH.R1.Aligned.counts,Line8_DEX.R1.Aligned.counts,GSM6276065,GSM6276061,1,1,True,INCLUDED_EXACT_TITLE_IDENTITY
Line80,327,4,AFR,LWK,GM19023,Line80_ETOH.R1.Aligned.counts,Line80_DEX.R1.Aligned.counts,GSM6276075,GSM6276074,1,1,True,INCLUDED_EXACT_TITLE_IDENTITY
Line81,328,3,AFR,LWK,GM19026,Line81_ETOH.R1.Aligned.counts,Line81_DEX.R1.Aligned.counts,GSM6276078,GSM6276079,1,1,True,INCLUDED_EXACT_TITLE_IDENTITY
Line82,329,0,AFR,LWK,GM19031,Line82_ETOH.R1.Aligned.counts,Line82_DEX.R1.Aligned.counts,GSM6276092,GSM6276085,1,1,True,INCLUDED_EXACT_TITLE_IDENTITY
Line83,330,0,AFR,LWK,GM19043,Line83_ETOH.R1.Aligned.counts,Line83_DEX.R1.Aligned.counts,GSM6276095,GSM6276098,1,1,True,INCLUDED_EXACT_TITLE_IDENTITY
Line85,331,4,AFR,YRI,GM19252,Line85_ETOH.R1.Aligned.counts,Line85_DEX.R1.Aligned.counts,GSM6276111,GSM6276115,1,1,True,INCLUDED_EXACT_TITLE_IDENTITY
Line86,332,2,AFR,LWK,GM19351,Line86_ETOH.R1.Aligned.counts,Line86_DEX.R1.Aligned.counts,GSM6276120,GSM6276118,1,1,True,INCLUDED_EXACT_TITLE_IDENTITY
Line88,333,0,EUR,TSI,GM20521,Line88_ETOH.R1.Aligned.counts.x | Line88_ETOH.R1.Aligned.counts.y,Line88_DEX.R1.Aligned.counts.x | Line88_DEX.R1.Aligned.counts.y,GSM6276154 | GSM6276155 | GSM6276166,GSM6276159 | GSM6276162 | GSM6276171,3,3,True,INCLUDED_EXACT_TITLE_IDENTITY
Line89,334,0,EUR,TSI,GM20756,Line89_ETOH.R1.Aligned.counts,Line89_DEX.R1.Aligned.counts,GSM6276176,GSM6276173,1,1,True,INCLUDED_EXACT_TITLE_IDENTITY
Line91,335,3,EUR,TSI,GM20816,Line91_ETOH.R1.Aligned.counts.x | Line91_ETOH.R1.Aligned.counts.y,Line91_DEX.R1.Aligned.counts.x | Line91_DEX.R1.Aligned.counts.y,GSM6276192 | GSM6276207 | GSM6276211,GSM6276200 | GSM6276205 | GSM6276208,3,3,True,INCLUDED_EXACT_TITLE_IDENTITY
Line92,336,1,EUR,TSI,GM20829,Line92_ETOH.R1.Aligned.counts,Line92_DEX.R1.Aligned.counts,GSM6276215,GSM6276216,1,1,True,INCLUDED_EXACT_TITLE_IDENTITY
Line93,337,4,EUR,GBR,HG00105,Line93_ETOH.R1.Aligned.counts,Line93_DEX.R1.Aligned.counts,GSM6276221,GSM6276226,1,1,True,INCLUDED_EXACT_TITLE_IDENTITY
Line94,338,1,EUR,FIN,HG00341,Line94_ETOH.R1.Aligned.counts,Line94_DEX.R1.Aligned.counts,GSM6276229,GSM6276231,1,1,True,INCLUDED_EXACT_TITLE_IDENTITY
Line96,339,2,AFR,ESN,HG02938,Line96_ETOH.R1.Aligned.counts,Line96_DEX.R1.Aligned.counts,GSM6276264,GSM6276267,1,1,True,INCLUDED_EXACT_TITLE_IDENTITY
Line98,340,2,AFR,GWD,HG03248,Line98_ETOH.R1.Aligned.counts,Line98_DEX.R1.Aligned.counts,GSM6276275,GSM6276273,1,1,True,INCLUDED_EXACT_TITLE_IDENTITY
LineNA,341,0,AFR,,,LineNA_ETOH.R1.Aligned.counts,LineNA_DEX.R1.Aligned.counts,,,0,0,False,EXCLUDED_UNRESOLVED_GEO_IDENTITY
