intervention_id,fold,assignment,outcome_balancing
(R)-Verapamil (hydrochloride)__5__uM,4,sha256_first8_little_endian_mod_5,False
18β-Glycyrrhetinic acid__5__uM,4,sha256_first8_little_endian_mod_5,False
8-Hydroxyquinoline__5__uM,0,sha256_first8_little_endian_mod_5,False
Acetohexamide__5__uM,3,sha256_first8_little_endian_mod_5,False
Adagrasib__0.05__uM,2,sha256_first8_little_endian_mod_5,False
Adenine__5__uM,3,sha256_first8_little_endian_mod_5,False
Adenosine__5__uM,4,sha256_first8_little_endian_mod_5,False
Aliskiren__5__uM,3,sha256_first8_little_endian_mod_5,False
Allantoin__5__uM,4,sha256_first8_little_endian_mod_5,False
Almonertinib (hydrochloride)__5__uM,2,sha256_first8_little_endian_mod_5,False
Amsacrine__5__uM,0,sha256_first8_little_endian_mod_5,False
Anethole trithione__5__uM,1,sha256_first8_little_endian_mod_5,False
Artesunate__5__uM,0,sha256_first8_little_endian_mod_5,False
Azithromycin (hydrate)__5__uM,4,sha256_first8_little_endian_mod_5,False
Baicalin__5__uM,2,sha256_first8_little_endian_mod_5,False
Balsalazide (sodium hydrate)__5__uM,2,sha256_first8_little_endian_mod_5,False
Berbamine__5__uM,1,sha256_first8_little_endian_mod_5,False
Berberine (chloride hydrate)__5__uM,1,sha256_first8_little_endian_mod_5,False
Bergenin__5__uM,2,sha256_first8_little_endian_mod_5,False
Bimatoprost__5__uM,2,sha256_first8_little_endian_mod_5,False
Busulfan__5__uM,4,sha256_first8_little_endian_mod_5,False
Cepharanthine__5__uM,2,sha256_first8_little_endian_mod_5,False
Chlorhexidine (diacetate)__5__uM,2,sha256_first8_little_endian_mod_5,False
Ciclopirox__5__uM,1,sha256_first8_little_endian_mod_5,False
Clonidine (hydrochloride)__5__uM,3,sha256_first8_little_endian_mod_5,False
Clotrimazole__5__uM,0,sha256_first8_little_endian_mod_5,False
Cloxacillin (sodium)__5__uM,1,sha256_first8_little_endian_mod_5,False
Cysteamine (hydrochloride)__5__uM,4,sha256_first8_little_endian_mod_5,False
Darinaparsin__5__uM,2,sha256_first8_little_endian_mod_5,False
Demeclocycline__5__uM,2,sha256_first8_little_endian_mod_5,False
Diammonium Glycyrrhizinate__5__uM,2,sha256_first8_little_endian_mod_5,False
Docetaxel__5__uM,3,sha256_first8_little_endian_mod_5,False
Elagolix sodium__5__uM,3,sha256_first8_little_endian_mod_5,False
Fluvoxamine (maleate)__5__uM,3,sha256_first8_little_endian_mod_5,False
Folic acid__5__uM,4,sha256_first8_little_endian_mod_5,False
Furosemide__5__uM,3,sha256_first8_little_endian_mod_5,False
Fusidic acid__5__uM,1,sha256_first8_little_endian_mod_5,False
Gallic acid (hydrate)__5__uM,3,sha256_first8_little_endian_mod_5,False
Gallic acid__5__uM,2,sha256_first8_little_endian_mod_5,False
Gemfibrozil__5__uM,4,sha256_first8_little_endian_mod_5,False
Goserelin (acetate)__5__uM,0,sha256_first8_little_endian_mod_5,False
Hexylresorcinol__5__uM,4,sha256_first8_little_endian_mod_5,False
Homoharringtonine__5__uM,2,sha256_first8_little_endian_mod_5,False
Idarubicin (hydrochloride)__5__uM,4,sha256_first8_little_endian_mod_5,False
Isocorydine__5__uM,3,sha256_first8_little_endian_mod_5,False
Larotrectinib__5__uM,0,sha256_first8_little_endian_mod_5,False
Lenalidomide (hemihydrate)__5__uM,3,sha256_first8_little_endian_mod_5,False
Lidocaine (hydrochloride)__5__uM,4,sha256_first8_little_endian_mod_5,False
Lipoic acid__5__uM,4,sha256_first8_little_endian_mod_5,False
Lumateperone (tosylate)__5__uM,4,sha256_first8_little_endian_mod_5,False
Medroxyprogesterone acetate__5__uM,1,sha256_first8_little_endian_mod_5,False
Megestrol__5__uM,0,sha256_first8_little_endian_mod_5,False
Mitoxantrone (dihydrochloride)__5__uM,0,sha256_first8_little_endian_mod_5,False
Neratinib (maleate)__5__uM,2,sha256_first8_little_endian_mod_5,False
Norepinephrine (hydrochloride)__5__uM,2,sha256_first8_little_endian_mod_5,False
Olanzapine__5__uM,1,sha256_first8_little_endian_mod_5,False
Palmatine (chloride)__5__uM,2,sha256_first8_little_endian_mod_5,False
Pasireotide (acetate)__5__uM,3,sha256_first8_little_endian_mod_5,False
Pentagastrin__5__uM,2,sha256_first8_little_endian_mod_5,False
Pentamidine (isethionate)__5__uM,4,sha256_first8_little_endian_mod_5,False
Pyridoxine (hydrochloride)__5__uM,4,sha256_first8_little_endian_mod_5,False
Pyridoxine__5__uM,0,sha256_first8_little_endian_mod_5,False
Quinestrol__5__uM,4,sha256_first8_little_endian_mod_5,False
Radotinib__5__uM,4,sha256_first8_little_endian_mod_5,False
Raltitrexed__5__uM,2,sha256_first8_little_endian_mod_5,False
Rapamycin__5__uM,3,sha256_first8_little_endian_mod_5,False
Relugolix__5__uM,2,sha256_first8_little_endian_mod_5,False
Resveratrol__5__uM,4,sha256_first8_little_endian_mod_5,False
Retinoic acid__5__uM,2,sha256_first8_little_endian_mod_5,False
Riluzole hydrochloride__5__uM,3,sha256_first8_little_endian_mod_5,False
Rimonabant__5__uM,3,sha256_first8_little_endian_mod_5,False
Ritonavir__5__uM,0,sha256_first8_little_endian_mod_5,False
Ropivacaine (hydrochloride monohydrate)__5__uM,2,sha256_first8_little_endian_mod_5,False
S-Adenosyl-L-methionine (disulfate tosylate)__5__uM,4,sha256_first8_little_endian_mod_5,False
Salicylic acid__5__uM,3,sha256_first8_little_endian_mod_5,False
Saquinavir__5__uM,4,sha256_first8_little_endian_mod_5,False
Selinexor__5__uM,3,sha256_first8_little_endian_mod_5,False
Sinomenine__5__uM,4,sha256_first8_little_endian_mod_5,False
Sodium Salicylate__5__uM,0,sha256_first8_little_endian_mod_5,False
Sulfisoxazole__5__uM,2,sha256_first8_little_endian_mod_5,False
Temsirolimus__5__uM,3,sha256_first8_little_endian_mod_5,False
Terfenadine__5__uM,4,sha256_first8_little_endian_mod_5,False
Thymol__5__uM,1,sha256_first8_little_endian_mod_5,False
Tofacitinib (citrate)__5__uM,1,sha256_first8_little_endian_mod_5,False
Tofacitinib__5__uM,2,sha256_first8_little_endian_mod_5,False
Tolcapone__5__uM,4,sha256_first8_little_endian_mod_5,False
Triamcinolone__5__uM,2,sha256_first8_little_endian_mod_5,False
Triclosan__5__uM,0,sha256_first8_little_endian_mod_5,False
Trifluridine__5__uM,4,sha256_first8_little_endian_mod_5,False
Trimetrexate__5__uM,3,sha256_first8_little_endian_mod_5,False
Tucidinostat__5__uM,4,sha256_first8_little_endian_mod_5,False
Vilanterol__5__uM,2,sha256_first8_little_endian_mod_5,False
Vinblastine (sulfate)__5__uM,0,sha256_first8_little_endian_mod_5,False
