reference_contexts_m,target_context_sentinels_k,measured_entries_B,measured_fraction,evaluated,primary_or_secondary_status,context_specific_g,one_sided_simultaneous_lower_bound
1,0,93,0.02,True,prespecified evaluated grid point,0.0,-2.236714434437944e-12
1,1,94,0.0202150537634408,True,prespecified evaluated grid point,0.0,-2.236714434437944e-12
1,2,95,0.0204301075268817,True,prespecified evaluated grid point,0.0,-2.236714434437944e-12
1,4,97,0.0208602150537634,True,prespecified evaluated grid point,0.0,-2.236714434437944e-12
1,8,101,0.0217204301075268,True,prespecified evaluated grid point,0.0,-2.236714434437944e-12
1,16,109,0.0234408602150537,True,prespecified evaluated grid point,0.0,-2.236714434437944e-12
1,32,125,0.0268817204301075,True,prespecified evaluated grid point,0.0,-2.236714434437944e-12
1,64,157,0.033763440860215,True,prespecified evaluated grid point,0.0,-2.236714434437944e-12
1,80,173,0.0372043010752688,True,prespecified evaluated grid point,0.0,-2.236714434437944e-12
1,92,185,0.0397849462365591,True,prespecified evaluated grid point,0.0,-2.236714434437944e-12
2,0,186,0.04,True,prespecified evaluated grid point,0.0,-2.236714434437944e-12
2,1,187,0.0402150537634408,True,prespecified evaluated grid point,-0.1147972298485227,-0.1608073877909552
2,2,188,0.0404301075268817,True,prespecified evaluated grid point,-0.1143275382267206,-0.1602507088372186
2,4,190,0.0408602150537634,True,prespecified evaluated grid point,-0.1133929741853581,-0.1590204662625061
2,8,194,0.0417204301075268,True,prespecified evaluated grid point,-0.1118354031825037,-0.1569527264496403
2,16,202,0.0434408602150537,True,prespecified evaluated grid point,-0.1119131553313115,-0.1569137720194005
2,32,218,0.0468817204301075,True,prespecified evaluated grid point,-0.1117656503368493,-0.156721983478447
2,64,250,0.053763440860215,True,prespecified evaluated grid point,-0.1117081819931278,-0.1565682675462834
2,80,266,0.0572043010752688,True,prespecified evaluated grid point,-0.1117118778762316,-0.1566049839373183
2,92,278,0.0597849462365591,True,prespecified evaluated grid point,-0.1116833937347332,-0.1565667964584266
4,0,372,0.08,True,prespecified evaluated grid point,0.0,-2.236714434437944e-12
4,1,373,0.0802150537634408,True,prespecified evaluated grid point,-0.0706167511922952,-0.0940365427223535
4,2,374,0.0804301075268817,True,prespecified evaluated grid point,-0.0710759455783407,-0.0941322540209536
4,4,376,0.0808602150537634,True,prespecified evaluated grid point,-0.0697805306542289,-0.0929885897041879
4,8,380,0.0817204301075268,True,prespecified evaluated grid point,-0.069602955610811,-0.0931138467282914
4,16,388,0.0834408602150537,True,prespecified evaluated grid point,-0.0697968251560616,-0.0935101262942359
4,32,404,0.0868817204301075,True,prespecified evaluated grid point,-0.0696027235441281,-0.093242438205983
4,64,436,0.093763440860215,True,prespecified evaluated grid point,-0.0699482390715178,-0.0935122135536089
4,80,452,0.0972043010752688,True,prespecified evaluated grid point,-0.0698475358139263,-0.0933361866619142
4,92,464,0.0997849462365591,True,prespecified evaluated grid point,-0.0700032418054055,-0.0934921266075882
8,0,744,0.16,True,prespecified evaluated grid point,0.0,-2.236714434437944e-12
8,1,745,0.1602150537634408,True,prespecified evaluated grid point,-0.0189039367799068,-0.0362341460330547
8,2,746,0.1604301075268817,True,prespecified evaluated grid point,-0.0192641717152077,-0.0365968743566095
8,4,748,0.1608602150537634,True,prespecified evaluated grid point,-0.0169385024561194,-0.0347149924486308
8,8,752,0.1617204301075268,True,prespecified evaluated grid point,-0.0158607413576632,-0.032612080172453
8,16,760,0.1634408602150537,True,prespecified evaluated grid point,-0.0150919095818742,-0.0317688019858003
8,32,776,0.1668817204301075,True,prespecified evaluated grid point,-0.0139110435941349,-0.0314628933579434
8,64,808,0.173763440860215,True,prespecified evaluated grid point,-0.0138166682770795,-0.0314220054182053
8,80,824,0.1772043010752688,True,prespecified evaluated grid point,-0.0136893499683343,-0.0312234997922738
8,92,836,0.1797849462365591,True,prespecified evaluated grid point,-0.0137575474938971,-0.0312496423672771
16,0,1488,0.32,True,prespecified evaluated grid point,0.0,-2.236714434437944e-12
16,1,1489,0.3202150537634408,True,prespecified evaluated grid point,0.0184361519516067,-0.0352215777616249
16,2,1490,0.3204301075268817,True,prespecified evaluated grid point,0.0207244441187256,-0.03784942808911
16,4,1492,0.3208602150537634,True,prespecified evaluated grid point,0.0222375950757854,-0.0281452442793417
16,8,1496,0.3217204301075269,True,prespecified evaluated grid point,0.0241109343608153,-0.0190276258260696
16,16,1504,0.3234408602150537,True,prespecified evaluated grid point,0.0261826734076476,-0.0166487004227426
16,32,1520,0.3268817204301075,True,prespecified evaluated grid point,0.028923556178269,-0.0205578379149375
16,64,1552,0.333763440860215,True,prespecified evaluated grid point,0.0298964087380836,-0.0200408963118156
16,80,1568,0.3372043010752688,True,prespecified evaluated grid point,0.0302096712878761,-0.0191835877141491
16,92,1580,0.3397849462365591,True,prespecified evaluated grid point,0.03022561783231,-0.0195105490231068
24,0,2232,0.48,True,prespecified evaluated grid point,-2.220446049250313e-16,-2.236936479042869e-12
24,1,2233,0.4802150537634408,True,prespecified evaluated grid point,0.0396653853700755,-0.4347819009175142
24,2,2234,0.4804301075268817,True,prespecified evaluated grid point,0.0435105641785699,-0.4336040224874248
24,4,2236,0.4808602150537634,True,prespecified evaluated grid point,0.0461688837746935,-0.3810717271058856
24,8,2240,0.4817204301075269,True,prespecified evaluated grid point,0.0480427343956906,-0.2862836386343435
24,16,2248,0.4834408602150538,True,prespecified evaluated grid point,0.0510407926294548,-0.2916738172352548
24,32,2264,0.4868817204301075,True,prespecified evaluated grid point,0.0546714601883847,-0.3548398299814714
24,64,2296,0.493763440860215,True,prespecified evaluated grid point,0.055539984534328,-0.3474365704587862
24,80,2312,0.4972043010752688,True,prespecified evaluated grid point,0.0562017710861639,-0.3488065575392424
24,92,2324,0.4997849462365591,True,prespecified evaluated grid point,0.0563243280470981,-0.3479467231681404
32,0,2976,0.64,True,prespecified evaluated grid point,0.0,-2.236714434437944e-12
32,1,2977,0.6402150537634409,True,prespecified evaluated grid point,0.0562919052639216,-0.043311862481786
32,2,2978,0.6404301075268817,True,prespecified evaluated grid point,0.062282735043633,-0.043135955348332
32,4,2980,0.6408602150537634,True,prespecified evaluated grid point,0.0658133158891943,-0.0310728622832942
32,8,2984,0.6417204301075269,True,prespecified evaluated grid point,0.0678695253119743,-0.0037157420074884
32,16,2992,0.6434408602150538,True,prespecified evaluated grid point,0.0713251230452077,-0.0028412933202485
32,32,3008,0.6468817204301075,True,prespecified evaluated grid point,0.0762885790751713,-0.0138721815054285
32,64,3040,0.6537634408602151,True,prespecified evaluated grid point,0.0774605518183194,-0.0107858532232946
32,80,3056,0.6572043010752688,True,prespecified evaluated grid point,0.0781498617072685,-0.0096877906717791
32,92,3068,0.6597849462365591,True,prespecified evaluated grid point,0.0784068321219734,-0.0101584827583983
40,0,3720,0.8,True,prespecified evaluated grid point,1.1102230246251563e-16,-2.2366034121354815e-12
40,1,3721,0.8002150537634408,True,prespecified evaluated grid point,0.0683536780085581,-0.0048397604378246
40,2,3722,0.8004301075268817,True,prespecified evaluated grid point,0.076671286574422,-0.0051729647259768
40,4,3724,0.8008602150537635,True,first detectable point,0.0802958320411487,0.0068808763714481
40,8,3728,0.8017204301075269,True,prespecified evaluated grid point,0.0824672710788519,0.0267687625117365
40,16,3736,0.8034408602150538,True,prespecified evaluated grid point,0.0865859576072093,0.028694656694253
40,32,3752,0.8068817204301075,True,prespecified evaluated grid point,0.0919231184218929,0.0233451278420556
40,64,3784,0.813763440860215,True,prespecified evaluated grid point,0.0937169751542107,0.0259393997614045
40,80,3800,0.8172043010752689,True,prespecified evaluated grid point,0.0944579388665666,0.0268542007917903
40,92,3812,0.8197849462365592,True,prespecified evaluated grid point,0.0948354518703702,0.0263932811070666
49,0,4557,0.98,True,prespecified evaluated grid point,0.0,-2.236714434437944e-12
49,1,4558,0.9802150537634408,True,prespecified evaluated grid point,0.0727620012877621,0.0123359923266061
49,2,4559,0.9804301075268818,True,prespecified evaluated grid point,0.0849694766430427,0.0119765805518661
49,4,4561,0.9808602150537634,True,prespecified evaluated grid point,0.0908992590821285,0.0231663320063889
49,8,4565,0.9817204301075269,True,prespecified evaluated grid point,0.094521683035375,0.0445206840010753
49,16,4573,0.9834408602150536,True,prespecified evaluated grid point,0.1006579947856776,0.0460671864160263
49,32,4589,0.9868817204301076,True,prespecified evaluated grid point,0.1070991178038331,0.0422771435018904
49,64,4621,0.9937634408602152,True,prespecified evaluated grid point,0.1093132659631124,0.0453385663714877
49,80,4637,0.9972043010752688,True,prespecified evaluated grid point,0.1102218303902432,0.045884956553263
49,92,4649,0.9997849462365592,True,all-but-one point,0.1106805308880829,0.0455183199335129
