figure,panel,model,m,pooled_g,q,bootstrap_lower_95,bootstrap_upper_95,median_context_g,context_g_iqr_lower,context_g_iqr_upper,fraction_context_g_positive,positive_contexts,defined_contexts,reference_cross_energy,model_error_cross_energy,generalization_unit,resolution,pooled_g_pathway,q_pathway,median_context_g_pathway,fraction_context_g_pathway_positive,evaluation_resolution,same_context_grid,candidate,parameters,rss,leave_one_m_out_rmse,aicc,q_inf,g_inf,alpha,preferred_by_heldout_m,parameter_0_bootstrap_lower_95,parameter_0_bootstrap_upper_95,alpha_bootstrap_lower_95,alpha_bootstrap_upper_95,row_type,n_g_0p50_contexts,q_inf_bootstrap_median,q_inf_bootstrap_lower_95,q_inf_bootstrap_upper_95,target_g,model_based_context_count,status,fit,warning,selected_scaling_law,point_context_count,bootstrap_median_context_count,bootstrap_reachable_fraction,bootstrap_interval_scope,audit_note,source_file,source_commit,source_sha256,claim_boundary
Extended Data Figure 7,a,rbf_ridge,2.0,-0.0418386058886117,1.0418386058886118,-0.0623297382384687,-0.027180423323973,-0.0323141409065717,-0.0697309478515,-0.0015352277829947,0.2244897959183673,11.0,49.0,34768275.57636743,36222931.75563371,heldout_context,gene,,,,,,,,,,,,,,,,,,,,,,,,,,,,,,,,,,,,audit/release_repair/ed7/ED7_HIERARCHICAL_BOOTSTRAP_CURVES.csv,c2ffd06e44be10c77f3b68dbae880ccdf22f6f1f,7c97009c531e8f10e7b52ebe2e0c32a14130408c886b4eb8846ec0e499281f7e,Gene-resolution held-context recovery rises to g=0.168976 at m=49; bands use the frozen context-to-intervention hierarchical bootstrap.
Extended Data Figure 7,a,rbf_ridge,4.0,-0.0073312039906099,1.00733120399061,-0.0175508665116581,0.0014435055740134,-0.0121341360899122,-0.0236706989062166,0.0125454584440777,0.375,18.0,48.0,29044778.174579173,29257711.368239027,heldout_context,gene,,,,,,,,,,,,,,,,,,,,,,,,,,,,,,,,,,,,audit/release_repair/ed7/ED7_HIERARCHICAL_BOOTSTRAP_CURVES.csv,c2ffd06e44be10c77f3b68dbae880ccdf22f6f1f,7c97009c531e8f10e7b52ebe2e0c32a14130408c886b4eb8846ec0e499281f7e,Gene-resolution held-context recovery rises to g=0.168976 at m=49; bands use the frozen context-to-intervention hierarchical bootstrap.
Extended Data Figure 7,a,rbf_ridge,8.0,0.0475507020164231,0.9524492979835768,0.0368518297954695,0.0638570171464166,0.0354646475475798,0.0229064751061923,0.061654051794783,0.9791666666666666,47.0,48.0,25856217.64462118,24626736.344130013,heldout_context,gene,,,,,,,,,,,,,,,,,,,,,,,,,,,,,,,,,,,,audit/release_repair/ed7/ED7_HIERARCHICAL_BOOTSTRAP_CURVES.csv,c2ffd06e44be10c77f3b68dbae880ccdf22f6f1f,7c97009c531e8f10e7b52ebe2e0c32a14130408c886b4eb8846ec0e499281f7e,Gene-resolution held-context recovery rises to g=0.168976 at m=49; bands use the frozen context-to-intervention hierarchical bootstrap.
Extended Data Figure 7,a,rbf_ridge,12.0,0.0643514878360508,0.9356485121639492,0.0503051623318039,0.083740899038389,0.0538231222238847,0.0321758480521738,0.0917031608838613,0.9791666666666666,47.0,48.0,24904982.76046209,23302310.06529516,heldout_context,gene,,,,,,,,,,,,,,,,,,,,,,,,,,,,,,,,,,,,audit/release_repair/ed7/ED7_HIERARCHICAL_BOOTSTRAP_CURVES.csv,c2ffd06e44be10c77f3b68dbae880ccdf22f6f1f,7c97009c531e8f10e7b52ebe2e0c32a14130408c886b4eb8846ec0e499281f7e,Gene-resolution held-context recovery rises to g=0.168976 at m=49; bands use the frozen context-to-intervention hierarchical bootstrap.
Extended Data Figure 7,a,rbf_ridge,16.0,0.0891229270202323,0.9108770729797676,0.0698541605707019,0.1180049199389382,0.0701767507799168,0.0438758977610392,0.1357472808985811,0.9791666666666666,47.0,48.0,24428358.95804524,22251232.10540333,heldout_context,gene,,,,,,,,,,,,,,,,,,,,,,,,,,,,,,,,,,,,audit/release_repair/ed7/ED7_HIERARCHICAL_BOOTSTRAP_CURVES.csv,c2ffd06e44be10c77f3b68dbae880ccdf22f6f1f,7c97009c531e8f10e7b52ebe2e0c32a14130408c886b4eb8846ec0e499281f7e,Gene-resolution held-context recovery rises to g=0.168976 at m=49; bands use the frozen context-to-intervention hierarchical bootstrap.
Extended Data Figure 7,a,rbf_ridge,24.0,0.1201670648509993,0.8798329351490006,0.0962705015636638,0.1529310541091445,0.1072425867967559,0.06802925289852,0.1884868412482635,1.0,48.0,48.0,23964030.500212908,21084343.293002497,heldout_context,gene,,,,,,,,,,,,,,,,,,,,,,,,,,,,,,,,,,,,audit/release_repair/ed7/ED7_HIERARCHICAL_BOOTSTRAP_CURVES.csv,c2ffd06e44be10c77f3b68dbae880ccdf22f6f1f,7c97009c531e8f10e7b52ebe2e0c32a14130408c886b4eb8846ec0e499281f7e,Gene-resolution held-context recovery rises to g=0.168976 at m=49; bands use the frozen context-to-intervention hierarchical bootstrap.
Extended Data Figure 7,a,rbf_ridge,32.0,0.140952034698196,0.8590479653018039,0.1145312226123709,0.1754736299440003,0.1371400297678544,0.0842771804896546,0.2062376165525403,1.0,48.0,48.0,23745278.80653148,20398333.44427492,heldout_context,gene,,,,,,,,,,,,,,,,,,,,,,,,,,,,,,,,,,,,audit/release_repair/ed7/ED7_HIERARCHICAL_BOOTSTRAP_CURVES.csv,c2ffd06e44be10c77f3b68dbae880ccdf22f6f1f,7c97009c531e8f10e7b52ebe2e0c32a14130408c886b4eb8846ec0e499281f7e,Gene-resolution held-context recovery rises to g=0.168976 at m=49; bands use the frozen context-to-intervention hierarchical bootstrap.
Extended Data Figure 7,a,rbf_ridge,40.0,0.1562688360886813,0.8437311639113186,0.1278870829270384,0.1923996139162026,0.1531264913104428,0.0972677968496459,0.2315225057050596,1.0,48.0,48.0,23611198.554720603,19921504.03791566,heldout_context,gene,,,,,,,,,,,,,,,,,,,,,,,,,,,,,,,,,,,,audit/release_repair/ed7/ED7_HIERARCHICAL_BOOTSTRAP_CURVES.csv,c2ffd06e44be10c77f3b68dbae880ccdf22f6f1f,7c97009c531e8f10e7b52ebe2e0c32a14130408c886b4eb8846ec0e499281f7e,Gene-resolution held-context recovery rises to g=0.168976 at m=49; bands use the frozen context-to-intervention hierarchical bootstrap.
Extended Data Figure 7,a,rbf_ridge,49.0,0.1689758429729617,0.8310241570270382,0.1346128149921051,0.2025414649008795,0.1681551098521216,0.1136766626337699,0.2472610283601965,1.0,48.0,48.0,1174816.2978227353,976300.7235597644,heldout_context,gene,,,,,,,,,,,,,,,,,,,,,,,,,,,,,,,,,,,,audit/release_repair/ed7/ED7_HIERARCHICAL_BOOTSTRAP_CURVES.csv,c2ffd06e44be10c77f3b68dbae880ccdf22f6f1f,7c97009c531e8f10e7b52ebe2e0c32a14130408c886b4eb8846ec0e499281f7e,Gene-resolution held-context recovery rises to g=0.168976 at m=49; bands use the frozen context-to-intervention hierarchical bootstrap.
Extended Data Figure 7,b,,2.0,,,-0.0106546415614,0.0253384479592273,,-0.0449907430166385,0.0402895565635261,,28.0,49.0,1300259.602325208,1290645.127410662,heldout_context,five_pathway,0.0073942733415334,0.9926057266584666,0.0088478435822343,0.5714285714285714,exact frozen five-pathway CGC manuscript space,,,,,,,,,,,,,,,,,,,,,,,,,,,,,,,audit/release_repair/ed7/ED7_HIERARCHICAL_BOOTSTRAP_CURVES.csv,c2ffd06e44be10c77f3b68dbae880ccdf22f6f1f,7c97009c531e8f10e7b52ebe2e0c32a14130408c886b4eb8846ec0e499281f7e,Predefined five-pathway recovery rises to g=0.361825 at m=49 on the same held-context grid; bands use the frozen context-to-intervention hierarchical bootstrap.
Extended Data Figure 7,b,,4.0,,,0.0156525398162677,0.0593108394984252,,-0.021909135287556,0.0741500917854254,,34.0,49.0,1073848.06429371,1034260.046068625,heldout_context,five_pathway,0.0368655674312016,0.9631344325687984,0.0140891603209118,0.6938775510204082,exact frozen five-pathway CGC manuscript space,,,,,,,,,,,,,,,,,,,,,,,,,,,,,,,audit/release_repair/ed7/ED7_HIERARCHICAL_BOOTSTRAP_CURVES.csv,c2ffd06e44be10c77f3b68dbae880ccdf22f6f1f,7c97009c531e8f10e7b52ebe2e0c32a14130408c886b4eb8846ec0e499281f7e,Predefined five-pathway recovery rises to g=0.361825 at m=49 on the same held-context grid; bands use the frozen context-to-intervention hierarchical bootstrap.
Extended Data Figure 7,b,,8.0,,,0.0615929561880552,0.1383558410747426,,-0.0123779689563923,0.1430447621245114,,36.0,49.0,953660.8789405004,863413.4145884067,heldout_context,five_pathway,0.0946326585739335,0.9053673414260665,0.0589873110173038,0.7346938775510204,exact frozen five-pathway CGC manuscript space,,,,,,,,,,,,,,,,,,,,,,,,,,,,,,,audit/release_repair/ed7/ED7_HIERARCHICAL_BOOTSTRAP_CURVES.csv,c2ffd06e44be10c77f3b68dbae880ccdf22f6f1f,7c97009c531e8f10e7b52ebe2e0c32a14130408c886b4eb8846ec0e499281f7e,Predefined five-pathway recovery rises to g=0.361825 at m=49 on the same held-context grid; bands use the frozen context-to-intervention hierarchical bootstrap.
Extended Data Figure 7,b,,12.0,,,0.0928411359014317,0.2105416551679841,,0.0016437706330788,0.2113071303132832,,37.0,49.0,924635.089362068,793665.057801883,heldout_context,five_pathway,0.1416451020159151,0.8583548979840848,0.0984677254396357,0.7551020408163265,exact frozen five-pathway CGC manuscript space,,,,,,,,,,,,,,,,,,,,,,,,,,,,,,,audit/release_repair/ed7/ED7_HIERARCHICAL_BOOTSTRAP_CURVES.csv,c2ffd06e44be10c77f3b68dbae880ccdf22f6f1f,7c97009c531e8f10e7b52ebe2e0c32a14130408c886b4eb8846ec0e499281f7e,Predefined five-pathway recovery rises to g=0.361825 at m=49 on the same held-context grid; bands use the frozen context-to-intervention hierarchical bootstrap.
Extended Data Figure 7,b,,16.0,,,0.1272766581868883,0.2949382141550015,,-0.0034251805986791,0.2658078379948984,,36.0,49.0,903706.3861027702,727488.493690818,heldout_context,five_pathway,0.1949946300278912,0.8050053699721088,0.1265952113876614,0.7346938775510204,exact frozen five-pathway CGC manuscript space,,,,,,,,,,,,,,,,,,,,,,,,,,,,,,,audit/release_repair/ed7/ED7_HIERARCHICAL_BOOTSTRAP_CURVES.csv,c2ffd06e44be10c77f3b68dbae880ccdf22f6f1f,7c97009c531e8f10e7b52ebe2e0c32a14130408c886b4eb8846ec0e499281f7e,Predefined five-pathway recovery rises to g=0.361825 at m=49 on the same held-context grid; bands use the frozen context-to-intervention hierarchical bootstrap.
Extended Data Figure 7,b,,24.0,,,0.1783385500845195,0.391751873739814,,0.0428509294243341,0.320295436366165,,39.0,49.0,882297.7842289257,649618.7033353589,heldout_context,five_pathway,0.263719443766839,0.736280556233161,0.1840495467939861,0.7959183673469388,exact frozen five-pathway CGC manuscript space,,,,,,,,,,,,,,,,,,,,,,,,,,,,,,,audit/release_repair/ed7/ED7_HIERARCHICAL_BOOTSTRAP_CURVES.csv,c2ffd06e44be10c77f3b68dbae880ccdf22f6f1f,7c97009c531e8f10e7b52ebe2e0c32a14130408c886b4eb8846ec0e499281f7e,Predefined five-pathway recovery rises to g=0.361825 at m=49 on the same held-context grid; bands use the frozen context-to-intervention hierarchical bootstrap.
Extended Data Figure 7,b,,32.0,,,0.2082005421301549,0.4618446196057885,,0.0911202294881914,0.3422361028637203,,39.0,49.0,885907.6241204592,613420.1812998666,heldout_context,five_pathway,0.3075799726761824,0.6924200273238176,0.2421304437197119,0.7959183673469388,exact frozen five-pathway CGC manuscript space,,,,,,,,,,,,,,,,,,,,,,,,,,,,,,,audit/release_repair/ed7/ED7_HIERARCHICAL_BOOTSTRAP_CURVES.csv,c2ffd06e44be10c77f3b68dbae880ccdf22f6f1f,7c97009c531e8f10e7b52ebe2e0c32a14130408c886b4eb8846ec0e499281f7e,Predefined five-pathway recovery rises to g=0.361825 at m=49 on the same held-context grid; bands use the frozen context-to-intervention hierarchical bootstrap.
Extended Data Figure 7,b,,40.0,,,0.2252874927822993,0.5076329802497795,,0.0841089674352656,0.3817147411841359,,40.0,49.0,877986.144001248,584657.5610667493,heldout_context,five_pathway,0.3340924967194946,0.6659075032805054,0.2787330745146791,0.8163265306122449,exact frozen five-pathway CGC manuscript space,,,,,,,,,,,,,,,,,,,,,,,,,,,,,,,audit/release_repair/ed7/ED7_HIERARCHICAL_BOOTSTRAP_CURVES.csv,c2ffd06e44be10c77f3b68dbae880ccdf22f6f1f,7c97009c531e8f10e7b52ebe2e0c32a14130408c886b4eb8846ec0e499281f7e,Predefined five-pathway recovery rises to g=0.361825 at m=49 on the same held-context grid; bands use the frozen context-to-intervention hierarchical bootstrap.
Extended Data Figure 7,b,,49.0,,,0.2453141144916979,0.5470507754847106,,0.1063390028819424,0.4201904483647873,,40.0,49.0,43699.70973805656,27888.07077164743,heldout_context,five_pathway,0.3618248052718602,0.6381751947281398,0.280120861242447,0.8163265306122449,exact frozen five-pathway CGC manuscript space,,,,,,,,,,,,,,,,,,,,,,,,,,,,,,,audit/release_repair/ed7/ED7_HIERARCHICAL_BOOTSTRAP_CURVES.csv,c2ffd06e44be10c77f3b68dbae880ccdf22f6f1f,7c97009c531e8f10e7b52ebe2e0c32a14130408c886b4eb8846ec0e499281f7e,Predefined five-pathway recovery rises to g=0.361825 at m=49 on the same held-context grid; bands use the frozen context-to-intervention hierarchical bootstrap.
