model,input,output,F,g,U,F_lower95,F_upper95,g_lower95,g_upper95,U_lower95,U_upper95
linear,2,1,-0.0077621246583367,,-0.0141188431307508,-0.0180551140165527,-0.0032765500744286,-195.15671964793893,-195.15671964793893,-0.0608022723679358,0.0029713272005473
linear,2,2,-0.0108913198317809,,-0.0173289878691941,-0.0316188719708139,-0.0029184388051711,-16.412954411014997,3.21703266786269,-0.0705842483067364,0.002142897552673
linear,2,4,-0.0289040497391142,,-0.0251494120121707,-0.1170944419395704,0.00510532801096,-6.517136889903122,5.865015149237348,-0.0954264916513683,0.0026247153896207
linear,2,8,-0.0340758719338953,,-0.0195999614218586,-0.2579598279328595,0.0441446773528281,-6.144193001032416,1.5447023917047922,-0.1046940863367088,0.0152763301045099
linear,2,16,-0.0090582069271348,,-0.0090167973582047,-0.2910837988526329,0.0835250881173156,-4.460951711904694,1.4871942643179363,-0.1005105411434405,0.028922656771134
linear,2,32,0.0149751984156409,-0.2346387431431231,-0.0035137617345648,-0.2889290188097905,0.1132418196856417,-3.0070731227440364,0.9400490152829136,-0.0982417325793099,0.0356589054968585
linear,2,64,0.0305455135244731,0.0018399759749589,5.620301102781732e-05,-0.2705742079721192,0.1281192838482688,-2.7184862868777606,0.7152826476507171,-0.090081058458179,0.0379278151574787
linear,2,128,0.0528956144351706,0.0668159451749641,0.0035342704740964,-0.2372606784676962,0.148223359694413,-1.935325328279546,0.5494258129344592,-0.0848299716338583,0.0409887929208672
linear,2,256,0.1299176415977365,0.0955340512037069,0.012411558624663,-0.1293149916834432,0.2194259588965287,-1.1573710624852995,0.2956159049325327,-0.0726688667855833,0.0502341594529848
linear,2,512,0.1947465596280578,0.0853544297233248,0.0166224815376323,-0.0460621989844863,0.2782420627009571,-0.7199403771372676,0.2247567506830459,-0.0685843287347254,0.0549732135293914
linear,2,1024,0.2542319561544642,0.0804189686188958,0.0204450717039063,0.0313225559474527,0.3322551902450412,-0.4621394709904795,0.1917470740833523,-0.0625408435262787,0.0585269920975325
linear,2,span,0.3745300593709698,0.0658354126737613,0.0246573410174161,0.1774788049685721,0.4435315251632715,-0.246470861683078,0.1490937843279257,-0.0585453641439182,0.0632932222022049
linear,2,full,0.999999999999998,0.0402177105753126,0.0402177105753126,1.0,1.0,-0.0291314365952101,0.0762778089385935,-0.0291314365952101,0.0762778089385936
linear,4,1,-0.0077621246583367,,-0.0322542995319534,-0.0180551140165527,-0.0032765500744286,-618.6808201061734,-618.6808201061734,-0.1279672870114534,-0.0025185540690349
linear,4,2,-0.0108913198317809,,-0.0339757655474647,-0.0316188719708139,-0.0029184388051711,-53.39355393981888,-3.0248074419930004,-0.1375120553583941,-0.001293559855619
linear,4,4,-0.0289040497391142,,-0.0438190150240522,-0.1170944419395704,0.00510532801096,-34.20057319665483,0.6239050091537772,-0.1682925082935235,-5.858196111455539e-05
linear,4,8,-0.0340758719338953,,-0.0334592431584894,-0.2579598279328595,0.0441446773528281,-10.697135259998053,0.5813931847819966,-0.1789552806664517,0.0188456381153588
linear,4,16,-0.0090582069271348,,-0.021853911089224,-0.2910837988526329,0.0835250881173156,-6.81287773030225,0.5266729220354583,-0.1895179679638813,0.0360106196941139
linear,4,32,0.0149751984156409,-0.940953045498713,-0.0140909585561448,-0.2889290188097905,0.1132418196856417,-5.973939532844511,0.4660826252619482,-0.1890719818065102,0.0451907241376885
linear,4,64,0.0305455135244731,-0.2992417460410059,-0.0091404928007825,-0.2705742079721192,0.1281192838482688,-5.0946702786188505,0.4303242785019262,-0.1775323044570873,0.0481400499390581
linear,4,128,0.0528956144351706,-0.0686824657056426,-0.0036330012244224,-0.2372606784676962,0.148223359694413,-4.057805756448484,0.3974440268688889,-0.167263175313825,0.0527569276711915
linear,4,256,0.1299176415977365,0.1024226420620261,0.0133065081029075,-0.1293149916834432,0.2194259588965287,-2.5426171593635143,0.3350642655789668,-0.1408796367375153,0.0686854597738468
linear,4,512,0.1947465596280578,0.1020444274949701,0.0198728011838602,-0.0460621989844863,0.2782420627009571,-1.5695386924040635,0.2823021060547645,-0.1320007013933726,0.0751821158477774
linear,4,1024,0.2542319561544642,0.1003928430737097,0.0255230688785374,0.0313225559474527,0.3322551902450412,-0.9957711405432323,0.2488270859903116,-0.1230671011604298,0.0800225063124458
linear,4,span,0.3745300593709698,0.0847937119447865,0.0317577939689658,0.1774788049685721,0.4435315251632715,-0.5460578574183241,0.1995234404869482,-0.1174374908563015,0.0868638004969357
linear,4,full,0.999999999999998,0.055510823995838,0.0555108239958379,1.0,1.0,-0.0774524720922932,0.107014585320915,-0.0774524720922932,0.1070145853209149
linear,8,1,-0.0077621246583367,,-0.0350396193935397,-0.0180551140165527,-0.0032765500744286,-702.2430079250644,-702.2430079250644,-0.1399994061901164,-0.0032203131172411
linear,8,2,-0.0108913198317809,,-0.0387565045354946,-0.0316188719708139,-0.0029184388051711,-67.1280608199049,-5.529539688477162,-0.1579615008859516,-0.0026315296205253
linear,8,4,-0.0289040497391142,,-0.0470604006106201,-0.1170944419395704,0.00510532801096,-40.9000694225298,0.4391013203325261,-0.1824460142701932,-0.0006290407266762
linear,8,8,-0.0340758719338953,,-0.0354590277653851,-0.2579598279328595,0.0441446773528281,-10.915839904730284,0.6774517514432424,-0.195489977254836,0.020150736588965
linear,8,16,-0.0090582069271348,,-0.0224932418195296,-0.2910837988526329,0.0835250881173156,-6.692547525482471,0.6146022449178775,-0.2091770038076285,0.0396699044009292
linear,8,32,0.0149751984156409,-0.8130527885645089,-0.0121756268311437,-0.2889290188097905,0.1132418196856417,-5.6592704634928,0.5623843747299038,-0.2055803897871386,0.0514585152840682
linear,8,64,0.0305455135244731,-0.2052227312915102,-0.0062686337141941,-0.2705742079721192,0.1281192838482688,-4.750062863020924,0.5163739749973995,-0.1914684687016345,0.0551994234487379
linear,8,128,0.0528956144351706,0.00338396188199,0.000178996742973,-0.2372606784676962,0.148223359694413,-3.8582860801127294,0.4721051807420472,-0.1797700236840403,0.0606986944303448
linear,8,256,0.1299176415977365,0.1628527543755432,0.021157445776166,-0.1293149916834432,0.2194259588965287,-2.4942001241385205,0.4003966179243465,-0.1500902721191747,0.080344794727044
linear,8,512,0.1947465596280578,0.1585225854253348,0.0308717281349288,-0.0460621989844863,0.2782420627009571,-1.5069068394434006,0.3409611026073881,-0.1365585747195147,0.0899148455775439
linear,8,1024,0.2542319561544642,0.1494468804079849,0.0379941727473042,0.0313225559474527,0.3322551902450412,-0.9635196648294826,0.300785769315207,-0.1250983671672771,0.0961240909707386
linear,8,span,0.3745300593709698,0.1236900330704118,0.0463256354294585,0.1774788049685721,0.4435315251632715,-0.546055350607813,0.2417940316364441,-0.1172363069348169,0.1047991446920056
linear,8,full,0.999999999999998,0.0783451918016755,0.0783451918016753,1.0,1.0,-0.0651194660728929,0.1316635952787107,-0.0651194660728929,0.1316635952787107
linear,16,1,-0.0077621246583367,,-0.033674829183682,-0.0180551140165527,-0.0032765500744286,-660.1195211021943,-660.1195211021943,-0.1325358329000541,-0.0034833661980694
linear,16,2,-0.0108913198317809,,-0.0376581110842065,-0.0316188719708139,-0.0029184388051711,-63.898692939758426,-5.896440777165219,-0.1505168015082685,-0.0030828781679197
linear,16,4,-0.0289040497391142,,-0.0514429968867246,-0.1170944419395704,0.00510532801096,-47.113993407577,0.1162096134449806,-0.1959697224894204,-0.0018135070672059
linear,16,8,-0.0340758719338953,,-0.0402052938773664,-0.2579598279328595,0.0441446773528281,-14.099158084510412,0.5586745262509432,-0.2042549144519296,0.0178920554419639
linear,16,16,-0.0090582069271348,,-0.0267986656299596,-0.2910837988526329,0.0835250881173156,-8.370681097943562,0.5462689774431271,-0.2153524302969444,0.037132930406786
linear,16,32,0.0149751984156409,-1.018561830666421,-0.0152531655128281,-0.2889290188097905,0.1132418196856417,-6.501980912522716,0.5353907838572113,-0.2091309766394819,0.0504025690358158
linear,16,64,0.0305455135244731,-0.2796525763165953,-0.0085421315520323,-0.2705742079721192,0.1281192838482688,-5.257467473391354,0.5028301743925997,-0.1939822849573854,0.0546342255848513
linear,16,128,0.0528956144351706,-0.0261810518527403,-0.0013848628243097,-0.2372606784676962,0.148223359694413,-4.061034677570069,0.4703856054057212,-0.1828859067691536,0.0607376086333045
linear,16,256,0.1299176415977365,0.1824188895212884,0.0236994319094838,-0.1293149916834432,0.2194259588965287,-2.3017680242832594,0.4173216608091387,-0.1443184304922421,0.0834316946952688
linear,16,512,0.1947465596280578,0.1838259359242473,0.0357994685916549,-0.0460621989844863,0.2782420627009571,-1.3914776946497998,0.3621752723846767,-0.1280486919785536,0.0954812787055928
linear,16,1024,0.2542319561544642,0.1734971614070173,0.0441085227317528,0.0313225559474527,0.3322551902450412,-0.8702600124354689,0.3228009886239564,-0.1148902133693322,0.102997582990942
linear,16,span,0.3745300593709698,0.1435579047452662,0.0537667505874165,0.1774788049685721,0.4435315251632715,-0.4692021578690712,0.2607434226174768,-0.1048281180598886,0.1126594087269405
linear,16,full,0.999999999999998,0.0913700306098177,0.0913700306098175,1.0,1.0,-0.0442888560715196,0.1440731189530956,-0.0442888560715196,0.1440731189530956
linear,24,1,-0.0077621246583367,,-0.0326608394253575,-0.0180551140165527,-0.0032765500744286,-631.5811952457266,-631.5811952457266,-0.1275404422374917,-0.0034801879559453
linear,24,2,-0.0108913198317809,,-0.0367353472078156,-0.0316188719708139,-0.0029184388051711,-61.7260624406936,-5.49957896445048,-0.1462601709081632,-0.0029476204728942
linear,24,4,-0.0289040497391142,,-0.0489648102392274,-0.1170944419395704,0.00510532801096,-43.864608223163714,0.1038282936870483,-0.1844897325386678,-0.0017595321709611
linear,24,8,-0.0340758719338953,,-0.0365227429634849,-0.2579598279328595,0.0441446773528281,-11.938891357708208,0.5921478778964643,-0.1900496581897493,0.0188354647965908
linear,24,16,-0.0090582069271348,,-0.0224563137131874,-0.2910837988526329,0.0835250881173156,-6.827682044933367,0.5809489748769242,-0.1973981789147785,0.038252842121598
linear,24,32,0.0149751984156409,-0.6525554117874228,-0.0097721467687169,-0.2889290188097905,0.1132418196856417,-5.012404700770785,0.5918640734749024,-0.1911969474987511,0.0521879672264345
linear,24,64,0.0305455135244731,-0.0867139465210575,-0.0026487220262194,-0.2705742079721192,0.1281192838482688,-3.745312083957442,0.5589410062978885,-0.1741589201600314,0.0566393752107278
linear,24,128,0.0528956144351706,0.0915267992759861,0.0048413662849878,-0.2372606784676962,0.148223359694413,-2.9597968056167256,0.5113753444739819,-0.1619819253665572,0.0633219154983459
linear,24,256,0.1299176415977365,0.2443557014666091,0.0317461164455024,-0.1293149916834432,0.2194259588965287,-1.6090232841884462,0.4499082316737756,-0.1214365212972113,0.0878596623676193
linear,24,512,0.1947465596280578,0.2343060537127902,0.0456302978605928,-0.0460621989844863,0.2782420627009571,-0.9714876446839666,0.3885085861789458,-0.1015797911796063,0.1010948143336298
linear,24,1024,0.2542319561544642,0.215287514576113,0.0547329659663179,0.0313225559474527,0.3322551902450412,-0.6103770083761633,0.3453288522864426,-0.0880877523436749,0.1092551060144874
linear,24,span,0.3745300593709698,0.1744684505459962,0.065343679141353,0.1774788049685721,0.4435315251632715,-0.3306361978380537,0.2776216103232197,-0.07599920179908,0.1199488402810208
linear,24,full,0.999999999999998,0.1053433623136367,0.1053433623136365,1.0,1.0,-0.011546775714983,0.1535629869088785,-0.011546775714983,0.1535629869088785
linear,span,1,-0.0077621246583367,,-0.0321320173998099,-0.0180551140165527,-0.0032765500744286,-614.7454360633759,-614.7454360633759,-0.1254104927487234,-0.0034372152987103
linear,span,2,-0.0108913198317809,,-0.0364726265694758,-0.0316188719708139,-0.0029184388051711,-60.90367259025884,-4.578751693269448,-0.1449276473170429,-0.0028502951953003
linear,span,4,-0.0289040497391142,,-0.0486021590859859,-0.1170944419395704,0.00510532801096,-43.71257399836704,0.0646692435796766,-0.1816412549077336,-0.0019574961766644
linear,span,8,-0.0340758719338953,,-0.035412461695426,-0.2579598279328595,0.0441446773528281,-10.95167071657384,0.587403717489512,-0.1856872015682163,0.0187436454189459
linear,span,16,-0.0090582069271348,,-0.021855328095277,-0.2910837988526329,0.0835250881173156,-6.715795107215832,0.5858481521309401,-0.1963214219877219,0.0382425738789272
linear,span,32,0.0149751984156409,-0.5426546647083572,-0.0081263612751807,-0.2889290188097905,0.1132418196856417,-4.590267513627297,0.615422903337351,-0.185631162362719,0.0524256343868932
linear,span,64,0.0305455135244731,-0.032824137158675,-0.0010026301255094,-0.2705742079721192,0.1281192838482688,-3.398892720944489,0.5857978119151961,-0.1699508772928621,0.0574013117825747
linear,span,128,0.0528956144351706,0.1266410068726066,0.0066987538712151,-0.2372606784676962,0.148223359694413,-2.640581472639892,0.5321733927774724,-0.1579810366579493,0.0640265898630098
linear,span,256,0.1299176415977365,0.2627011371223594,0.0341295121799805,-0.1293149916834432,0.2194259588965287,-1.442112886799894,0.4650299920225104,-0.1171745382161519,0.0893426992141621
linear,span,512,0.1947465596280578,0.2549445764087363,0.0496495791514339,-0.0460621989844863,0.2782420627009571,-0.8680663846702934,0.4047280746174038,-0.0952446983742906,0.1041210900299079
linear,span,1024,0.2542319561544642,0.2347711100161652,0.0596863185479646,0.0313225559474527,0.3322551902450412,-0.521563581070413,0.360850067721511,-0.0793573944157419,0.113348416808032
linear,span,span,0.3745300593709698,0.1903035503113491,0.0712743999966159,0.1774788049685721,0.4435315251632715,-0.2810306442024228,0.290667774400074,-0.0662782268845653,0.1250945675261423
linear,span,full,0.999999999999998,0.1158073148605008,0.1158073148605006,1.0,1.0,0.0055549613313488,0.1628325030623093,0.0055549613313488,0.1628325030623093
linear,full,1,-0.0077621246583367,,-0.0321320173998099,-0.0180551140165527,-0.0032765500744286,-614.7454360633761,-614.7454360633761,-0.1254104927487233,-0.0034372152987103
linear,full,2,-0.0108913198317809,,-0.0364726265694758,-0.0316188719708139,-0.0029184388051711,-60.90367259025884,-4.57875169326945,-0.144927647317043,-0.0028502951953003
linear,full,4,-0.0289040497391142,,-0.0486021590859859,-0.1170944419395704,0.00510532801096,-43.71257399836704,0.0646692435796751,-0.1816412549077336,-0.0019574961766644
linear,full,8,-0.0340758719338953,,-0.035412461695426,-0.2579598279328595,0.0441446773528281,-10.95167071657382,0.5874037174895119,-0.1856872015682164,0.0187436454189459
linear,full,16,-0.0090582069271348,,-0.021855328095277,-0.2910837988526329,0.0835250881173156,-6.715795107215828,0.5858481521309395,-0.196321421987722,0.0382425738789272
linear,full,32,0.0149751984156409,-0.5426546647083577,-0.0081263612751807,-0.2889290188097905,0.1132418196856417,-4.590267513627287,0.6154229033373512,-0.185631162362719,0.0524256343868932
linear,full,64,0.0305455135244731,-0.0328241371586759,-0.0010026301255094,-0.2705742079721192,0.1281192838482688,-3.398892720944489,0.5857978119151959,-0.1699508772928621,0.0574013117825747
linear,full,128,0.0528956144351706,0.1266410068726069,0.0066987538712152,-0.2372606784676962,0.148223359694413,-2.640581472639889,0.5321733927774726,-0.1579810366579492,0.0640265898630099
linear,full,256,0.1299176415977365,0.2627011371223593,0.0341295121799805,-0.1293149916834432,0.2194259588965287,-1.4421128867998914,0.4650299920225103,-0.117174538216152,0.0893426992141621
linear,full,512,0.1947465596280578,0.254944576408736,0.0496495791514338,-0.0460621989844863,0.2782420627009571,-0.8680663846702937,0.4047280746174039,-0.0952446983742906,0.1041210900299079
linear,full,1024,0.2542319561544642,0.2347711100161654,0.0596863185479646,0.0313225559474527,0.3322551902450412,-0.5215635810704151,0.360850067721511,-0.0793573944157418,0.113348416808032
linear,full,span,0.3745300593709698,0.1903035503113491,0.0712743999966159,0.1774788049685721,0.4435315251632715,-0.2810306442024227,0.2906677744000741,-0.0662782268845653,0.1250945675261423
linear,full,full,0.999999999999998,0.1158073148605008,0.1158073148605006,1.0,1.0,0.0055549613313487,0.162832503062309,0.0055549613313486,0.162832503062309
rbf,2,1,-0.0077621246583367,,-0.0122848952695034,-0.0180551140165527,-0.0032765500744286,-246.1256738869149,-246.1256738869149,-0.044137196948416,-0.002470211333921
rbf,2,2,-0.0108913198317809,,-0.014288689589789,-0.0316188719708139,-0.0029184388051711,-32.0795655662204,-5.699208345446561,-0.050307770482288,-0.0029250801786825
rbf,2,4,-0.0289040497391142,,-0.0107930685273558,-0.1170944419395704,0.00510532801096,-37.360260985971166,-0.1267119888173356,-0.0354795766084629,-0.0016846167400939
rbf,2,8,-0.0340758719338953,,0.0042306873197106,-0.2579598279328595,0.0441446773528281,0.0004779563571824,7.151900837729207,-0.0275949619064666,0.0181713833604665
rbf,2,16,-0.0090582069271348,,0.0207814187259871,-0.2910837988526329,0.0835250881173156,0.240412370545573,9.506070547066082,-0.0113364371173255,0.037207352522113
rbf,2,32,0.0149751984156409,1.8204578341373048,0.0272617172735142,-0.2889290188097905,0.1132418196856417,0.2335565477750248,7.352903759547465,-0.0101557546703462,0.0468259838751931
rbf,2,64,0.0305455135244731,0.9973368361015286,0.0304641658155945,-0.2705742079721192,0.1281192838482688,0.2224796999064666,6.427673875150743,-0.004441772370748,0.0501532537125982
rbf,2,128,0.0528956144351706,0.6439460624781486,0.0340619226378904,-0.2372606784676962,0.148223359694413,0.2058948968214002,4.315981911978335,-0.0017266919761236,0.0549168870697448
rbf,2,256,0.1299176415977365,0.3548062301360136,0.0460955886434546,-0.1293149916834432,0.2194259588965287,0.1679924903870483,1.8988906891631765,0.0100214937035625,0.0701061990497211
rbf,2,512,0.1947465596280578,0.2679654728937558,0.0521853539451645,-0.0460621989844863,0.2782420627009571,0.1401330122073802,0.9537577378856176,0.0155229513228814,0.0777581723061244
rbf,2,1024,0.2542319561544642,0.2222074260570955,0.0564922285985438,0.0313225559474527,0.3322551902450412,0.1182623806659123,0.5566007288498447,0.0201933630173962,0.0831774059982262
rbf,2,span,0.3745300593709698,0.1672546166358395,0.0626418814986897,0.1774788049685721,0.4435315251632715,0.0893926385598991,0.3092614919398818,0.0266946485779998,0.0906106714786238
rbf,2,full,0.999999999999998,0.0813117727571346,0.0813117727571345,1.0,1.0,0.0476660905186004,0.1134553687553751,0.0476660905186004,0.1134553687553751
rbf,4,1,-0.0077621246583367,,-0.0142188425625075,-0.0180551140165527,-0.0032765500744286,-302.48279309837466,-302.48279309837466,-0.0548088069918214,-0.002195199710078
rbf,4,2,-0.0108913198317809,,-0.0153728927857641,-0.0316188719708139,-0.0029184388051711,-32.02976371404741,-3.466468540759798,-0.0596607069652259,-0.0015681613580524
rbf,4,4,-0.0289040497391142,,-0.0133281638626971,-0.1170944419395704,0.00510532801096,-40.75126462361783,0.6161242351147878,-0.0596167603527699,0.0029804857364682
rbf,4,8,-0.0340758719338953,,0.0033895240013709,-0.2579598279328595,0.0441446773528281,-0.2155563977683474,8.493583110472416,-0.0469995044700792,0.023557692820066
rbf,4,16,-0.0090582069271348,,0.0212236073636595,-0.2910837988526329,0.0835250881173156,0.2687118536058258,9.94938136554443,-0.0311131806014853,0.0442574004924314
rbf,4,32,0.0149751984156409,1.9426153705411369,0.0290910506191274,-0.2889290188097905,0.1132418196856417,0.258002727562819,7.712574769417687,-0.0271974190988399,0.0548243647128771
rbf,4,64,0.0305455135244731,1.0577036759623082,0.0323081019389916,-0.2705742079721192,0.1281192838482688,0.237085683610804,6.69288919956335,-0.0210965665842451,0.0579552952650435
rbf,4,128,0.0528956144351706,0.6949618452141846,0.0367604338116042,-0.2372606784676962,0.148223359694413,0.2168679290136104,4.649477187502339,-0.0158022683524301,0.0632881071840339
rbf,4,256,0.1299176415977365,0.4108410945890255,0.0533755060804387,-0.1293149916834432,0.2194259588965287,0.1945611488136314,2.003205955620649,0.0045316754475744,0.0820276658383612
rbf,4,512,0.1947465596280578,0.314598459055436,0.0612669675653345,-0.0460621989844863,0.2782420627009571,0.1647863652114313,1.0629569139009654,0.0149403410053885,0.0910252288690347
rbf,4,1024,0.2542319561544642,0.2622590054508824,0.0666746199749021,0.0313225559474527,0.3322551902450412,0.1385890388246246,0.6483894189116968,0.0216037004714825,0.0973901158485949
rbf,4,span,0.3745300593709698,0.1979525137374765,0.0741391667227298,0.1774788049685721,0.4435315251632715,0.1056192505694936,0.349367160055972,0.0297870117147189,0.1063366985800847
rbf,4,full,0.999999999999998,0.0994980068158727,0.0994980068158725,1.0,1.0,0.0595194632450077,0.1352683045709105,0.0595194632450077,0.1352683045709105
rbf,8,1,-0.0077621246583367,,-0.0300591854478159,-0.0180551140165527,-0.0032765500744286,-594.0173626499181,-594.0173626499181,-0.1191680733830391,-0.0039855425851786
rbf,8,2,-0.0108913198317809,,-0.0343522980462148,-0.0316188719708139,-0.0029184388051711,-60.58750886639013,-4.827738075694992,-0.135559621708232,-0.0040670238484271
rbf,8,4,-0.0289040497391142,,-0.0396821809397981,-0.1170944419395704,0.00510532801096,-56.31154018533385,0.8139771341239012,-0.1492438412208071,-0.0016353874458514
rbf,8,8,-0.0340758719338953,,-0.0329321849148664,-0.2579598279328595,0.0441446773528281,-12.548528460764388,0.691072891702145,-0.1744015157293628,0.0162304950263722
rbf,8,16,-0.0090582069271348,,-0.0208832830858694,-0.2910837988526329,0.0835250881173156,-6.132424142883705,0.6162808236367913,-0.1846401596436438,0.033979460862607
rbf,8,32,0.0149751984156409,-0.8400596536389162,-0.0125800599942174,-0.2889290188097905,0.1132418196856417,-5.386064807716542,0.5510922634154387,-0.1821394435003774,0.0444761151882954
rbf,8,64,0.0305455135244731,-0.2558957005074762,-0.0078164655807056,-0.2705742079721192,0.1281192838482688,-4.645949061637364,0.4975882196273928,-0.1723603547584546,0.0479105714500677
rbf,8,128,0.0528956144351706,-0.0594052023262363,-0.0031422746776918,-0.2372606784676962,0.148223359694413,-3.5076528745157534,0.4382015470733292,-0.1652725199229506,0.0523043257148772
rbf,8,256,0.1299176415977365,0.1155022781784818,0.015005783580114,-0.1293149916834432,0.2194259588965287,-2.4108360944371303,0.3650594941264237,-0.1402767799758929,0.070294240255339
rbf,8,512,0.1947465596280578,0.125958908690662,0.0245300641220111,-0.0460621989844863,0.2782420627009571,-1.4294855518253742,0.3107055246644517,-0.1264678534943898,0.0797805143222921
rbf,8,1024,0.2542319561544642,0.1197901702744531,0.0304544893169505,0.0313225559474527,0.3322551902450412,-0.8917810191371853,0.2740896869144442,-0.1182959112280104,0.0855397145155824
rbf,8,span,0.3745300593709698,0.1017080690992889,0.0380927291582633,0.1774788049685721,0.4435315251632715,-0.5222007727207322,0.2197694275916573,-0.1111170608809615,0.0941761494070512
rbf,8,full,0.999999999999998,0.0739809726439323,0.0739809726439321,1.0,1.0,-0.0533327499837538,0.1252939723980461,-0.0533327499837539,0.1252939723980461
rbf,16,1,-0.0077621246583367,,-0.0316485958604434,-0.0180551140165527,-0.0032765500744286,-602.3105191535537,-602.3105191535537,-0.1237320524318784,-0.0031736138562586
rbf,16,2,-0.0108913198317809,,-0.0354965640806973,-0.0316188719708139,-0.0029184388051711,-59.25535276627495,-0.7721984340114634,-0.1402029763882424,-0.0029880442848559
rbf,16,4,-0.0289040497391142,,-0.0447447676997143,-0.1170944419395704,0.00510532801096,-48.80624842118048,2.594187568927487,-0.1703266062014007,0.0003139673038112
rbf,16,8,-0.0340758719338953,,-0.0325898887600959,-0.2579598279328595,0.0441446773528281,-11.449838801449925,0.9260455818291472,-0.1775091610182753,0.019787649930297
rbf,16,16,-0.0090582069271348,,-0.020065999503082,-0.2910837988526329,0.0835250881173156,-5.628160969357997,0.6775588157807612,-0.1867213118935239,0.0376590712178106
rbf,16,32,0.0149751984156409,-0.578232051801937,-0.0086591397060172,-0.2889290188097905,0.1132418196856417,-4.342663660877989,0.6752278158461277,-0.1813630425639923,0.0503992547556465
rbf,16,64,0.0305455135244731,-0.0783731120170914,-0.0023939469530731,-0.2705742079721192,0.1281192838482688,-3.541551658280281,0.6088474157322172,-0.1662827897491894,0.054483197480756
rbf,16,128,0.0528956144351706,0.0852340126732293,0.0045085054711255,-0.2372606784676962,0.148223359694413,-2.727267150436452,0.5371108267426766,-0.1561924332474879,0.0605231454202806
rbf,16,256,0.1299176415977365,0.2226972068716838,0.0289322959071724,-0.1293149916834432,0.2194259588965287,-1.6509233314474192,0.4422454624018632,-0.1199494398585171,0.083443322368579
rbf,16,512,0.1947465596280578,0.2135750920761804,0.0415930144040818,-0.0460621989844863,0.2782420627009571,-1.0190321007355267,0.3762967326033523,-0.1015173870619839,0.095723314366158
rbf,16,1024,0.2542319561544642,0.196514686959376,0.0499603132787643,0.0313225559474527,0.3322551902450412,-0.6200125976497414,0.3318453776246947,-0.0880951325164869,0.1033474573839797
rbf,16,span,0.3745300593709698,0.1600839767531825,0.0599562613177103,0.1774788049685721,0.4435315251632715,-0.3404819806250039,0.2650386782742266,-0.0768032002078615,0.1136797927631184
rbf,16,full,0.999999999999998,0.0979816219741454,0.0979816219741452,1.0,1.0,-0.0160899167940765,0.1460599258636971,-0.0160899167940765,0.146059925863697
rbf,24,1,-0.0077621246583367,,-0.0308149921532632,-0.0180551140165527,-0.0032765500744286,-574.1562223578255,-574.1562223578255,-0.1209820485998937,-0.0026062723231212
rbf,24,2,-0.0108913198317809,,-0.0344016659393707,-0.0316188719708139,-0.0029184388051711,-54.75784756249889,1.8968488877825995,-0.1365383864436994,-0.0020168020726133
rbf,24,4,-0.0289040497391142,,-0.0432644033153794,-0.1170944419395704,0.00510532801096,-44.10927115062967,3.524675673236964,-0.1652426637022594,0.0013959648586153
rbf,24,8,-0.0340758719338953,,-0.0296724233715267,-0.2579598279328595,0.0441446773528281,-8.818779292132039,1.1674028112180246,-0.1684448612898672,0.0220711518463844
rbf,24,16,-0.0090582069271348,,-0.0155669716461498,-0.2910837988526329,0.0835250881173156,-4.5469658515952345,0.8967791099825176,-0.1752017325693578,0.0409630836827922
rbf,24,32,0.0149751984156409,-0.1978283288670541,-0.0029625184770188,-0.2889290188097905,0.1132418196856417,-3.2762640712514863,0.8966888683058173,-0.1658660104404136,0.0547287923046847
rbf,24,64,0.0305455135244731,0.1230473420870962,0.0037585442518718,-0.2705742079721192,0.1281192838482688,-2.4008629513622566,0.8256893957567061,-0.1495806495212327,0.0590589823667606
rbf,24,128,0.0528956144351706,0.212262750407422,0.0112277686044998,-0.2372606784676962,0.148223359694413,-1.852850039268077,0.6831657464880116,-0.1391324432379851,0.0655267865684052
rbf,24,256,0.1299176415977365,0.2861966123364775,0.0371819889080168,-0.1293149916834432,0.2194259588965287,-1.053520482424698,0.5041192100782377,-0.1015841929109907,0.0896377858082556
rbf,24,512,0.1947465596280578,0.2625034719914352,0.0511216480607522,-0.0460621989844863,0.2782420627009571,-0.6701142288016384,0.4131683945915307,-0.0818408310658425,0.1029631697652518
rbf,24,1024,0.2542319561544642,0.2367703646231337,0.060194592957545,0.0313225559474527,0.3322551902450412,-0.4026287239416049,0.3611589667971021,-0.0680481340024974,0.1112425298107371
rbf,24,span,0.3745300593709698,0.1891736985603167,0.0708512365532213,0.1774788049685721,0.4435315251632715,-0.2364231168169797,0.2865409968178394,-0.0558668377141709,0.1220477126834997
rbf,24,full,0.999999999999998,0.1094750046953415,0.1094750046953413,1.0,1.0,0.0059110827654967,0.1552519908198235,0.0059110827654967,0.1552519908198235
rbf,span,1,-0.0077621246583367,,-0.0297566256169241,-0.0180551140165527,-0.0032765500744286,-548.2590329626331,-548.2590329626331,-0.1178144685627743,-0.0018260774938284
rbf,span,2,-0.0108913198317809,,-0.0332688990163708,-0.0316188719708139,-0.0029184388051711,-51.07954828290456,5.134903272603908,-0.1335408167156048,-0.0009248182737674
rbf,span,4,-0.0289040497391142,,-0.0427295329093694,-0.1170944419395704,0.00510532801096,-40.97062012211074,4.287745531922849,-0.1624316456387607,0.0021116414004016
rbf,span,8,-0.0340758719338953,,-0.0279377710978093,-0.2579598279328595,0.0441446773528281,-7.393304393820897,1.3913614990809942,-0.1628952596999681,0.0232394557323257
rbf,span,16,-0.0090582069271348,,-0.0132749495480458,-0.2910837988526329,0.0835250881173156,-3.927664959743628,1.0765568907848568,-0.1698261796357516,0.0428047247343198
rbf,span,32,0.0149751984156409,0.0266141337235051,0.0003985519331698,-0.2889290188097905,0.1132418196856417,-2.46114168585756,1.1258066809783576,-0.1584041507677629,0.0570236940436104
rbf,span,64,0.0305455135244731,0.2437530005212946,0.0074455605740541,-0.2705742079721192,0.1281192838482688,-1.768979818377882,1.08448048975887,-0.1425116840621113,0.0617851026404025
rbf,span,128,0.0528956144351706,0.2937240200268439,0.0155367125136882,-0.2372606784676962,0.148223359694413,-1.3293754972047105,0.8279489970425217,-0.1292792134575312,0.0687259438121493
rbf,span,256,0.1299176415977365,0.3243709689035203,0.0421415112827181,-0.1293149916834432,0.2194259588965287,-0.7591661268491925,0.553351725819908,-0.0915420065757022,0.0934167113059831
rbf,span,512,0.1947465596280578,0.2919763884020855,0.0568613971339317,-0.0460621989844863,0.2782420627009571,-0.4919712083921873,0.4390115149131203,-0.0700755557628083,0.1072596907338441
rbf,span,1024,0.2542319561544642,0.2620892357253412,0.066631459085482,0.0313225559474527,0.3322551902450412,-0.2881190887935103,0.3807007558272341,-0.0561974314665867,0.1161616302742539
rbf,span,span,0.3745300593709698,0.2081583266396892,0.0779615504349245,0.1774788049685721,0.4435315251632715,-0.1673514422961589,0.300698017392373,-0.0433474121200539,0.1275497161388194
rbf,span,full,0.999999999999998,0.1167637547426452,0.116763754742645,1.0,1.0,0.0192318992393593,0.1610483071558344,0.0192318992393593,0.1610483071558344
rbf,full,1,-0.0077621246583367,,-0.0164374469119675,-0.0180551140165527,-0.0032765500744286,-246.4660285424428,-246.4660285424428,-0.0528896373514257,-0.0043152028051416
rbf,full,2,-0.0108913198317809,,-0.0185364977616717,-0.0316188719708139,-0.0029184388051711,-30.911867114973376,-5.497500312296038,-0.0601853619986155,-0.0044422985998342
rbf,full,4,-0.0289040497391142,,-0.0213426055653654,-0.1170944419395704,0.00510532801096,-39.53414472232189,0.077697143978738,-0.0692278496198196,-0.0025465036772372
rbf,full,8,-0.0340758719338953,,-0.0014299472862015,-0.2579598279328595,0.0441446773528281,-0.1172486051811541,5.862425523449613,-0.0488525354694712,0.0194620312104286
rbf,full,16,-0.0090582069271348,,0.0190511557346515,-0.2910837988526329,0.0835250881173156,0.3339376792801963,8.336727231438218,-0.0275240165909959,0.0402050834243815
rbf,full,32,0.0149751984156409,2.310260464014533,0.0345966088404284,-0.2889290188097905,0.1132418196856417,0.3660964771581302,8.977222842762947,-0.0072042615651869,0.0558556685125022
rbf,full,64,0.0305455135244731,1.3407985615595357,0.0409553805957109,-0.2705742079721192,0.1281192838482688,0.35846042571426,8.36322582371246,0.0031159998995045,0.0617863528364929
rbf,full,128,0.0528956144351706,0.9227759065345932,0.0488107985621188,-0.2372606784676962,0.148223359694413,0.3510735734396413,6.06389429210656,0.013902943064549,0.0694926058960473
rbf,full,256,0.1299176415977365,0.5922749365846972,0.0769469629385328,-0.1293149916834432,0.2194259588965287,0.343725013641096,3.4734433522046846,0.0475631315168096,0.1000332934703168
rbf,full,512,0.1947465596280578,0.4815674038805301,0.0937835951347486,-0.0460621989844863,0.2782420627009571,0.3183450299426021,1.916164673918036,0.0661444774536284,0.1191152661888413
rbf,full,1024,0.2542319561544642,0.4106018930350738,0.1043881224670329,0.0313225559474527,0.3322551902450412,0.2891323414817029,1.2064188308313517,0.0772707212218857,0.1319918394604399
rbf,full,span,0.3745300593709698,0.3127035507852749,0.117116879441122,0.1774788049685721,0.4435315251632715,0.2351156740606838,0.6527175577746225,0.0898653751276691,0.1477235099881185
rbf,full,full,0.999999999999998,0.1575289549180222,0.1575289549180219,1.0,1.0,0.1272995304603167,0.2028272510367581,0.1272995304603166,0.2028272510367581
