panel,figure,original_panel,kind,label,value,note,ci_low,ci_high,model,x,group,y
b,Main Figure 4,b,lcl_truth_correlation,Line116,0.7236568317571361,per-LCL measurement-disjoint replicate response correlation,,,,,,
b,Main Figure 4,b,lcl_truth_correlation,Line123,0.5650175712777865,per-LCL measurement-disjoint replicate response correlation,,,,,,
b,Main Figure 4,b,lcl_truth_correlation,Line128,0.4944469529376278,per-LCL measurement-disjoint replicate response correlation,,,,,,
b,Main Figure 4,b,lcl_truth_correlation,Line145,0.7577056205325226,per-LCL measurement-disjoint replicate response correlation,,,,,,
b,Main Figure 4,b,lcl_truth_correlation,Line146,0.7096355929983595,per-LCL measurement-disjoint replicate response correlation,,,,,,
b,Main Figure 4,b,lcl_truth_correlation,Line147,0.6715049673173905,per-LCL measurement-disjoint replicate response correlation,,,,,,
b,Main Figure 4,b,lcl_truth_correlation,Line160,0.8185032143260208,per-LCL measurement-disjoint replicate response correlation,,,,,,
b,Main Figure 4,b,lcl_truth_correlation,Line188,0.7822132058454342,per-LCL measurement-disjoint replicate response correlation,,,,,,
b,Main Figure 4,b,lcl_truth_correlation,Line19,0.823612567682352,per-LCL measurement-disjoint replicate response correlation,,,,,,
b,Main Figure 4,b,lcl_truth_correlation,Line223,0.0715340508022566,per-LCL measurement-disjoint replicate response correlation,,,,,,
b,Main Figure 4,b,lcl_truth_correlation,Line266,0.8377885008538749,per-LCL measurement-disjoint replicate response correlation,,,,,,
b,Main Figure 4,b,lcl_truth_correlation,Line305,0.8302782125359895,per-LCL measurement-disjoint replicate response correlation,,,,,,
b,Main Figure 4,b,lcl_truth_correlation,Line320,0.7462997302465741,per-LCL measurement-disjoint replicate response correlation,,,,,,
b,Main Figure 4,b,lcl_truth_correlation,Line370,0.6830207330638101,per-LCL measurement-disjoint replicate response correlation,,,,,,
b,Main Figure 4,b,lcl_truth_correlation,Line393,0.567623205164933,per-LCL measurement-disjoint replicate response correlation,,,,,,
b,Main Figure 4,b,lcl_truth_correlation,Line395,0.5595275114691303,per-LCL measurement-disjoint replicate response correlation,,,,,,
b,Main Figure 4,b,lcl_truth_correlation,Line44,0.852136837549463,per-LCL measurement-disjoint replicate response correlation,,,,,,
b,Main Figure 4,b,lcl_truth_correlation,Line57,0.7234031453777363,per-LCL measurement-disjoint replicate response correlation,,,,,,
b,Main Figure 4,b,lcl_truth_correlation,Line58,0.7433934351171613,per-LCL measurement-disjoint replicate response correlation,,,,,,
b,Main Figure 4,b,lcl_truth_correlation,Line63,0.7256296046948142,per-LCL measurement-disjoint replicate response correlation,,,,,,
b,Main Figure 4,b,lcl_truth_correlation,Line71,0.2895977097680376,per-LCL measurement-disjoint replicate response correlation,,,,,,
b,Main Figure 4,b,lcl_truth_correlation,Line77,0.8321785360461357,per-LCL measurement-disjoint replicate response correlation,,,,,,
b,Main Figure 4,b,lcl_truth_correlation,Line88,0.8283764724803246,per-LCL measurement-disjoint replicate response correlation,,,,,,
b,Main Figure 4,b,lcl_truth_correlation,Line91,0.7367434325349391,per-LCL measurement-disjoint replicate response correlation,,,,,,
b,Main Figure 4,b,global_truth_reliability,global flattened residual r,0.7442542885406368,"global r is not the mean of per-LCL points; 1,000-draw LCL bootstrap",0.683605409015928,0.7833655620937736,,,,
