figure,panel,original_panel,kind,label,value,note,ci_low,ci_high,group,flag,x,model,asset_sha256,relative_share,reliable_crossguide_energy,energy_ci_low,energy_ci_high,bootstrap_probability_positive
Main Figure 1,a,b,factorial_share,intervention_x_donor,,"Relative share and reliable-energy uncertainty are reported in separate, unit-matched fields.",,,,,,,,0.2486069123657983,5.55441311037253e-05,-5.175086482408794e-06,0.000119295200065,0.9646
Main Figure 1,a,b,factorial_share,intervention_x_stimulation,,"Relative share and reliable-energy uncertainty are reported in separate, unit-matched fields.",,,,,,,,0.538363396258794,0.0001202819615057,9.869753108419288e-05,0.0001445564765818,1.0
Main Figure 1,a,b,factorial_share,intervention_x_donor_x_stimulation,,"Relative share and reliable-energy uncertainty are reported in separate, unit-matched fields.",,,,,,,,0.2130296913754077,4.759541476196552e-05,2.5296089879343883e-05,7.004690179285384e-05,1.0
Main Figure 1,b,c,truth_distance,Rest vs Stim8hr,0.0006132433806609,replicate-disjoint cross-validated stimulation distance,,,partition 1,True,,,,,,,,
Main Figure 1,b,c,truth_distance,Rest vs Stim48hr,0.0009271177432898,replicate-disjoint cross-validated stimulation distance,,,partition 1,True,,,,,,,,
Main Figure 1,b,c,truth_distance,Stim8hr vs Stim48hr,0.0007461502690005,replicate-disjoint cross-validated stimulation distance,,,partition 1,True,,,,,,,,
Main Figure 1,b,c,truth_distance,Rest vs Stim8hr,0.0005499804889545,replicate-disjoint cross-validated stimulation distance,,,partition 2,True,,,,,,,,
Main Figure 1,b,c,truth_distance,Rest vs Stim48hr,0.0008510975714813,replicate-disjoint cross-validated stimulation distance,,,partition 2,True,,,,,,,,
Main Figure 1,b,c,truth_distance,Stim8hr vs Stim48hr,0.0007397601025288,replicate-disjoint cross-validated stimulation distance,,,partition 2,True,,,,,,,,
Main Figure 1,b,c,truth_distance,Rest vs Stim8hr,0.0006377767830285,replicate-disjoint cross-validated stimulation distance,,,partition 3,True,,,,,,,,
Main Figure 1,b,c,truth_distance,Rest vs Stim48hr,0.0009624354639997,replicate-disjoint cross-validated stimulation distance,,,partition 3,True,,,,,,,,
Main Figure 1,b,c,truth_distance,Stim8hr vs Stim48hr,0.0007969304626555,replicate-disjoint cross-validated stimulation distance,,,partition 3,True,,,,,,,,
Main Figure 1,b,c,truth_summary,observed overall,0.000758390059681,"10,000-draw prespecified bootstrap",0.0007053546544543,0.0008127998486295,,,,,,,,,,
Main Figure 1,b,c,truth_null,shuffle null 95th percentile,0.0001519275227906,"5,000 prespecified permutations; empirical p=1/5001",,,,,0.0001200151386821,,,,,,,
Main Figure 1,c,d,state_pearson_donor,CE0006864,0.9908365792480684,seed-averaged within held-out donor where applicable,,,,,,Ridge,,,,,,
Main Figure 1,c,d,state_pearson_donor,CE0008162,0.9902957708244524,seed-averaged within held-out donor where applicable,,,,,,Ridge,,,,,,
Main Figure 1,c,d,state_pearson_donor,CE0008678,0.9872529624766596,seed-averaged within held-out donor where applicable,,,,,,Ridge,,,,,,
Main Figure 1,c,d,state_pearson_donor,CE0010866,0.9874776583870656,seed-averaged within held-out donor where applicable,,,,,,Ridge,,,,,,
Main Figure 1,c,d,operator_alpha,alpha,0.0067129430143177,"10,000-draw intervention bootstrap; four donors fixed",0.0062788672537276,0.0071646806372705,,,,Ridge,,,,,,
Main Figure 1,d,e,operator_cosine,cosine,0.0114573671884633,"10,000-draw intervention bootstrap; four donors fixed",0.0107217522783684,0.0122227009470628,,,,Ridge,,,,,,
Main Figure 1,d,e,adaptation_r2,donor-specific adaptation,-0.0039232739808359,pooled strict leave-one-donor-out comparison,,,,,,Ridge,,,,,,
Main Figure 1,e,f,shared_prediction_energy_fraction,shared rule,0.9723309692874584,pooled prespecified seed summary,,,,,,Ridge,,,,,,
Main Figure 1,c,d,state_pearson_donor,CE0006864,0.991086370452774,seed-averaged within held-out donor where applicable,,,,,,Bilinear,,,,,,
Main Figure 1,c,d,state_pearson_donor,CE0008162,0.9903899005498684,seed-averaged within held-out donor where applicable,,,,,,Bilinear,,,,,,
Main Figure 1,c,d,state_pearson_donor,CE0008678,0.9872915675922314,seed-averaged within held-out donor where applicable,,,,,,Bilinear,,,,,,
Main Figure 1,c,d,state_pearson_donor,CE0010866,0.9875749715424328,seed-averaged within held-out donor where applicable,,,,,,Bilinear,,,,,,
Main Figure 1,c,d,operator_alpha,alpha,0.0065039626448843,"10,000-draw intervention bootstrap; four donors fixed",0.0060665257877969,0.0069439542379556,,,,Bilinear,,,,,,
Main Figure 1,d,e,operator_cosine,cosine,0.011190941270827,"10,000-draw intervention bootstrap; four donors fixed",0.0104427689437316,0.0119428343274569,,,,Bilinear,,,,,,
Main Figure 1,d,e,adaptation_r2,donor-specific adaptation,-7.565862007452573e-05,pooled strict leave-one-donor-out comparison,,,,,,Bilinear,,,,,,
Main Figure 1,e,f,shared_prediction_energy_fraction,shared rule,0.999691304447588,pooled prespecified seed summary,,,,,,Bilinear,,,,,,
Main Figure 1,c,d,state_pearson_donor,CE0006864,0.9910874192002566,seed-averaged within held-out donor where applicable,,,,,,MLP,,,,,,
Main Figure 1,c,d,state_pearson_donor,CE0008162,0.9903901375773008,seed-averaged within held-out donor where applicable,,,,,,MLP,,,,,,
Main Figure 1,c,d,state_pearson_donor,CE0008678,0.9872916062791408,seed-averaged within held-out donor where applicable,,,,,,MLP,,,,,,
Main Figure 1,c,d,state_pearson_donor,CE0010866,0.9875749730979396,seed-averaged within held-out donor where applicable,,,,,,MLP,,,,,,
Main Figure 1,c,d,operator_alpha,alpha,0.006502666743395,"10,000-draw intervention bootstrap; four donors fixed",0.0060734601960883,0.0069467866817958,,,,MLP,,,,,,
Main Figure 1,d,e,operator_cosine,cosine,0.0111904098618516,"10,000-draw intervention bootstrap; four donors fixed",0.0104562207214184,0.0119494567683105,,,,MLP,,,,,,
Main Figure 1,d,e,adaptation_r2,donor-specific adaptation,-2.2330329629838283e-07,pooled strict leave-one-donor-out comparison,,,,,,MLP,,,,,,
Main Figure 1,e,f,shared_prediction_energy_fraction,shared rule,0.9999980750322914,pooled prespecified seed summary,,,,,,MLP,,,,,,
