figure,panel,object_id,metric,label,value,ci_low,ci_high,p,source_file,source_commit,source_sha256,claim_boundary
Figure6,b,PCA2,PG_macro,PCA2,-0.0005599491661846,-0.0062754825758633,0.0041821167839571,,results/crc_pdo_dense_resolution_plateau/CONDITIONING_RESOLUTION_PUBLICATION_SOURCE.csv,2131e3325c877d12db3905faa7986c5088e9b378,564bbb41251a582079faf1cfbf79840f877b04a818c08eb432e698177bd72951,Operational finite-sample predictive representation resolution; PCA still requires full baseline RNA measurement and is not an assay or information-theoretic dimension claim.
Figure6,b,PCA4,PG_macro,PCA4,0.0195528838024416,0.008235199712654,0.0307185786707041,,results/crc_pdo_dense_resolution_plateau/CONDITIONING_RESOLUTION_PUBLICATION_SOURCE.csv,2131e3325c877d12db3905faa7986c5088e9b378,564bbb41251a582079faf1cfbf79840f877b04a818c08eb432e698177bd72951,Operational finite-sample predictive representation resolution; PCA still requires full baseline RNA measurement and is not an assay or information-theoretic dimension claim.
Figure6,b,PCA8,PG_macro,PCA8,0.0256041243650156,0.0075666075948733,0.043567510737106,,results/crc_pdo_dense_resolution_plateau/CONDITIONING_RESOLUTION_PUBLICATION_SOURCE.csv,2131e3325c877d12db3905faa7986c5088e9b378,564bbb41251a582079faf1cfbf79840f877b04a818c08eb432e698177bd72951,Operational finite-sample predictive representation resolution; PCA still requires full baseline RNA measurement and is not an assay or information-theoretic dimension claim.
Figure6,b,PCA12,PG_macro,PCA12,0.0253049978798824,0.0051947976181628,0.0449258787973412,,results/crc_pdo_dense_resolution_plateau/CONDITIONING_RESOLUTION_PUBLICATION_SOURCE.csv,2131e3325c877d12db3905faa7986c5088e9b378,564bbb41251a582079faf1cfbf79840f877b04a818c08eb432e698177bd72951,Operational finite-sample predictive representation resolution; PCA still requires full baseline RNA measurement and is not an assay or information-theoretic dimension claim.
Figure6,b,PCA14,PG_macro,PCA14,0.0392548555410867,0.0192780643576603,0.0585565641261349,,results/crc_pdo_dense_resolution_plateau/CONDITIONING_RESOLUTION_PUBLICATION_SOURCE.csv,2131e3325c877d12db3905faa7986c5088e9b378,564bbb41251a582079faf1cfbf79840f877b04a818c08eb432e698177bd72951,Operational finite-sample predictive representation resolution; PCA still requires full baseline RNA measurement and is not an assay or information-theoretic dimension claim.
Figure6,b,PCA16,PG_macro,PCA16,0.0452385874654244,0.0277074065920494,0.0634058480086896,,results/crc_pdo_dense_resolution_plateau/CONDITIONING_RESOLUTION_PUBLICATION_SOURCE.csv,2131e3325c877d12db3905faa7986c5088e9b378,564bbb41251a582079faf1cfbf79840f877b04a818c08eb432e698177bd72951,Operational finite-sample predictive representation resolution; PCA still requires full baseline RNA measurement and is not an assay or information-theoretic dimension claim.
Figure6,b,PCA18,PG_macro,PCA18,0.0467843948451993,0.0289458038531061,0.0649395878832508,,results/crc_pdo_dense_resolution_plateau/CONDITIONING_RESOLUTION_PUBLICATION_SOURCE.csv,2131e3325c877d12db3905faa7986c5088e9b378,564bbb41251a582079faf1cfbf79840f877b04a818c08eb432e698177bd72951,Operational finite-sample predictive representation resolution; PCA still requires full baseline RNA measurement and is not an assay or information-theoretic dimension claim.
Figure6,b,PCA20,PG_macro,PCA20,0.0485851461455144,0.0310997229326519,0.0660987572728408,,results/crc_pdo_dense_resolution_plateau/CONDITIONING_RESOLUTION_PUBLICATION_SOURCE.csv,2131e3325c877d12db3905faa7986c5088e9b378,564bbb41251a582079faf1cfbf79840f877b04a818c08eb432e698177bd72951,Operational finite-sample predictive representation resolution; PCA still requires full baseline RNA measurement and is not an assay or information-theoretic dimension claim.
Figure6,b,PCA22,PG_macro,PCA22,0.0458110032646937,0.0278799894896392,0.0637042007732236,,results/crc_pdo_dense_resolution_plateau/CONDITIONING_RESOLUTION_PUBLICATION_SOURCE.csv,2131e3325c877d12db3905faa7986c5088e9b378,564bbb41251a582079faf1cfbf79840f877b04a818c08eb432e698177bd72951,Operational finite-sample predictive representation resolution; PCA still requires full baseline RNA measurement and is not an assay or information-theoretic dimension claim.
Figure6,b,PCA24,PG_macro,PCA24,0.0506792989865467,0.033767227108878,0.0677927110451112,,results/crc_pdo_dense_resolution_plateau/CONDITIONING_RESOLUTION_PUBLICATION_SOURCE.csv,2131e3325c877d12db3905faa7986c5088e9b378,564bbb41251a582079faf1cfbf79840f877b04a818c08eb432e698177bd72951,Operational finite-sample predictive representation resolution; PCA still requires full baseline RNA measurement and is not an assay or information-theoretic dimension claim.
Figure6,b,PCA26,PG_macro,PCA26,0.0480362602865767,0.0306899059083236,0.0654909353158337,,results/crc_pdo_dense_resolution_plateau/CONDITIONING_RESOLUTION_PUBLICATION_SOURCE.csv,2131e3325c877d12db3905faa7986c5088e9b378,564bbb41251a582079faf1cfbf79840f877b04a818c08eb432e698177bd72951,Operational finite-sample predictive representation resolution; PCA still requires full baseline RNA measurement and is not an assay or information-theoretic dimension claim.
Figure6,b,PCA28,PG_macro,PCA28,0.0487144273715524,0.0318008320345896,0.0658388785046097,,results/crc_pdo_dense_resolution_plateau/CONDITIONING_RESOLUTION_PUBLICATION_SOURCE.csv,2131e3325c877d12db3905faa7986c5088e9b378,564bbb41251a582079faf1cfbf79840f877b04a818c08eb432e698177bd72951,Operational finite-sample predictive representation resolution; PCA still requires full baseline RNA measurement and is not an assay or information-theoretic dimension claim.
Figure6,b,PCA30,PG_macro,PCA30,0.0502634615182392,0.0339250447967886,0.0663166517925553,,results/crc_pdo_dense_resolution_plateau/CONDITIONING_RESOLUTION_PUBLICATION_SOURCE.csv,2131e3325c877d12db3905faa7986c5088e9b378,564bbb41251a582079faf1cfbf79840f877b04a818c08eb432e698177bd72951,Operational finite-sample predictive representation resolution; PCA still requires full baseline RNA measurement and is not an assay or information-theoretic dimension claim.
Figure6,b,PCA32,PG_macro,PCA32,0.0476057300740891,0.0313782504966788,0.0636247674891291,,results/crc_pdo_dense_resolution_plateau/CONDITIONING_RESOLUTION_PUBLICATION_SOURCE.csv,2131e3325c877d12db3905faa7986c5088e9b378,564bbb41251a582079faf1cfbf79840f877b04a818c08eb432e698177bd72951,Operational finite-sample predictive representation resolution; PCA still requires full baseline RNA measurement and is not an assay or information-theoretic dimension claim.
Figure6,b,FULL_RNA_REOPT,PG_macro,FULL_RNA_REOPT,0.045672047086881,0.0261154950735039,0.0645028958353534,,results/crc_pdo_dense_resolution_plateau/CONDITIONING_RESOLUTION_PUBLICATION_SOURCE.csv,2131e3325c877d12db3905faa7986c5088e9b378,564bbb41251a582079faf1cfbf79840f877b04a818c08eb432e698177bd72951,Operational finite-sample predictive representation resolution; PCA still requires full baseline RNA measurement and is not an assay or information-theoretic dimension claim.
Figure6,b,PCA2,g_func,PCA2,-0.0037312386705985,-0.0145420417429532,0.0061952454158916,,results/crc_pdo_dense_resolution_plateau/CONDITIONING_RESOLUTION_PUBLICATION_SOURCE.csv,2131e3325c877d12db3905faa7986c5088e9b378,564bbb41251a582079faf1cfbf79840f877b04a818c08eb432e698177bd72951,Operational finite-sample predictive representation resolution; PCA still requires full baseline RNA measurement and is not an assay or information-theoretic dimension claim.
Figure6,b,PCA4,g_func,PCA4,0.0146941557028661,-0.0154315580797396,0.0430907115955743,,results/crc_pdo_dense_resolution_plateau/CONDITIONING_RESOLUTION_PUBLICATION_SOURCE.csv,2131e3325c877d12db3905faa7986c5088e9b378,564bbb41251a582079faf1cfbf79840f877b04a818c08eb432e698177bd72951,Operational finite-sample predictive representation resolution; PCA still requires full baseline RNA measurement and is not an assay or information-theoretic dimension claim.
Figure6,b,PCA8,g_func,PCA8,0.0714527222634414,0.0167118878940295,0.1218399782319094,,results/crc_pdo_dense_resolution_plateau/CONDITIONING_RESOLUTION_PUBLICATION_SOURCE.csv,2131e3325c877d12db3905faa7986c5088e9b378,564bbb41251a582079faf1cfbf79840f877b04a818c08eb432e698177bd72951,Operational finite-sample predictive representation resolution; PCA still requires full baseline RNA measurement and is not an assay or information-theoretic dimension claim.
Figure6,b,PCA12,g_func,PCA12,0.0733019628306951,0.0093552257394721,0.1326509631067205,,results/crc_pdo_dense_resolution_plateau/CONDITIONING_RESOLUTION_PUBLICATION_SOURCE.csv,2131e3325c877d12db3905faa7986c5088e9b378,564bbb41251a582079faf1cfbf79840f877b04a818c08eb432e698177bd72951,Operational finite-sample predictive representation resolution; PCA still requires full baseline RNA measurement and is not an assay or information-theoretic dimension claim.
Figure6,b,PCA14,g_func,PCA14,0.1154720663533532,0.0537040046573306,0.1683945199677566,,results/crc_pdo_dense_resolution_plateau/CONDITIONING_RESOLUTION_PUBLICATION_SOURCE.csv,2131e3325c877d12db3905faa7986c5088e9b378,564bbb41251a582079faf1cfbf79840f877b04a818c08eb432e698177bd72951,Operational finite-sample predictive representation resolution; PCA still requires full baseline RNA measurement and is not an assay or information-theoretic dimension claim.
Figure6,b,PCA16,g_func,PCA16,0.1303597760819961,0.0744086022925194,0.1821735890634516,,results/crc_pdo_dense_resolution_plateau/CONDITIONING_RESOLUTION_PUBLICATION_SOURCE.csv,2131e3325c877d12db3905faa7986c5088e9b378,564bbb41251a582079faf1cfbf79840f877b04a818c08eb432e698177bd72951,Operational finite-sample predictive representation resolution; PCA still requires full baseline RNA measurement and is not an assay or information-theoretic dimension claim.
Figure6,b,PCA18,g_func,PCA18,0.1343217223086785,0.0766113308379117,0.1881927432285847,,results/crc_pdo_dense_resolution_plateau/CONDITIONING_RESOLUTION_PUBLICATION_SOURCE.csv,2131e3325c877d12db3905faa7986c5088e9b378,564bbb41251a582079faf1cfbf79840f877b04a818c08eb432e698177bd72951,Operational finite-sample predictive representation resolution; PCA still requires full baseline RNA measurement and is not an assay or information-theoretic dimension claim.
Figure6,b,PCA20,g_func,PCA20,0.1399417581966435,0.0823673513358218,0.1916014747498631,,results/crc_pdo_dense_resolution_plateau/CONDITIONING_RESOLUTION_PUBLICATION_SOURCE.csv,2131e3325c877d12db3905faa7986c5088e9b378,564bbb41251a582079faf1cfbf79840f877b04a818c08eb432e698177bd72951,Operational finite-sample predictive representation resolution; PCA still requires full baseline RNA measurement and is not an assay or information-theoretic dimension claim.
Figure6,b,PCA22,g_func,PCA22,0.1378684130216346,0.079010409922041,0.1917669629806044,,results/crc_pdo_dense_resolution_plateau/CONDITIONING_RESOLUTION_PUBLICATION_SOURCE.csv,2131e3325c877d12db3905faa7986c5088e9b378,564bbb41251a582079faf1cfbf79840f877b04a818c08eb432e698177bd72951,Operational finite-sample predictive representation resolution; PCA still requires full baseline RNA measurement and is not an assay or information-theoretic dimension claim.
Figure6,b,PCA24,g_func,PCA24,0.1549113337919075,0.0949757370241556,0.2087638595737874,,results/crc_pdo_dense_resolution_plateau/CONDITIONING_RESOLUTION_PUBLICATION_SOURCE.csv,2131e3325c877d12db3905faa7986c5088e9b378,564bbb41251a582079faf1cfbf79840f877b04a818c08eb432e698177bd72951,Operational finite-sample predictive representation resolution; PCA still requires full baseline RNA measurement and is not an assay or information-theoretic dimension claim.
Figure6,b,PCA26,g_func,PCA26,0.1545019506022213,0.09629543119213,0.2078899932567474,,results/crc_pdo_dense_resolution_plateau/CONDITIONING_RESOLUTION_PUBLICATION_SOURCE.csv,2131e3325c877d12db3905faa7986c5088e9b378,564bbb41251a582079faf1cfbf79840f877b04a818c08eb432e698177bd72951,Operational finite-sample predictive representation resolution; PCA still requires full baseline RNA measurement and is not an assay or information-theoretic dimension claim.
Figure6,b,PCA28,g_func,PCA28,0.1542405912404365,0.0962254928800915,0.2071641929404528,,results/crc_pdo_dense_resolution_plateau/CONDITIONING_RESOLUTION_PUBLICATION_SOURCE.csv,2131e3325c877d12db3905faa7986c5088e9b378,564bbb41251a582079faf1cfbf79840f877b04a818c08eb432e698177bd72951,Operational finite-sample predictive representation resolution; PCA still requires full baseline RNA measurement and is not an assay or information-theoretic dimension claim.
Figure6,b,PCA30,g_func,PCA30,0.1550433281030204,0.0902943171458534,0.2116642787823536,,results/crc_pdo_dense_resolution_plateau/CONDITIONING_RESOLUTION_PUBLICATION_SOURCE.csv,2131e3325c877d12db3905faa7986c5088e9b378,564bbb41251a582079faf1cfbf79840f877b04a818c08eb432e698177bd72951,Operational finite-sample predictive representation resolution; PCA still requires full baseline RNA measurement and is not an assay or information-theoretic dimension claim.
Figure6,b,PCA32,g_func,PCA32,0.1497249508926181,0.0837274098623084,0.2080583521813403,,results/crc_pdo_dense_resolution_plateau/CONDITIONING_RESOLUTION_PUBLICATION_SOURCE.csv,2131e3325c877d12db3905faa7986c5088e9b378,564bbb41251a582079faf1cfbf79840f877b04a818c08eb432e698177bd72951,Operational finite-sample predictive representation resolution; PCA still requires full baseline RNA measurement and is not an assay or information-theoretic dimension claim.
Figure6,b,FULL_RNA_REOPT,g_func,FULL_RNA_REOPT,0.1402864209797066,0.0618286773662027,0.2092426204829369,,results/crc_pdo_dense_resolution_plateau/CONDITIONING_RESOLUTION_PUBLICATION_SOURCE.csv,2131e3325c877d12db3905faa7986c5088e9b378,564bbb41251a582079faf1cfbf79840f877b04a818c08eb432e698177bd72951,Operational finite-sample predictive representation resolution; PCA still requires full baseline RNA measurement and is not an assay or information-theoretic dimension claim.
Figure6,e,Kendall_Population,kendall_tau_b,Population,0.5740130246556829,,,,results/crc_pdo_conditioning_resolution/REPRESENTATION_PERFORMANCE_SUMMARY.csv,38adafd8601f3a0382baa88e03bf72e3dd0d3a62,f1a57e3cbcc7e1a35fcf20f1b332e52069ebb3b132e341d492d7ee3f01439cb3,Patient-held-out RNA-conditioned Ridge application; ex vivo PDO response prediction.
Figure6,e,Kendall_Personalized,kendall_tau_b,Personalized,0.6244360848581554,,,,results/crc_pdo_conditioning_resolution/REPRESENTATION_PERFORMANCE_SUMMARY.csv,38adafd8601f3a0382baa88e03bf72e3dd0d3a62,f1a57e3cbcc7e1a35fcf20f1b332e52069ebb3b132e341d492d7ee3f01439cb3,Patient-held-out RNA-conditioned Ridge application; ex vivo PDO response prediction.
Figure6,e,Spearman_Population,spearman_rho,Population,0.7267571337244869,,,,results/crc_pdo_conditioning_resolution/REPRESENTATION_PERFORMANCE_SUMMARY.csv,38adafd8601f3a0382baa88e03bf72e3dd0d3a62,f1a57e3cbcc7e1a35fcf20f1b332e52069ebb3b132e341d492d7ee3f01439cb3,Patient-held-out RNA-conditioned Ridge application; ex vivo PDO response prediction.
Figure6,e,Spearman_Personalized,spearman_rho,Personalized,0.778244080247376,,,,results/crc_pdo_conditioning_resolution/REPRESENTATION_PERFORMANCE_SUMMARY.csv,38adafd8601f3a0382baa88e03bf72e3dd0d3a62,f1a57e3cbcc7e1a35fcf20f1b332e52069ebb3b132e341d492d7ee3f01439cb3,Patient-held-out RNA-conditioned Ridge application; ex vivo PDO response prediction.
Figure6,e,PG_macro,PG_macro,PG_macro,0.0504230602024724,0.0232992652598434,0.0775468551451014,0.0002999700029997,results/crc_pdo_personalized_drug_application/PRIMARY_APPLICATION_INFERENCE.csv,c6cccb90453c567b6593982df442c4f127809fa1,5900b37d55e1d16bd3cdf5676a589f53bead0bee316678ee8f2144f6664b4ce1,"Jointly corrected patient-profile inference; functional personalization, not clinical benefit."
Figure6,e,g_func,g_func,g_func,0.1392893875236209,0.0290916608919556,0.2494871141552863,0.0115988401159884,results/crc_pdo_personalized_drug_application/PRIMARY_APPLICATION_INFERENCE.csv,c6cccb90453c567b6593982df442c4f127809fa1,5900b37d55e1d16bd3cdf5676a589f53bead0bee316678ee8f2144f6664b4ce1,"Jointly corrected patient-profile inference; functional personalization, not clinical benefit."
