clone_index,culture_family,well1_A,well1_B,well2_A,well2_B,estimate,variant,ci95_low,ci95_high
67,LK_second,20,16,10,13,0.5936847150714921,raw,-3.136224336081033,3.96213805408755
673,LK_second,11,2,11,7,9.428516553961346,raw,2.6304988803990277,18.333850335857264
716,LK,7,4,7,7,2.7465157626610273,raw,-2.4153657110162574,8.161471978614667
755,LK,7,4,26,18,4.7908656805485,raw,1.059071350893887,8.86733050794163
982,LK,5,8,7,7,-0.5759834955462102,raw,-6.624250618350999,5.456749327508125
1260,LSK,3,9,4,12,4.701111234104675,raw,-3.674378924641467,12.54291097226606
1261,LK,47,46,25,37,4.882058353247226,raw,-0.09667642378888744,11.442798502467255
1691,LK,5,6,4,7,0.683588930119432,raw,-3.459130006328257,5.272444271994827
1978,LK,10,7,17,16,29.71078656294662,raw,14.49804301819827,52.984398600961775
2569,LK_second,12,6,9,20,13.968794064463586,raw,6.534837499865015,23.361510359300592
2811,LK,10,19,8,11,1.6238332861251932,raw,-3.326882169958366,6.466379177543611
3345,LK,40,31,22,12,6.3099039155252745,raw,1.6828931206657876,12.48784927231776
3529,LK_second,21,13,1,21,12.491562969945843,raw,5.491722657669122,20.855475757412982
3790,LK,8,2,5,10,0.5378541544097999,raw,-9.905164065436129,8.540705449366206
3869,LK,12,20,11,25,6.408805650052841,raw,0.23361811486573905,14.57860219888822
4061,LK_second,21,11,9,10,23.97974992529752,raw,9.692816666707294,38.63992203436339
4141,LK_second,10,2,2,12,3.131204010866109,raw,-7.088647057062445,19.28926330204597
4256,LK_second,23,15,15,27,-0.5811125983970603,raw,-4.378845383524602,2.822390701846723
4581,LK_second,13,4,7,11,0.5541135827772545,raw,-3.222099278774389,4.147558969298685
5209,LK,19,16,31,37,3.5727147343978203,raw,-3.3405385217135066,11.179438445570225
5490,LSK,3,8,9,16,7.976748232430248,raw,3.60860851136512,12.67369483456602
67,LK_second,20,16,9,12,0.7422064316589538,barcode,-2.9435628433176504,4.494231324460713
673,LK_second,10,2,11,7,9.512462589628637,barcode,2.634998973517729,18.196053158213015
716,LK,7,4,6,7,3.1590793709260865,barcode,-2.531899825458023,8.779322855379824
755,LK,7,4,23,18,4.816641194251163,barcode,0.8912989677304671,8.749149850186237
982,LK,5,8,7,5,-0.8678953517226405,barcode,-7.765782985935955,6.212196322166578
1260,LSK,3,9,4,7,3.3583335030145,barcode,-6.115138055069322,11.875498425571962
1261,LK,45,43,21,33,4.355524422989087,barcode,-0.102081968899612,11.050671487015174
1691,LK,5,6,3,7,-0.295958575491545,barcode,-4.312793443315913,3.887038151300553
1978,LK,10,7,16,16,29.957454115026422,barcode,14.780259289267754,51.064069146854486
2569,LK_second,12,5,8,19,14.438345293684211,barcode,6.674545533274777,24.238651015269486
2811,LK,9,18,7,8,1.8036817666553924,barcode,-2.9840171585883057,6.771097577277717
3345,LK,39,29,22,11,6.188151238078021,barcode,1.7160529314255293,11.73934854233484
3529,LK_second,21,12,1,19,12.158013065083061,barcode,5.111386489193678,20.958535286960398
3790,LK,6,2,5,9,1.3881455150852142,barcode,-9.35752604036521,10.638962176238733
3869,LK,12,18,11,23,6.323905845422223,barcode,-0.018380952883830484,14.715491291048995
4061,LK_second,18,11,8,10,30.59690982114732,barcode,17.44813623918093,44.72266690547129
4141,LK_second,10,2,2,12,3.131204010866109,barcode,-6.646348140710092,19.085773393078668
4256,LK_second,21,14,14,24,-0.609631844572377,barcode,-4.080275333369273,2.6637697201292023
4581,LK_second,13,4,7,10,0.36181633194833696,barcode,-3.4314314101099463,3.786573392325799
5209,LK,18,16,31,30,3.2305598155772515,barcode,-5.0105957469569855,11.941681742528663
5490,LSK,3,6,7,13,9.179823444960713,barcode,3.13989475022007,15.713389042809307
67,LK_second,20,16,10,13,-0.6593702720748513,reference,-6.97917445720925,4.382614241992918
673,LK_second,11,2,11,7,7.9834209256477395,reference,-1.4461162257093776,19.056463714808512
716,LK,7,4,7,7,3.076678481697116,reference,-3.171807295267986,8.88097718809879
755,LK,7,4,26,18,5.790244542740485,reference,1.287806057585461,10.84345598932329
982,LK,5,8,7,7,-0.13632301437825683,reference,-6.195045606785398,6.213569063454833
1260,LSK,3,9,4,12,3.4150117289628286,reference,-4.576274325428419,11.305470032222548
1261,LK,47,46,25,37,6.338372065265565,reference,0.7826186737532573,13.170447316619306
1691,LK,5,6,4,7,0.6804184450580979,reference,-4.055170273818029,5.102480916026281
1978,LK,10,7,17,16,28.529040391291797,reference,12.27783909255735,52.08110153419262
2569,LK_second,12,6,9,20,12.93379686521899,reference,5.427050245720432,22.88266236408998
2811,LK,10,19,8,11,1.3058451513095672,reference,-3.7511659954987238,6.052522599143459
3345,LK,40,31,22,12,6.721757340084065,reference,1.7175833493795083,13.025758137776506
3529,LK_second,21,13,1,21,9.397074420428009,reference,1.0269892159850957,19.034713671255506
3790,LK,8,2,5,10,2.261156530680331,reference,-8.310317257377463,11.802998136887581
3869,LK,12,20,11,25,10.7595962455674,reference,2.428591744321338,20.201572050319836
4061,LK_second,21,11,9,10,21.273772160550937,reference,6.508557609268508,37.070165405528144
4141,LK_second,10,2,2,12,3.5377244614812144,reference,-9.348955014823673,21.723862240744168
4256,LK_second,23,15,15,27,-0.30891746113325347,reference,-4.166209000246705,4.279375069179764
4581,LK_second,13,4,7,11,-0.9194010903283392,reference,-7.996161131086773,5.171321400226363
5209,LK,19,16,31,37,4.909791070105489,reference,-2.0684838147888773,13.04156686367189
5490,LSK,3,8,9,16,4.919798751875717,reference,-1.1562928812669744,11.46003231471754
