model,condition,brier,logloss,correct,size_90,size_80,size_cc90,size_cc80,covered_90,covered_80,covered_cc90,covered_cc80,singleton_90,singleton_80,singleton_cc90,singleton_cc80
LR,ATAC,0.2208234555640191,1.0494359975860166,0.6909090909090909,2.197979797979798,1.492929292929293,5.858585858585859,5.335353535353535,0.9131313131313132,0.8282828282828283,0.9454545454545454,0.8484848484848485,0.2323232323232323,0.593939393939394,0.0,0.0
LR,PRIOR,0.2340781552902765,1.1605188333895124,0.7090909090909091,3.2,2.0,6.0,6.0,0.9393939393939394,0.8606060606060606,1.0,1.0,0.0,0.0,0.0,0.0
LR,RNA,0.2147602087668047,1.0484654382122078,0.7090909090909091,2.2484848484848485,1.5333333333333334,5.846464646464646,5.343434343434343,0.9333333333333332,0.8323232323232324,0.9434343434343434,0.8565656565656565,0.103030303030303,0.5151515151515151,0.0,0.0
LR,RNA_ATAC,0.2096067571991137,1.01530104081953,0.7151515151515152,2.17979797979798,1.3717171717171717,5.806060606060606,5.270707070707071,0.9333333333333332,0.8242424242424242,0.9434343434343434,0.8424242424242424,0.1555555555555555,0.6585858585858586,0.0,0.0
LR,RNA_unrelated_ATAC,0.2169056968588088,1.0599984447283108,0.7111111111111111,2.3070707070707077,1.6363636363636365,5.848484848484849,5.448484848484848,0.9252525252525252,0.8424242424242424,0.9494949494949496,0.8666666666666667,0.0808080808080808,0.4303030303030303,0.0,0.0
RF,ATAC,0.1911637133802611,0.9331523573092784,0.692929292929293,1.905050505050505,1.3292929292929292,5.83030303030303,5.226262626262626,0.9151515151515152,0.8242424242424242,0.9474747474747476,0.8505050505050505,0.3292929292929293,0.7252525252525253,0.0,0.0
RF,PRIOR,0.2340781552902765,1.1605188333895124,0.7090909090909091,3.2,2.0,6.0,6.0,0.9393939393939394,0.8606060606060606,1.0,1.0,0.0,0.0,0.0,0.0
RF,RNA,0.2075587730997447,1.0209010481981668,0.7090909090909091,2.2343434343434345,1.4565656565656566,5.846464646464646,5.363636363636363,0.9191919191919192,0.8242424242424242,0.9414141414141414,0.8565656565656565,0.202020202020202,0.591919191919192,0.0,0.0
RF,RNA_ATAC,0.193012970026267,0.9530274238907404,0.7131313131313132,1.9111111111111112,1.337373737373737,5.814141414141414,5.256565656565656,0.9353535353535354,0.8262626262626263,0.9474747474747476,0.8424242424242424,0.3111111111111111,0.6868686868686869,0.0,0.0
RF,RNA_unrelated_ATAC,0.2084459615600887,1.0187598481886164,0.7070707070707071,2.062626262626263,1.5191919191919192,5.850505050505051,5.323232323232324,0.9090909090909092,0.8343434343434344,0.9434343434343434,0.8242424242424242,0.2282828282828282,0.5474747474747474,0.0,0.0
