variant,omitted_clone,floor,variation,ratio
raw,67,6.817081575496883,71.8841328104137,0.09483430221626471
raw,673,6.375339983552402,71.82563773292947,0.08876134183810439
raw,716,6.709440023117402,69.13366386301203,0.09705025957270426
raw,755,6.6072225272230245,61.1030203354568,0.1081325029589248
raw,982,6.8755649860277614,61.64062446535146,0.11154275359252007
raw,1260,6.611710249545224,68.57161986677136,0.09642050548596047
raw,1261,6.602662893588092,71.8152365730919,0.09193958286091634
raw,1691,6.81258636474448,69.65862478655423,0.09779961039454042
raw,1978,5.3612264831031275,70.26806527843509,0.07629677097070241
raw,2569,6.148326108027245,71.69572318716452,0.08575582802863703
raw,2811,6.765574146944192,69.5832740871468,0.09722989088542913
raw,3345,6.53127061547419,71.53273196734453,0.09130464384410462
raw,3529,6.222187662753154,71.62464912130777,0.08687215559290051
raw,3790,6.819873103529969,61.09679331172518,0.11162407605803358
raw,3869,6.52632552874781,71.83602449395643,0.09085031604577269
raw,4061,5.64777831498559,71.1531147509195,0.07937499763371364
raw,4141,6.69020561070715,64.70187377747641,0.1034004924450287
raw,4256,6.875821441170311,72.54513196257118,0.09477991500129618
raw,4581,6.8190601321115505,68.54502289747795,0.09948293608874775
raw,5209,6.668130074530564,71.48132497846426,0.09328492548983282
raw,5490,6.447928399628944,68.40783801685507,0.09425715804730203
barcode,67,7.10932827862789,72.80284036578058,0.09765179823903516
barcode,673,6.670815470729418,72.82259459379353,0.09160365004761797
barcode,716,6.988484631664528,70.12078722169976,0.09966352216738739
barcode,755,6.905606540498272,62.10084512139976,0.11119988024315343
barcode,982,7.189833367796965,62.60477244588425,0.11484481273391542
barcode,1260,6.978521925060113,69.6247195861066,0.10023052109286565
barcode,1261,6.928662379061379,72.865981226578,0.09508775236988282
barcode,1691,7.161236528985408,70.73753779232611,0.10123672313856374
barcode,1978,5.648565894459514,71.32606647976026,0.07919357078330362
barcode,2569,6.424521335526596,72.72969300593485,0.08833422870356879
barcode,2811,7.0562545118780635,70.4895690847158,0.10010352742258523
barcode,3345,6.837031038306932,72.5753868973372,0.09420591925990524
barcode,3529,6.5385379469566685,72.67765671571294,0.08996627357611316
barcode,3790,7.077031324456579,61.63624043351777,0.11481932179315874
barcode,3869,6.830243307939722,72.9096754822308,0.09368089026269712
barcode,4061,5.6165931091534755,71.91671886452188,0.0780985728747459
barcode,4141,6.98987839966753,65.7025777105086,0.1063866691877076
barcode,4256,7.176920192439461,73.51813391536288,0.09762108761767306
barcode,4581,7.128347783613373,69.596867754004,0.1024233994094263
barcode,5209,6.984910609431971,72.47981951369216,0.09637041946706905
barcode,5490,6.687447427962797,69.33364508900928,0.09645313497332461
reference,67,6.623442900606307,71.79402101008486,0.09225619080000988
reference,673,6.191303340720182,71.75929116793512,0.08627876947991232
reference,716,6.436640462917703,68.97339344544037,0.09332062903370475
reference,755,6.300962159865536,60.90928911072738,0.10344829584878223
reference,982,6.597290537721473,61.47487915967326,0.10731685247539635
reference,1260,6.419723800554427,68.4871691868688,0.0937361534543509
reference,1261,6.273555783739285,71.59865860587114,0.08762113572927817
reference,1691,6.556453464749656,69.51502102918745,0.0943170751828843
reference,1978,5.164022367437977,70.183390305398,0.07357898136535015
reference,2569,5.94378454374159,71.58932398578698,0.08302613033364643
reference,2811,6.525182129437082,69.45541121226776,0.09394778629263306
reference,3345,6.25438651999836,71.36837701449677,0.08763526342665648
reference,3529,6.120620665981153,71.61965734316951,0.08546006631466922
reference,3790,6.477416560468552,60.866865911291804,0.10641941988452021
reference,3869,6.052494574724191,71.47472268256088,0.08468021067538803
reference,4061,5.526785778975025,71.14770418194004,0.07768045142878877
reference,4141,6.4135881639285,64.39533921730276,0.0995970864022593
reference,4256,6.605920260059223,72.39385159915058,0.0912497417133796
reference,4581,6.63644444151894,68.51952212082684,0.0968547975249489
reference,5209,6.344984833497288,71.27070888005902,0.08902654306659442
reference,5490,6.344484449408779,68.41192983572316,0.09273944565872827
