figure,panel,kind,label,value,x,group,note,y,z,flag
Extended Data Figure 3,a,selected_cp_rank,fold 0 · plate 0,16.0,0.001,plate 0,rank and regularization were selected using outer-observed inner validation entries only,,,
Extended Data Figure 3,a,selected_cp_rank,fold 0 · plate 1,8.0,0.001,plate 1,rank and regularization were selected using outer-observed inner validation entries only,,,
Extended Data Figure 3,a,selected_cp_rank,fold 1 · plate 0,32.0,0.1,plate 0,rank and regularization were selected using outer-observed inner validation entries only,,,
Extended Data Figure 3,a,selected_cp_rank,fold 1 · plate 1,32.0,0.1,plate 1,rank and regularization were selected using outer-observed inner validation entries only,,,
Extended Data Figure 3,a,selected_cp_rank,fold 2 · plate 0,32.0,0.1,plate 0,rank and regularization were selected using outer-observed inner validation entries only,,,
Extended Data Figure 3,a,selected_cp_rank,fold 2 · plate 1,2.0,0.01,plate 1,rank and regularization were selected using outer-observed inner validation entries only,,,
Extended Data Figure 3,a,selected_cp_rank,fold 3 · plate 0,8.0,0.001,plate 0,rank and regularization were selected using outer-observed inner validation entries only,,,
Extended Data Figure 3,a,selected_cp_rank,fold 3 · plate 1,8.0,0.01,plate 1,rank and regularization were selected using outer-observed inner validation entries only,,,
Extended Data Figure 3,a,selected_cp_rank,fold 4 · plate 0,4.0,0.001,plate 0,rank and regularization were selected using outer-observed inner validation entries only,,,
Extended Data Figure 3,a,selected_cp_rank,fold 4 · plate 1,4.0,0.01,plate 1,rank and regularization were selected using outer-observed inner validation entries only,,,
Extended Data Figure 3,a,selected_cp_rank,fold 5 · plate 0,32.0,0.1,plate 0,rank and regularization were selected using outer-observed inner validation entries only,,,
Extended Data Figure 3,a,selected_cp_rank,fold 5 · plate 1,2.0,0.1,plate 1,rank and regularization were selected using outer-observed inner validation entries only,,,
Extended Data Figure 3,a,selected_cp_rank,fold 6 · plate 0,32.0,0.1,plate 0,rank and regularization were selected using outer-observed inner validation entries only,,,
Extended Data Figure 3,a,selected_cp_rank,fold 6 · plate 1,2.0,0.01,plate 1,rank and regularization were selected using outer-observed inner validation entries only,,,
Extended Data Figure 3,a,selected_cp_rank,fold 7 · plate 0,4.0,0.01,plate 0,rank and regularization were selected using outer-observed inner validation entries only,,,
Extended Data Figure 3,a,selected_cp_rank,fold 7 · plate 1,4.0,0.001,plate 1,rank and regularization were selected using outer-observed inner validation entries only,,,
Extended Data Figure 3,a,selected_cp_rank,fold 8 · plate 0,2.0,0.001,plate 0,rank and regularization were selected using outer-observed inner validation entries only,,,
Extended Data Figure 3,a,selected_cp_rank,fold 8 · plate 1,4.0,0.01,plate 1,rank and regularization were selected using outer-observed inner validation entries only,,,
Extended Data Figure 3,a,selected_cp_rank,fold 9 · plate 0,16.0,0.01,plate 0,rank and regularization were selected using outer-observed inner validation entries only,,,
Extended Data Figure 3,a,selected_cp_rank,fold 9 · plate 1,2.0,0.01,plate 1,rank and regularization were selected using outer-observed inner validation entries only,,,
Extended Data Figure 3,a,selected_cp_rank,fold 10 · plate 0,8.0,0.01,plate 0,rank and regularization were selected using outer-observed inner validation entries only,,,
Extended Data Figure 3,a,selected_cp_rank,fold 10 · plate 1,2.0,0.1,plate 1,rank and regularization were selected using outer-observed inner validation entries only,,,
Extended Data Figure 3,a,selected_cp_rank,fold 11 · plate 0,16.0,0.01,plate 0,rank and regularization were selected using outer-observed inner validation entries only,,,
Extended Data Figure 3,a,selected_cp_rank,fold 11 · plate 1,8.0,0.001,plate 1,rank and regularization were selected using outer-observed inner validation entries only,,,
Extended Data Figure 3,a,selected_cp_rank,fold 12 · plate 0,4.0,0.01,plate 0,rank and regularization were selected using outer-observed inner validation entries only,,,
Extended Data Figure 3,a,selected_cp_rank,fold 12 · plate 1,4.0,0.001,plate 1,rank and regularization were selected using outer-observed inner validation entries only,,,
Extended Data Figure 3,a,selected_cp_rank,fold 13 · plate 0,2.0,0.001,plate 0,rank and regularization were selected using outer-observed inner validation entries only,,,
Extended Data Figure 3,a,selected_cp_rank,fold 13 · plate 1,8.0,0.01,plate 1,rank and regularization were selected using outer-observed inner validation entries only,,,
Extended Data Figure 3,a,selected_cp_rank,fold 14 · plate 0,4.0,0.001,plate 0,rank and regularization were selected using outer-observed inner validation entries only,,,
Extended Data Figure 3,a,selected_cp_rank,fold 14 · plate 1,32.0,0.1,plate 1,rank and regularization were selected using outer-observed inner validation entries only,,,
Extended Data Figure 3,a,selected_cp_rank,fold 15 · plate 0,32.0,0.1,plate 0,rank and regularization were selected using outer-observed inner validation entries only,,,
Extended Data Figure 3,a,selected_cp_rank,fold 15 · plate 1,2.0,0.1,plate 1,rank and regularization were selected using outer-observed inner validation entries only,,,
Extended Data Figure 3,a,selected_cp_rank,fold 16 · plate 0,2.0,0.1,plate 0,rank and regularization were selected using outer-observed inner validation entries only,,,
Extended Data Figure 3,a,selected_cp_rank,fold 16 · plate 1,2.0,0.01,plate 1,rank and regularization were selected using outer-observed inner validation entries only,,,
Extended Data Figure 3,a,selected_cp_rank,fold 17 · plate 0,2.0,0.001,plate 0,rank and regularization were selected using outer-observed inner validation entries only,,,
Extended Data Figure 3,a,selected_cp_rank,fold 17 · plate 1,2.0,0.01,plate 1,rank and regularization were selected using outer-observed inner validation entries only,,,
Extended Data Figure 3,a,selected_cp_rank,fold 18 · plate 0,32.0,0.1,plate 0,rank and regularization were selected using outer-observed inner validation entries only,,,
Extended Data Figure 3,a,selected_cp_rank,fold 18 · plate 1,2.0,0.001,plate 1,rank and regularization were selected using outer-observed inner validation entries only,,,
Extended Data Figure 3,a,selected_cp_rank,fold 19 · plate 0,4.0,0.01,plate 0,rank and regularization were selected using outer-observed inner validation entries only,,,
Extended Data Figure 3,a,selected_cp_rank,fold 19 · plate 1,32.0,0.1,plate 1,rank and regularization were selected using outer-observed inner validation entries only,,,
Extended Data Figure 3,a,selected_cp_rank,fold 20 · plate 0,2.0,0.01,plate 0,rank and regularization were selected using outer-observed inner validation entries only,,,
Extended Data Figure 3,a,selected_cp_rank,fold 20 · plate 1,2.0,0.1,plate 1,rank and regularization were selected using outer-observed inner validation entries only,,,
Extended Data Figure 3,a,selected_cp_rank,fold 21 · plate 0,4.0,0.01,plate 0,rank and regularization were selected using outer-observed inner validation entries only,,,
Extended Data Figure 3,a,selected_cp_rank,fold 21 · plate 1,32.0,0.01,plate 1,rank and regularization were selected using outer-observed inner validation entries only,,,
Extended Data Figure 3,a,selected_cp_rank,fold 22 · plate 0,2.0,0.001,plate 0,rank and regularization were selected using outer-observed inner validation entries only,,,
Extended Data Figure 3,a,selected_cp_rank,fold 22 · plate 1,32.0,0.1,plate 1,rank and regularization were selected using outer-observed inner validation entries only,,,
Extended Data Figure 3,a,selected_cp_rank,fold 23 · plate 0,4.0,0.001,plate 0,rank and regularization were selected using outer-observed inner validation entries only,,,
Extended Data Figure 3,a,selected_cp_rank,fold 23 · plate 1,2.0,0.01,plate 1,rank and regularization were selected using outer-observed inner validation entries only,,,
Extended Data Figure 3,a,selected_cp_rank,fold 24 · plate 0,2.0,0.1,plate 0,rank and regularization were selected using outer-observed inner validation entries only,,,
Extended Data Figure 3,a,selected_cp_rank,fold 24 · plate 1,2.0,0.01,plate 1,rank and regularization were selected using outer-observed inner validation entries only,,,
Extended Data Figure 3,a,selected_cp_rank,fold 25 · plate 0,2.0,0.001,plate 0,rank and regularization were selected using outer-observed inner validation entries only,,,
Extended Data Figure 3,a,selected_cp_rank,fold 25 · plate 1,2.0,0.01,plate 1,rank and regularization were selected using outer-observed inner validation entries only,,,
Extended Data Figure 3,a,selected_cp_rank,fold 26 · plate 0,32.0,0.1,plate 0,rank and regularization were selected using outer-observed inner validation entries only,,,
Extended Data Figure 3,a,selected_cp_rank,fold 26 · plate 1,2.0,0.1,plate 1,rank and regularization were selected using outer-observed inner validation entries only,,,
Extended Data Figure 3,a,selected_cp_rank,fold 27 · plate 0,32.0,0.1,plate 0,rank and regularization were selected using outer-observed inner validation entries only,,,
Extended Data Figure 3,a,selected_cp_rank,fold 27 · plate 1,32.0,0.01,plate 1,rank and regularization were selected using outer-observed inner validation entries only,,,
Extended Data Figure 3,a,selected_cp_rank,fold 28 · plate 0,4.0,0.01,plate 0,rank and regularization were selected using outer-observed inner validation entries only,,,
Extended Data Figure 3,a,selected_cp_rank,fold 28 · plate 1,2.0,0.1,plate 1,rank and regularization were selected using outer-observed inner validation entries only,,,
Extended Data Figure 3,a,selected_cp_rank,fold 29 · plate 0,2.0,0.1,plate 0,rank and regularization were selected using outer-observed inner validation entries only,,,
Extended Data Figure 3,a,selected_cp_rank,fold 29 · plate 1,4.0,0.001,plate 1,rank and regularization were selected using outer-observed inner validation entries only,,,
Extended Data Figure 3,a,selected_cp_rank,fold 30 · plate 0,2.0,0.01,plate 0,rank and regularization were selected using outer-observed inner validation entries only,,,
Extended Data Figure 3,a,selected_cp_rank,fold 30 · plate 1,2.0,0.1,plate 1,rank and regularization were selected using outer-observed inner validation entries only,,,
Extended Data Figure 3,a,selected_cp_rank,fold 31 · plate 0,8.0,0.01,plate 0,rank and regularization were selected using outer-observed inner validation entries only,,,
Extended Data Figure 3,a,selected_cp_rank,fold 31 · plate 1,2.0,0.01,plate 1,rank and regularization were selected using outer-observed inner validation entries only,,,
Extended Data Figure 3,a,selected_cp_rank,fold 32 · plate 0,4.0,0.001,plate 0,rank and regularization were selected using outer-observed inner validation entries only,,,
Extended Data Figure 3,a,selected_cp_rank,fold 32 · plate 1,2.0,0.1,plate 1,rank and regularization were selected using outer-observed inner validation entries only,,,
Extended Data Figure 3,a,selected_cp_rank,fold 33 · plate 0,8.0,0.01,plate 0,rank and regularization were selected using outer-observed inner validation entries only,,,
Extended Data Figure 3,a,selected_cp_rank,fold 33 · plate 1,2.0,0.1,plate 1,rank and regularization were selected using outer-observed inner validation entries only,,,
Extended Data Figure 3,a,selected_cp_rank,fold 34 · plate 0,2.0,0.001,plate 0,rank and regularization were selected using outer-observed inner validation entries only,,,
Extended Data Figure 3,a,selected_cp_rank,fold 34 · plate 1,4.0,0.01,plate 1,rank and regularization were selected using outer-observed inner validation entries only,,,
Extended Data Figure 3,a,selected_cp_rank,fold 35 · plate 0,16.0,0.01,plate 0,rank and regularization were selected using outer-observed inner validation entries only,,,
Extended Data Figure 3,a,selected_cp_rank,fold 35 · plate 1,4.0,0.001,plate 1,rank and regularization were selected using outer-observed inner validation entries only,,,
Extended Data Figure 3,a,selected_cp_rank,fold 36 · plate 0,8.0,0.01,plate 0,rank and regularization were selected using outer-observed inner validation entries only,,,
Extended Data Figure 3,a,selected_cp_rank,fold 36 · plate 1,2.0,0.001,plate 1,rank and regularization were selected using outer-observed inner validation entries only,,,
Extended Data Figure 3,a,selected_cp_rank,fold 37 · plate 0,2.0,0.1,plate 0,rank and regularization were selected using outer-observed inner validation entries only,,,
Extended Data Figure 3,a,selected_cp_rank,fold 37 · plate 1,32.0,0.1,plate 1,rank and regularization were selected using outer-observed inner validation entries only,,,
Extended Data Figure 3,a,selected_cp_rank,fold 38 · plate 0,8.0,0.001,plate 0,rank and regularization were selected using outer-observed inner validation entries only,,,
Extended Data Figure 3,a,selected_cp_rank,fold 38 · plate 1,4.0,0.01,plate 1,rank and regularization were selected using outer-observed inner validation entries only,,,
Extended Data Figure 3,a,selected_cp_rank,fold 39 · plate 0,4.0,0.01,plate 0,rank and regularization were selected using outer-observed inner validation entries only,,,
Extended Data Figure 3,a,selected_cp_rank,fold 39 · plate 1,2.0,0.01,plate 1,rank and regularization were selected using outer-observed inner validation entries only,,,
Extended Data Figure 3,a,selected_cp_rank,fold 40 · plate 0,4.0,0.01,plate 0,rank and regularization were selected using outer-observed inner validation entries only,,,
Extended Data Figure 3,a,selected_cp_rank,fold 40 · plate 1,2.0,0.001,plate 1,rank and regularization were selected using outer-observed inner validation entries only,,,
Extended Data Figure 3,a,selected_cp_rank,fold 41 · plate 0,32.0,0.1,plate 0,rank and regularization were selected using outer-observed inner validation entries only,,,
Extended Data Figure 3,a,selected_cp_rank,fold 41 · plate 1,2.0,0.01,plate 1,rank and regularization were selected using outer-observed inner validation entries only,,,
Extended Data Figure 3,a,selected_cp_rank,fold 42 · plate 0,2.0,0.001,plate 0,rank and regularization were selected using outer-observed inner validation entries only,,,
Extended Data Figure 3,a,selected_cp_rank,fold 42 · plate 1,2.0,0.001,plate 1,rank and regularization were selected using outer-observed inner validation entries only,,,
Extended Data Figure 3,a,selected_cp_rank,fold 43 · plate 0,2.0,0.001,plate 0,rank and regularization were selected using outer-observed inner validation entries only,,,
Extended Data Figure 3,a,selected_cp_rank,fold 43 · plate 1,2.0,0.1,plate 1,rank and regularization were selected using outer-observed inner validation entries only,,,
Extended Data Figure 3,a,selected_cp_rank,fold 44 · plate 0,16.0,0.01,plate 0,rank and regularization were selected using outer-observed inner validation entries only,,,
Extended Data Figure 3,a,selected_cp_rank,fold 44 · plate 1,32.0,0.1,plate 1,rank and regularization were selected using outer-observed inner validation entries only,,,
Extended Data Figure 3,a,selected_cp_rank,fold 45 · plate 0,16.0,0.01,plate 0,rank and regularization were selected using outer-observed inner validation entries only,,,
Extended Data Figure 3,a,selected_cp_rank,fold 45 · plate 1,4.0,0.01,plate 1,rank and regularization were selected using outer-observed inner validation entries only,,,
Extended Data Figure 3,a,selected_cp_rank,fold 46 · plate 0,2.0,0.01,plate 0,rank and regularization were selected using outer-observed inner validation entries only,,,
Extended Data Figure 3,a,selected_cp_rank,fold 46 · plate 1,16.0,0.001,plate 1,rank and regularization were selected using outer-observed inner validation entries only,,,
Extended Data Figure 3,a,selected_cp_rank,fold 47 · plate 0,8.0,0.01,plate 0,rank and regularization were selected using outer-observed inner validation entries only,,,
Extended Data Figure 3,a,selected_cp_rank,fold 47 · plate 1,2.0,0.01,plate 1,rank and regularization were selected using outer-observed inner validation entries only,,,
Extended Data Figure 3,a,selected_cp_rank,fold 48 · plate 0,32.0,0.1,plate 0,rank and regularization were selected using outer-observed inner validation entries only,,,
Extended Data Figure 3,a,selected_cp_rank,fold 48 · plate 1,2.0,0.001,plate 1,rank and regularization were selected using outer-observed inner validation entries only,,,
Extended Data Figure 3,a,selected_cp_rank,fold 49 · plate 0,32.0,0.1,plate 0,rank and regularization were selected using outer-observed inner validation entries only,,,
Extended Data Figure 3,a,selected_cp_rank,fold 49 · plate 1,4.0,0.01,plate 1,rank and regularization were selected using outer-observed inner validation entries only,,,
Extended Data Figure 3,a,selected_cp_rank,fold 50 · plate 0,8.0,0.001,plate 0,rank and regularization were selected using outer-observed inner validation entries only,,,
Extended Data Figure 3,a,selected_cp_rank,fold 50 · plate 1,4.0,0.001,plate 1,rank and regularization were selected using outer-observed inner validation entries only,,,
Extended Data Figure 3,a,selected_cp_rank,fold 51 · plate 0,16.0,0.01,plate 0,rank and regularization were selected using outer-observed inner validation entries only,,,
Extended Data Figure 3,a,selected_cp_rank,fold 51 · plate 1,32.0,0.1,plate 1,rank and regularization were selected using outer-observed inner validation entries only,,,
Extended Data Figure 3,a,selected_cp_rank,fold 52 · plate 0,2.0,0.001,plate 0,rank and regularization were selected using outer-observed inner validation entries only,,,
Extended Data Figure 3,a,selected_cp_rank,fold 52 · plate 1,4.0,0.001,plate 1,rank and regularization were selected using outer-observed inner validation entries only,,,
Extended Data Figure 3,a,selected_cp_rank,fold 53 · plate 0,8.0,0.01,plate 0,rank and regularization were selected using outer-observed inner validation entries only,,,
Extended Data Figure 3,a,selected_cp_rank,fold 53 · plate 1,2.0,0.1,plate 1,rank and regularization were selected using outer-observed inner validation entries only,,,
Extended Data Figure 3,a,selected_cp_rank,fold 54 · plate 0,2.0,0.1,plate 0,rank and regularization were selected using outer-observed inner validation entries only,,,
Extended Data Figure 3,a,selected_cp_rank,fold 54 · plate 1,4.0,0.001,plate 1,rank and regularization were selected using outer-observed inner validation entries only,,,
Extended Data Figure 3,a,selected_cp_rank,fold 55 · plate 0,4.0,0.01,plate 0,rank and regularization were selected using outer-observed inner validation entries only,,,
Extended Data Figure 3,a,selected_cp_rank,fold 55 · plate 1,32.0,0.1,plate 1,rank and regularization were selected using outer-observed inner validation entries only,,,
Extended Data Figure 3,a,selected_cp_rank,fold 56 · plate 0,16.0,0.001,plate 0,rank and regularization were selected using outer-observed inner validation entries only,,,
Extended Data Figure 3,a,selected_cp_rank,fold 56 · plate 1,4.0,0.001,plate 1,rank and regularization were selected using outer-observed inner validation entries only,,,
Extended Data Figure 3,a,selected_cp_rank,fold 57 · plate 0,8.0,0.01,plate 0,rank and regularization were selected using outer-observed inner validation entries only,,,
Extended Data Figure 3,a,selected_cp_rank,fold 57 · plate 1,32.0,0.1,plate 1,rank and regularization were selected using outer-observed inner validation entries only,,,
Extended Data Figure 3,a,selected_cp_rank,fold 58 · plate 0,2.0,0.001,plate 0,rank and regularization were selected using outer-observed inner validation entries only,,,
Extended Data Figure 3,a,selected_cp_rank,fold 58 · plate 1,2.0,0.1,plate 1,rank and regularization were selected using outer-observed inner validation entries only,,,
Extended Data Figure 3,a,selected_cp_rank,fold 59 · plate 0,4.0,0.01,plate 0,rank and regularization were selected using outer-observed inner validation entries only,,,
Extended Data Figure 3,a,selected_cp_rank,fold 59 · plate 1,2.0,0.001,plate 1,rank and regularization were selected using outer-observed inner validation entries only,,,
Extended Data Figure 3,a,selected_cp_rank,fold 60 · plate 0,4.0,0.01,plate 0,rank and regularization were selected using outer-observed inner validation entries only,,,
Extended Data Figure 3,a,selected_cp_rank,fold 60 · plate 1,2.0,0.1,plate 1,rank and regularization were selected using outer-observed inner validation entries only,,,
Extended Data Figure 3,a,selected_cp_rank,fold 61 · plate 0,32.0,0.1,plate 0,rank and regularization were selected using outer-observed inner validation entries only,,,
Extended Data Figure 3,a,selected_cp_rank,fold 61 · plate 1,2.0,0.001,plate 1,rank and regularization were selected using outer-observed inner validation entries only,,,
Extended Data Figure 3,a,selected_cp_rank,fold 62 · plate 0,4.0,0.001,plate 0,rank and regularization were selected using outer-observed inner validation entries only,,,
Extended Data Figure 3,a,selected_cp_rank,fold 62 · plate 1,4.0,0.001,plate 1,rank and regularization were selected using outer-observed inner validation entries only,,,
Extended Data Figure 3,a,selected_cp_rank,fold 63 · plate 0,2.0,0.001,plate 0,rank and regularization were selected using outer-observed inner validation entries only,,,
Extended Data Figure 3,a,selected_cp_rank,fold 63 · plate 1,4.0,0.001,plate 1,rank and regularization were selected using outer-observed inner validation entries only,,,
Extended Data Figure 3,a,selected_cp_rank,fold 64 · plate 0,32.0,0.1,plate 0,rank and regularization were selected using outer-observed inner validation entries only,,,
Extended Data Figure 3,a,selected_cp_rank,fold 64 · plate 1,8.0,0.01,plate 1,rank and regularization were selected using outer-observed inner validation entries only,,,
Extended Data Figure 3,a,selected_cp_rank,fold 65 · plate 0,4.0,0.01,plate 0,rank and regularization were selected using outer-observed inner validation entries only,,,
Extended Data Figure 3,a,selected_cp_rank,fold 65 · plate 1,4.0,0.01,plate 1,rank and regularization were selected using outer-observed inner validation entries only,,,
Extended Data Figure 3,a,selected_cp_rank,fold 66 · plate 0,2.0,0.001,plate 0,rank and regularization were selected using outer-observed inner validation entries only,,,
Extended Data Figure 3,a,selected_cp_rank,fold 66 · plate 1,4.0,0.001,plate 1,rank and regularization were selected using outer-observed inner validation entries only,,,
Extended Data Figure 3,a,selected_cp_rank,fold 67 · plate 0,8.0,0.01,plate 0,rank and regularization were selected using outer-observed inner validation entries only,,,
Extended Data Figure 3,a,selected_cp_rank,fold 67 · plate 1,2.0,0.001,plate 1,rank and regularization were selected using outer-observed inner validation entries only,,,
Extended Data Figure 3,a,selected_cp_rank,fold 68 · plate 0,2.0,0.1,plate 0,rank and regularization were selected using outer-observed inner validation entries only,,,
Extended Data Figure 3,a,selected_cp_rank,fold 68 · plate 1,4.0,0.001,plate 1,rank and regularization were selected using outer-observed inner validation entries only,,,
Extended Data Figure 3,a,selected_cp_rank,fold 69 · plate 0,16.0,0.01,plate 0,rank and regularization were selected using outer-observed inner validation entries only,,,
Extended Data Figure 3,a,selected_cp_rank,fold 69 · plate 1,2.0,0.001,plate 1,rank and regularization were selected using outer-observed inner validation entries only,,,
Extended Data Figure 3,a,selected_cp_rank,fold 70 · plate 0,8.0,0.01,plate 0,rank and regularization were selected using outer-observed inner validation entries only,,,
Extended Data Figure 3,a,selected_cp_rank,fold 70 · plate 1,8.0,0.01,plate 1,rank and regularization were selected using outer-observed inner validation entries only,,,
Extended Data Figure 3,a,selected_cp_rank,fold 71 · plate 0,2.0,0.01,plate 0,rank and regularization were selected using outer-observed inner validation entries only,,,
Extended Data Figure 3,a,selected_cp_rank,fold 71 · plate 1,2.0,0.01,plate 1,rank and regularization were selected using outer-observed inner validation entries only,,,
Extended Data Figure 3,a,selected_cp_rank,fold 72 · plate 0,4.0,0.001,plate 0,rank and regularization were selected using outer-observed inner validation entries only,,,
Extended Data Figure 3,a,selected_cp_rank,fold 72 · plate 1,2.0,0.01,plate 1,rank and regularization were selected using outer-observed inner validation entries only,,,
Extended Data Figure 3,a,selected_cp_rank,fold 73 · plate 0,2.0,0.01,plate 0,rank and regularization were selected using outer-observed inner validation entries only,,,
Extended Data Figure 3,a,selected_cp_rank,fold 73 · plate 1,32.0,0.1,plate 1,rank and regularization were selected using outer-observed inner validation entries only,,,
Extended Data Figure 3,a,selected_cp_rank,fold 74 · plate 0,4.0,0.01,plate 0,rank and regularization were selected using outer-observed inner validation entries only,,,
Extended Data Figure 3,a,selected_cp_rank,fold 74 · plate 1,32.0,0.1,plate 1,rank and regularization were selected using outer-observed inner validation entries only,,,
Extended Data Figure 3,a,selected_cp_rank,fold 75 · plate 0,32.0,0.1,plate 0,rank and regularization were selected using outer-observed inner validation entries only,,,
Extended Data Figure 3,a,selected_cp_rank,fold 75 · plate 1,4.0,0.001,plate 1,rank and regularization were selected using outer-observed inner validation entries only,,,
Extended Data Figure 3,a,selected_cp_rank,fold 76 · plate 0,2.0,0.001,plate 0,rank and regularization were selected using outer-observed inner validation entries only,,,
Extended Data Figure 3,a,selected_cp_rank,fold 76 · plate 1,2.0,0.1,plate 1,rank and regularization were selected using outer-observed inner validation entries only,,,
Extended Data Figure 3,a,selected_cp_rank,fold 77 · plate 0,2.0,0.01,plate 0,rank and regularization were selected using outer-observed inner validation entries only,,,
Extended Data Figure 3,a,selected_cp_rank,fold 77 · plate 1,2.0,0.001,plate 1,rank and regularization were selected using outer-observed inner validation entries only,,,
Extended Data Figure 3,a,selected_cp_rank,fold 78 · plate 0,2.0,0.01,plate 0,rank and regularization were selected using outer-observed inner validation entries only,,,
Extended Data Figure 3,a,selected_cp_rank,fold 78 · plate 1,2.0,0.1,plate 1,rank and regularization were selected using outer-observed inner validation entries only,,,
Extended Data Figure 3,a,selected_cp_rank,fold 79 · plate 0,4.0,0.01,plate 0,rank and regularization were selected using outer-observed inner validation entries only,,,
Extended Data Figure 3,a,selected_cp_rank,fold 79 · plate 1,4.0,0.01,plate 1,rank and regularization were selected using outer-observed inner validation entries only,,,
Extended Data Figure 3,a,selected_cp_rank,fold 80 · plate 0,2.0,0.1,plate 0,rank and regularization were selected using outer-observed inner validation entries only,,,
Extended Data Figure 3,a,selected_cp_rank,fold 80 · plate 1,2.0,0.1,plate 1,rank and regularization were selected using outer-observed inner validation entries only,,,
Extended Data Figure 3,a,selected_cp_rank,fold 81 · plate 0,8.0,0.01,plate 0,rank and regularization were selected using outer-observed inner validation entries only,,,
Extended Data Figure 3,a,selected_cp_rank,fold 81 · plate 1,32.0,0.1,plate 1,rank and regularization were selected using outer-observed inner validation entries only,,,
Extended Data Figure 3,a,selected_cp_rank,fold 82 · plate 0,2.0,0.001,plate 0,rank and regularization were selected using outer-observed inner validation entries only,,,
Extended Data Figure 3,a,selected_cp_rank,fold 82 · plate 1,32.0,0.1,plate 1,rank and regularization were selected using outer-observed inner validation entries only,,,
Extended Data Figure 3,a,selected_cp_rank,fold 83 · plate 0,4.0,0.001,plate 0,rank and regularization were selected using outer-observed inner validation entries only,,,
Extended Data Figure 3,a,selected_cp_rank,fold 83 · plate 1,2.0,0.01,plate 1,rank and regularization were selected using outer-observed inner validation entries only,,,
Extended Data Figure 3,a,selected_cp_rank,fold 84 · plate 0,4.0,0.001,plate 0,rank and regularization were selected using outer-observed inner validation entries only,,,
Extended Data Figure 3,a,selected_cp_rank,fold 84 · plate 1,2.0,0.001,plate 1,rank and regularization were selected using outer-observed inner validation entries only,,,
Extended Data Figure 3,a,selected_cp_rank,fold 85 · plate 0,2.0,0.1,plate 0,rank and regularization were selected using outer-observed inner validation entries only,,,
Extended Data Figure 3,a,selected_cp_rank,fold 85 · plate 1,2.0,0.01,plate 1,rank and regularization were selected using outer-observed inner validation entries only,,,
Extended Data Figure 3,a,selected_cp_rank,fold 86 · plate 0,16.0,0.01,plate 0,rank and regularization were selected using outer-observed inner validation entries only,,,
Extended Data Figure 3,a,selected_cp_rank,fold 86 · plate 1,2.0,0.01,plate 1,rank and regularization were selected using outer-observed inner validation entries only,,,
Extended Data Figure 3,a,selected_cp_rank,fold 87 · plate 0,4.0,0.001,plate 0,rank and regularization were selected using outer-observed inner validation entries only,,,
Extended Data Figure 3,a,selected_cp_rank,fold 87 · plate 1,2.0,0.001,plate 1,rank and regularization were selected using outer-observed inner validation entries only,,,
Extended Data Figure 3,a,selected_cp_rank,fold 88 · plate 0,8.0,0.01,plate 0,rank and regularization were selected using outer-observed inner validation entries only,,,
Extended Data Figure 3,a,selected_cp_rank,fold 88 · plate 1,4.0,0.001,plate 1,rank and regularization were selected using outer-observed inner validation entries only,,,
Extended Data Figure 3,a,selected_cp_rank,fold 89 · plate 0,2.0,0.001,plate 0,rank and regularization were selected using outer-observed inner validation entries only,,,
Extended Data Figure 3,a,selected_cp_rank,fold 89 · plate 1,2.0,0.001,plate 1,rank and regularization were selected using outer-observed inner validation entries only,,,
Extended Data Figure 3,a,selected_cp_rank,fold 90 · plate 0,2.0,0.01,plate 0,rank and regularization were selected using outer-observed inner validation entries only,,,
Extended Data Figure 3,a,selected_cp_rank,fold 90 · plate 1,4.0,0.01,plate 1,rank and regularization were selected using outer-observed inner validation entries only,,,
Extended Data Figure 3,a,selected_cp_rank,fold 91 · plate 0,4.0,0.01,plate 0,rank and regularization were selected using outer-observed inner validation entries only,,,
Extended Data Figure 3,a,selected_cp_rank,fold 91 · plate 1,4.0,0.01,plate 1,rank and regularization were selected using outer-observed inner validation entries only,,,
Extended Data Figure 3,a,selected_cp_rank,fold 92 · plate 0,32.0,0.1,plate 0,rank and regularization were selected using outer-observed inner validation entries only,,,
Extended Data Figure 3,a,selected_cp_rank,fold 92 · plate 1,2.0,0.01,plate 1,rank and regularization were selected using outer-observed inner validation entries only,,,
Extended Data Figure 3,a,selected_cp_rank,fold 93 · plate 0,32.0,0.01,plate 0,rank and regularization were selected using outer-observed inner validation entries only,,,
Extended Data Figure 3,a,selected_cp_rank,fold 93 · plate 1,4.0,0.01,plate 1,rank and regularization were selected using outer-observed inner validation entries only,,,
Extended Data Figure 3,a,selected_cp_rank,fold 94 · plate 0,2.0,0.001,plate 0,rank and regularization were selected using outer-observed inner validation entries only,,,
Extended Data Figure 3,a,selected_cp_rank,fold 94 · plate 1,2.0,0.001,plate 1,rank and regularization were selected using outer-observed inner validation entries only,,,
Extended Data Figure 3,a,selected_cp_rank,fold 95 · plate 0,4.0,0.001,plate 0,rank and regularization were selected using outer-observed inner validation entries only,,,
Extended Data Figure 3,a,selected_cp_rank,fold 95 · plate 1,2.0,0.001,plate 1,rank and regularization were selected using outer-observed inner validation entries only,,,
Extended Data Figure 3,a,selected_cp_rank,fold 96 · plate 0,4.0,0.01,plate 0,rank and regularization were selected using outer-observed inner validation entries only,,,
Extended Data Figure 3,a,selected_cp_rank,fold 96 · plate 1,2.0,0.1,plate 1,rank and regularization were selected using outer-observed inner validation entries only,,,
Extended Data Figure 3,a,selected_cp_rank,fold 97 · plate 0,2.0,0.001,plate 0,rank and regularization were selected using outer-observed inner validation entries only,,,
Extended Data Figure 3,a,selected_cp_rank,fold 97 · plate 1,2.0,0.1,plate 1,rank and regularization were selected using outer-observed inner validation entries only,,,
Extended Data Figure 3,a,selected_cp_rank,fold 98 · plate 0,32.0,0.1,plate 0,rank and regularization were selected using outer-observed inner validation entries only,,,
Extended Data Figure 3,a,selected_cp_rank,fold 98 · plate 1,2.0,0.1,plate 1,rank and regularization were selected using outer-observed inner validation entries only,,,
Extended Data Figure 3,a,selected_cp_rank,fold 99 · plate 0,8.0,0.01,plate 0,rank and regularization were selected using outer-observed inner validation entries only,,,
Extended Data Figure 3,a,selected_cp_rank,fold 99 · plate 1,4.0,0.01,plate 1,rank and regularization were selected using outer-observed inner validation entries only,,,
Extended Data Figure 3,b,context_interaction_increment,CVCL_0023,-0.0050089654898936,0.294103602072633,,actual interaction increment; not the low-rank-minus-affine surrogate,0.3987688591526553,0.4037778246425489,
Extended Data Figure 3,b,context_interaction_increment,CVCL_0028,-0.0019178571959992,0.2392849952210944,,actual interaction increment; not the low-rank-minus-affine surrogate,0.2947637678392482,0.2966816250352474,
Extended Data Figure 3,b,context_interaction_increment,CVCL_0069,-0.0005305263936417,0.480959607303742,,actual interaction increment; not the low-rank-minus-affine surrogate,0.535624785971581,0.5361553123652227,
Extended Data Figure 3,b,context_interaction_increment,CVCL_0099,0.0118967582478878,0.3296678295925126,,actual interaction increment; not the low-rank-minus-affine surrogate,0.4411593514371665,0.4292625931892786,
Extended Data Figure 3,b,context_interaction_increment,CVCL_0131,0.0189600703009085,0.330294914310951,,actual interaction increment; not the low-rank-minus-affine surrogate,0.4350978868263698,0.4161378165254612,
Extended Data Figure 3,b,context_interaction_increment,CVCL_0152,-0.0043169244014655,0.3378205025479845,,actual interaction increment; not the low-rank-minus-affine surrogate,0.4238156969422336,0.4281326213436991,
Extended Data Figure 3,b,context_interaction_increment,CVCL_0179,-0.0005519702147638,0.4585760230939892,,actual interaction increment; not the low-rank-minus-affine surrogate,0.5010316594089781,0.5015836296237419,
Extended Data Figure 3,b,context_interaction_increment,CVCL_0218,-0.0035651146483656,0.2998152254782918,,actual interaction increment; not the low-rank-minus-affine surrogate,0.4196316609079177,0.4231967755562834,
Extended Data Figure 3,b,context_interaction_increment,CVCL_0292,0.0046827259628905,0.286244330948503,,actual interaction increment; not the low-rank-minus-affine surrogate,0.4369625224851373,0.4322797965222467,
Extended Data Figure 3,b,context_interaction_increment,CVCL_0293,-0.0001903245091048,0.3367216221158863,,actual interaction increment; not the low-rank-minus-affine surrogate,0.4006570056056368,0.4008473301147416,
Extended Data Figure 3,b,context_interaction_increment,CVCL_0320,-0.0043427778519486,0.376728408447984,,actual interaction increment; not the low-rank-minus-affine surrogate,0.51912483631675,0.5234676141686987,
Extended Data Figure 3,b,context_interaction_increment,CVCL_0332,0.0205593957948808,0.1817390719613623,,actual interaction increment; not the low-rank-minus-affine surrogate,0.3868037491566322,0.3662443533617514,
Extended Data Figure 3,b,context_interaction_increment,CVCL_0334,-0.0007375876241598,0.4395383452945914,,actual interaction increment; not the low-rank-minus-affine surrogate,0.4620624311733675,0.4628000187975273,
Extended Data Figure 3,b,context_interaction_increment,CVCL_0359,0.000998936851199,0.3526160583181886,,actual interaction increment; not the low-rank-minus-affine surrogate,0.4366236616466723,0.4356247247954733,
Extended Data Figure 3,b,context_interaction_increment,CVCL_0366,-0.0023742572060411,0.2204891982119471,,actual interaction increment; not the low-rank-minus-affine surrogate,0.3782902607596277,0.3806645179656688,
Extended Data Figure 3,b,context_interaction_increment,CVCL_0371,-0.0003563825365422,0.3147976988728908,,actual interaction increment; not the low-rank-minus-affine surrogate,0.5201072306429482,0.5204636131794904,
Extended Data Figure 3,b,context_interaction_increment,CVCL_0397,0.0003228137523418,0.1434355189584167,,actual interaction increment; not the low-rank-minus-affine surrogate,0.4221191781373906,0.4217963643850487,
Extended Data Figure 3,b,context_interaction_increment,CVCL_0399,0.0038110879417573,0.2697169646438792,,actual interaction increment; not the low-rank-minus-affine surrogate,0.402345117277774,0.3985340293360166,
Extended Data Figure 3,b,context_interaction_increment,CVCL_0428,0.004400883814027,0.3998431681795976,,actual interaction increment; not the low-rank-minus-affine surrogate,0.443355436588649,0.438954552774622,
Extended Data Figure 3,b,context_interaction_increment,CVCL_0459,0.0108336234529524,0.3972896051810236,,actual interaction increment; not the low-rank-minus-affine surrogate,0.4140697204252899,0.4032360969723374,
Extended Data Figure 3,b,context_interaction_increment,CVCL_0480,0.0021792625782831,0.3765673847103251,,actual interaction increment; not the low-rank-minus-affine surrogate,0.4077151710593485,0.4055359084810654,
Extended Data Figure 3,b,context_interaction_increment,CVCL_0504,-0.0013818443634767,0.3325708922619881,,actual interaction increment; not the low-rank-minus-affine surrogate,0.3801525501012588,0.3815343944647356,
Extended Data Figure 3,b,context_interaction_increment,CVCL_0546,0.0038547999791673,0.3410244949022352,,actual interaction increment; not the low-rank-minus-affine surrogate,0.431376501522648,0.4275217015434807,
Extended Data Figure 3,b,context_interaction_increment,CVCL_1055,0.0558787040543672,0.1899175169423769,,actual interaction increment; not the low-rank-minus-affine surrogate,0.2403608822533899,0.1844821781990226,
Extended Data Figure 3,b,context_interaction_increment,CVCL_1056,0.0110827631036007,0.2921776447222001,,actual interaction increment; not the low-rank-minus-affine surrogate,0.3480242839421041,0.3369415208385033,
Extended Data Figure 3,b,context_interaction_increment,CVCL_1094,0.0019753742972655,0.4451031310333774,,actual interaction increment; not the low-rank-minus-affine surrogate,0.5659965586355075,0.5640211843382419,
Extended Data Figure 3,b,context_interaction_increment,CVCL_1097,0.0083857761980558,0.3440099330999477,,actual interaction increment; not the low-rank-minus-affine surrogate,0.4014056747594122,0.3930198985613564,
Extended Data Figure 3,b,context_interaction_increment,CVCL_1098,-0.0014921467903605,0.3860794228749262,,actual interaction increment; not the low-rank-minus-affine surrogate,0.3921177464674021,0.3936098932577627,
Extended Data Figure 3,b,context_interaction_increment,CVCL_1119,0.001926681733079,0.267844857392331,,actual interaction increment; not the low-rank-minus-affine surrogate,0.4338764328269477,0.4319497510938687,
Extended Data Figure 3,b,context_interaction_increment,CVCL_1125,0.012057151882567,0.2938469204639065,,actual interaction increment; not the low-rank-minus-affine surrogate,0.3026523982553908,0.2905952463728238,
Extended Data Figure 3,b,context_interaction_increment,CVCL_1239,0.0187147717579211,0.3631855550061846,,actual interaction increment; not the low-rank-minus-affine surrogate,0.4687747265339466,0.4500599547760254,
Extended Data Figure 3,b,context_interaction_increment,CVCL_1285,0.0341921968860199,0.3246303231601414,,actual interaction increment; not the low-rank-minus-affine surrogate,0.5014090837876811,0.4672168869016612,
Extended Data Figure 3,b,context_interaction_increment,CVCL_1381,0.0160624044674967,0.4129623483110081,,actual interaction increment; not the low-rank-minus-affine surrogate,0.4832391183706727,0.4671767139031759,
Extended Data Figure 3,b,context_interaction_increment,CVCL_1478,-0.001813813928395,0.3987408295644941,,actual interaction increment; not the low-rank-minus-affine surrogate,0.4648461204305156,0.4666599343589107,
Extended Data Figure 3,b,context_interaction_increment,CVCL_1495,0.0033694393694215,0.2985982146623491,,actual interaction increment; not the low-rank-minus-affine surrogate,0.4037603447453042,0.4003909053758827,
Extended Data Figure 3,b,context_interaction_increment,CVCL_1517,0.0047030203023245,0.2872849025088344,,actual interaction increment; not the low-rank-minus-affine surrogate,0.3671288741397965,0.362425853837472,
Extended Data Figure 3,b,context_interaction_increment,CVCL_1531,1.1717570110533768,4.82151180004725,,actual interaction increment; not the low-rank-minus-affine surrogate,4.864379631779773,3.692622620726396,
Extended Data Figure 3,b,context_interaction_increment,CVCL_1547,0.0057798289579878,0.3504139523528714,,actual interaction increment; not the low-rank-minus-affine surrogate,0.4407337355736628,0.4349539066156749,
Extended Data Figure 3,b,context_interaction_increment,CVCL_1550,0.0046713394558648,0.3432889263443681,,actual interaction increment; not the low-rank-minus-affine surrogate,0.4007672489263658,0.3960959094705009,
Extended Data Figure 3,b,context_interaction_increment,CVCL_1571,0.0343559276209701,1.1740010244694612,,actual interaction increment; not the low-rank-minus-affine surrogate,1.2061973012496718,1.1718413736287017,
Extended Data Figure 3,b,context_interaction_increment,CVCL_1577,0.0691083776218597,-0.204652530690779,,actual interaction increment; not the low-rank-minus-affine surrogate,-0.1112552188694933,-0.180363596491353,
Extended Data Figure 3,b,context_interaction_increment,CVCL_1635,-0.0009078202978108,0.352159690347551,,actual interaction increment; not the low-rank-minus-affine surrogate,0.4904846710886094,0.4913924913864202,
Extended Data Figure 3,b,context_interaction_increment,CVCL_1666,0.0048897956345891,0.3362621977011337,,actual interaction increment; not the low-rank-minus-affine surrogate,0.4768992765014606,0.4720094808668714,
Extended Data Figure 3,b,context_interaction_increment,CVCL_1693,-0.0007970654963828,0.4071774264597269,,actual interaction increment; not the low-rank-minus-affine surrogate,0.4170361262522298,0.4178331917486126,
Extended Data Figure 3,b,context_interaction_increment,CVCL_1715,-0.0316553454444912,0.1726676705115504,,actual interaction increment; not the low-rank-minus-affine surrogate,0.4252063375502378,0.456861682994729,
Extended Data Figure 3,b,context_interaction_increment,CVCL_1716,-0.0190173252422493,0.0108941795655679,,actual interaction increment; not the low-rank-minus-affine surrogate,0.1857211745822903,0.2047384998245396,
Extended Data Figure 3,b,context_interaction_increment,CVCL_1717,-0.0021867445452334,0.2505269208373363,,actual interaction increment; not the low-rank-minus-affine surrogate,0.4390474977767314,0.4412342423219649,
Extended Data Figure 3,b,context_interaction_increment,CVCL_1724,0.0022248857577709,0.2801639875259314,,actual interaction increment; not the low-rank-minus-affine surrogate,0.4709659468145676,0.4687410610567967,
Extended Data Figure 3,b,context_interaction_increment,CVCL_1731,0.0042274605107313,0.4688896708942127,,actual interaction increment; not the low-rank-minus-affine surrogate,0.5686005406477697,0.5643730801370384,
Extended Data Figure 3,b,context_interaction_increment,CVCL_C466,0.0041520979978146,0.2860968198591596,,actual interaction increment; not the low-rank-minus-affine surrogate,0.4586490423870345,0.4544969443892199,
Extended Data Figure 3,c,synthetic_rank4,Additive main effect,-0.0218558431191173,1.021678975139905,,known rank=4; 200/200 selected final refits converged,0.975,1.0,True
Extended Data Figure 3,c,synthetic_rank4,Low-rank interaction,0.9998231320207877,1.021678975139905,,known rank=4; 200/200 selected final refits converged,0.975,1.0,True
Extended Data Figure 3,c,outcome_invariance,Outcome invariance,1.0,,,hidden-target mutation left selected hyperparameters and prediction coefficients unchanged,,,
