analysis,input,delivery
experimental_compression,data/cgc_entrywise_cache/same_plate6_float32.npy,Additional prepared input; see frozen source manifest and accession record
experimental_compression,data/cgc_entrywise_cache/same_plate14_float32.npy,Additional prepared input; see frozen source manifest and accession record
experimental_compression,data/cgc_entrywise_cache/cross_plate6_plate14_float32.npy,Additional prepared input; see frozen source manifest and accession record
experimental_compression,data/cgc_entrywise_cache/sample_gene_sums_float64.npy,Additional prepared input; see frozen source manifest and accession record
low_rank_completion,data/cgc_entrywise_cache,Additional prepared input; see frozen source manifest and accession record
tahoe_replicate_core,data/tahoe100m_plate6_14_core,Additional prepared input; see frozen source manifest and accession record
held_context_scaling,results/cgc_tahoe_0i/response_tensors.zarr,Additional prepared input; see frozen source manifest and accession record
held_context_scaling,data/tahoe100m_control_state/control_wells_log1p_cpm_float32.npy,Additional prepared input; see frozen source manifest and accession record
held_context_scaling,results/cgc_tahoe_0d/lineage_baseline.csv,Additional prepared input; see frozen source manifest and accession record
five_pathway_scaling,results/cgc_tahoe_0i/response_tensors.zarr,Additional prepared input; see frozen source manifest and accession record
five_pathway_scaling,data/cgc_bio1_official/frozen_program_weights.parquet,Additional prepared input; see frozen source manifest and accession record
ed7_hierarchical_repair,.worktrees/tahoe_held_context_scaling/results/tahoe_held_context_scaling,Additional prepared input; see frozen source manifest and accession record
ed7_hierarchical_repair,.worktrees/tahoe_five_pathway_scaling/results/tahoe_five_pathway_scaling/_cache/TAHOE_FIVE_PATHWAY_SCALING_CONTRIBUTIONS.npz,Additional prepared input; see frozen source manifest and accession record
tcell_truth,data/raw/cgc_tcell/GWCD4i.pseudobulk_merged.h5ad,Additional prepared input; see frozen source manifest and accession record
tcell_lodo,data/processed/cgc_tcell,Additional prepared input; see frozen source manifest and accession record
tcell_lodo,results/cgc_tcell,Additional prepared input; see frozen source manifest and accession record
tcell_lodo,data/raw/cgc_tcell/GWCD4i.pseudobulk_merged.h5ad,Additional prepared input; see frozen source manifest and accession record
tcell_decomposition,results/cgc_tcell_1b,Additional prepared input; see frozen source manifest and accession record
tcell_decomposition,data/processed/cgc_tcell,Additional prepared input; see frozen source manifest and accession record
state_official_summary,data/state_official_predictions,Additional prepared input; see frozen source manifest and accession record
state_independent_stability,data/state_stability_official,Additional prepared input; see frozen source manifest and accession record
state_independent_stability,results/cgc_state_1/context_heterogeneity.csv,Additional prepared input; see frozen source manifest and accession record
lea_historical_analysis,data/level2_lea_official/GSE207049_31Mar21_all_runs_voom_resid.txt.gz,Additional prepared input; see frozen source manifest and accession record
lea_historical_analysis,data/level2_lea_official/31Mar21_all_runs_voom_resid_metadata.txt,Additional prepared input; see frozen source manifest and accession record
lea_historical_analysis,results/level2_lea/LEVEL2_OOF_FROZEN.npz,Additional prepared input; see frozen source manifest and accession record
lea_archs4,data/level2_lea_archs4_matched,Additional prepared input; see frozen source manifest and accession record
lea_archs4,results/level2_lea/LEVEL2_OOF_FROZEN.npz,Additional prepared input; see frozen source manifest and accession record
lea_archs4,data/level2_lea_official/GSE207049_31Mar21_all_runs_voom_resid.txt.gz,Additional prepared input; see frozen source manifest and accession record
lea_full_span,data/wgcna_frontier_official/MATCHED_POSTSVA_340_REPRESENTATION.npz,Additional prepared input; see frozen source manifest and accession record
lea_full_span,data/wgcna_frontier_official/MATCHED_POSTSVA_FULL_OOF.npz,Additional prepared input; see frozen source manifest and accession record
lea_full_span,results/level2_lea/archs4_robustness/ARCHS4_GENE_AXIS_RECONCILIATION.csv,Additional prepared input; see frozen source manifest and accession record
lea_full_span,results/cgc_dimension_matched_compression,Additional prepared input; see frozen source manifest and accession record
resolution_pathway_frozen,results/cgc_resolution_poc_v2/RESOLUTION2_VALID_COMPARISONS_CORRECTED.csv,Additional prepared input; see frozen source manifest and accession record
pathway_fidelity,data/cgc_resolution2_replay/truth_g_primary_float32.npy,Additional prepared input; see frozen source manifest and accession record
pathway_fidelity,data/cgc_resolution2_replay/m49_k92_predictions_float32.npy,Additional prepared input; see frozen source manifest and accession record
pathway_fidelity,data/cgc_resolution2_replay/m49_k92_frozen_weights.npz,Additional prepared input; see frozen source manifest and accession record
pathway_fidelity,data/cgc_resolution2_replay/hierarchical_bootstrap_weights_int16.npy,Additional prepared input; see frozen source manifest and accession record
pathway_fidelity,results/cgc_entrywise_compression/_cache/frozen_utility_table.npz,Additional prepared input; see frozen source manifest and accession record
pathway_fidelity,data/cgc_bio1_official/frozen_program_weights.parquet,Additional prepared input; see frozen source manifest and accession record
pathway_fidelity,data/cgc_bio1_official/progeny,Additional prepared input; see frozen source manifest and accession record
pathway_fidelity,results/cgc_tahoe_0i/gene_metadata_frozen.csv,Additional prepared input; see frozen source manifest and accession record
pathway_fidelity,results/cgc_tahoe_0i/gene_indices_g_primary.npy,Additional prepared input; see frozen source manifest and accession record
pathway_composition,data/cgc_resolution2_replay/truth_g_primary_float32.npy,Additional prepared input; see frozen source manifest and accession record
pathway_composition,data/cgc_resolution2_replay/m49_k92_predictions_float32.npy,Additional prepared input; see frozen source manifest and accession record
pathway_composition,data/cgc_resolution2_replay/m49_k92_frozen_weights.npz,Additional prepared input; see frozen source manifest and accession record
pathway_composition,data/cgc_resolution2_replay/hierarchical_bootstrap_weights_int16.npy,Additional prepared input; see frozen source manifest and accession record
pathway_composition,results/cgc_entrywise_compression/_cache/frozen_utility_table.npz,Additional prepared input; see frozen source manifest and accession record
pathway_composition,data/cgc_bio1_official/frozen_program_weights.parquet,Additional prepared input; see frozen source manifest and accession record
pathway_composition,data/cgc_bio1_official/progeny,Additional prepared input; see frozen source manifest and accession record
pathway_composition,results/cgc_tahoe_0i/gene_metadata_frozen.csv,Additional prepared input; see frozen source manifest and accession record
pathway_composition,results/cgc_tahoe_0i/gene_indices_g_primary.npy,Additional prepared input; see frozen source manifest and accession record
crc_pdo_application,data/crc_pdo_personalized_application/processed/RNAseq_PDO_log2CPM1.npz,Additional prepared input; see frozen source manifest and accession record
crc_pdo_application,data/crc_pdo_personalized_application/processed/PRIMARY_DSS.npz,Additional prepared input; see frozen source manifest and accession record
crc_pdo_application,results/crc_pdo_personalized_drug_application,Additional prepared input; see frozen source manifest and accession record
crc_pdo_application,data/crc_pdo_personalized_application/raw,Additional prepared input; see frozen source manifest and accession record
crc_pdo_application,data/crc_pdo_personalized_application/processed/HTA2_PDO_public_processed.npz,Additional prepared input; see frozen source manifest and accession record
crc_pdo_conditioning,data/crc_pdo_personalized_application/processed/RNAseq_PDO_log2CPM1.npz,Additional prepared input; see frozen source manifest and accession record
crc_pdo_conditioning,data/crc_pdo_personalized_application/processed/PRIMARY_DSS.npz,Additional prepared input; see frozen source manifest and accession record
crc_pdo_conditioning,results/crc_pdo_personalized_drug_application,Additional prepared input; see frozen source manifest and accession record
crc_pdo_conditioning,PROGENy weights file,Additional prepared input; see frozen source manifest and accession record
crc_pdo_pca,data/crc_pdo_personalized_application/processed/RNAseq_PDO_log2CPM1.npz,Additional prepared input; see frozen source manifest and accession record
crc_pdo_pca,data/crc_pdo_personalized_application/processed/PRIMARY_DSS.npz,Additional prepared input; see frozen source manifest and accession record
crc_pdo_pca,results/crc_pdo_personalized_drug_application,Additional prepared input; see frozen source manifest and accession record
crc_pdo_pca,results/crc_pdo_conditioning_resolution/PCA14_OOF.csv,Additional prepared input; see frozen source manifest and accession record
crc_pdo_dense,data/crc_pdo_personalized_application/processed/RNAseq_PDO_log2CPM1.npz,Additional prepared input; see frozen source manifest and accession record
crc_pdo_dense,data/crc_pdo_personalized_application/processed/PRIMARY_DSS.npz,Additional prepared input; see frozen source manifest and accession record
crc_pdo_dense,results/crc_pdo_personalized_drug_application,Additional prepared input; see frozen source manifest and accession record
crc_pdo_dense,results/crc_pdo_pca_resolution_sweep,Additional prepared input; see frozen source manifest and accession record
lea_semisynthetic,results/level2_lea/LEVEL2_OOF_FROZEN.npz,Additional prepared input; see frozen source manifest and accession record
lea_semisynthetic,results/level2_lea/FULL_MODEL_BATTERY_RESULTS.csv,Additional prepared input; see frozen source manifest and accession record
baseline_sufficiency_data_audit_20261002,prepared/experiments/baseline_sufficiency_data_audit_20261002/larry/branch_baseline_records.csv,Included in DATA archive
baseline_sufficiency_data_audit_20261002,prepared/experiments/baseline_sufficiency_data_audit_20261002/larry/branch_duplicate_record_screen.json,Included in DATA archive
baseline_sufficiency_data_audit_20261002,prepared/experiments/baseline_sufficiency_data_audit_20261002/larry/branch_fate_tests.csv,Included in DATA archive
baseline_sufficiency_data_audit_20261002,prepared/experiments/baseline_sufficiency_data_audit_20261002/larry/branch_fate_tests_all_207_clones.csv,Included in DATA archive
baseline_sufficiency_data_audit_20261002,prepared/experiments/baseline_sufficiency_data_audit_20261002/larry/branch_full_gene_signal.json,Included in DATA archive
baseline_sufficiency_data_audit_20261002,prepared/experiments/baseline_sufficiency_data_audit_20261002/larry/branch_library_cell_identity_audit.json,Included in DATA archive
baseline_sufficiency_data_audit_20261002,prepared/experiments/baseline_sufficiency_data_audit_20261002/larry/branch_library_replication.csv,Included in DATA archive
baseline_sufficiency_data_audit_20261002,prepared/experiments/baseline_sufficiency_data_audit_20261002/larry/branch_marker_detection_controls.csv,Included in DATA archive
baseline_sufficiency_data_audit_20261002,prepared/experiments/baseline_sufficiency_data_audit_20261002/larry/branch_marker_program_tests.csv,Included in DATA archive
baseline_sufficiency_data_audit_20261002,prepared/experiments/baseline_sufficiency_data_audit_20261002/larry/branch_robustness_results.json,Included in DATA archive
baseline_sufficiency_data_audit_20261002,prepared/experiments/baseline_sufficiency_data_audit_20261002/larry/branch_robustness_run_log.json,Included in DATA archive
baseline_sufficiency_data_audit_20261002,prepared/experiments/baseline_sufficiency_data_audit_20261002/larry/branch_validation_design.json,Included in DATA archive
baseline_sufficiency_data_audit_20261002,prepared/experiments/baseline_sufficiency_data_audit_20261002/larry/branch_validation_full_gene.npz,Included in DATA archive
baseline_sufficiency_data_audit_20261002,prepared/experiments/baseline_sufficiency_data_audit_20261002/larry/branch_validation_gene_names.json,Included in DATA archive
baseline_sufficiency_data_audit_20261002,prepared/experiments/baseline_sufficiency_data_audit_20261002/larry/branch_validation_metadata.csv,Included in DATA archive
baseline_sufficiency_data_audit_20261002,prepared/experiments/baseline_sufficiency_data_audit_20261002/larry/branch_validation_results.json,Included in DATA archive
baseline_sufficiency_data_audit_20261002,prepared/experiments/baseline_sufficiency_data_audit_20261002/larry/branch_validation_run_log.json,Included in DATA archive
baseline_sufficiency_data_audit_20261002,prepared/experiments/baseline_sufficiency_data_audit_20261002/larry/cleanup_full_source_manifest.json,Included in DATA archive
baseline_sufficiency_data_audit_20261002,prepared/experiments/baseline_sufficiency_data_audit_20261002/larry/cohort_audit.json,Included in DATA archive
baseline_sufficiency_data_audit_20261002,prepared/experiments/baseline_sufficiency_data_audit_20261002/larry/complete_triple_clone_ids.csv,Included in DATA archive
baseline_sufficiency_data_audit_20261002,prepared/experiments/baseline_sufficiency_data_audit_20261002/larry/download_manifest.json,Included in DATA archive
baseline_sufficiency_data_audit_20261002,prepared/experiments/baseline_sufficiency_data_audit_20261002/larry/expression_source_manifest.json,Included in DATA archive
baseline_sufficiency_data_audit_20261002,prepared/experiments/baseline_sufficiency_data_audit_20261002/larry/stateFate_inVitro_clone_matrix.mtx.gz,Included in DATA archive
baseline_sufficiency_data_audit_20261002,prepared/experiments/baseline_sufficiency_data_audit_20261002/larry/stateFate_inVitro_gene_names.txt.gz,Included in DATA archive
baseline_sufficiency_data_audit_20261002,prepared/experiments/baseline_sufficiency_data_audit_20261002/larry/stateFate_inVitro_metadata.txt.gz,Included in DATA archive
baseline_sufficiency_data_audit_20261002,prepared/experiments/baseline_sufficiency_data_audit_20261002/larry/validated_concept_audit.json,Included in DATA archive
celltag_information_resolution_20261001,prepared/experiments/celltag_information_resolution_20261001/dataset_early_onecell_six.npz,Included in DATA archive
celltag_information_resolution_20261001,prepared/experiments/celltag_information_resolution_20261001/dataset_tf_object_six.npz,Included in DATA archive
celltag_information_resolution_20261001,prepared/experiments/celltag_information_resolution_20261001/early_counts_audit_six.json,Included in DATA archive
celltag_information_resolution_20261001,prepared/experiments/celltag_information_resolution_20261001/feature_audit.json,Included in DATA archive
celltag_information_resolution_20261001,prepared/experiments/celltag_information_resolution_20261001/metadata_audit.json,Included in DATA archive
celltag_information_resolution_20261001,prepared/experiments/celltag_information_resolution_20261001/six_onecell_cohort.csv,Included in DATA archive
celltag_information_resolution_20261001,prepared/experiments/celltag_information_resolution_20261001/data/archive_inventory.json,Included in DATA archive
celltag_information_resolution_20261001,prepared/experiments/celltag_information_resolution_20261001/data/day2_rna_source.json,Included in DATA archive
celltag_information_resolution_20261001,prepared/experiments/celltag_information_resolution_20261001/data/download_manifest.json,Included in DATA archive
celltag_information_resolution_20261001,prepared/experiments/celltag_information_resolution_20261001/data/figshare_metadata.json,Included in DATA archive
celltag_information_resolution_20261001,prepared/experiments/celltag_information_resolution_20261001/outputs_six_resolution/class_summary.csv,Included in DATA archive
celltag_information_resolution_20261001,prepared/experiments/celltag_information_resolution_20261001/outputs_six_resolution/contrasts.csv,Included in DATA archive
celltag_information_resolution_20261001,prepared/experiments/celltag_information_resolution_20261001/outputs_six_resolution/fit_diagnostics.json,Included in DATA archive
celltag_information_resolution_20261001,prepared/experiments/celltag_information_resolution_20261001/outputs_six_resolution/predictions.csv,Included in DATA archive
celltag_information_resolution_20261001,prepared/experiments/celltag_information_resolution_20261001/outputs_six_resolution/summary.csv,Included in DATA archive
larry_information_scale_20261003,prepared/experiments/larry_information_scale_20261003/aggregate_estimates.csv,Included in DATA archive
larry_information_scale_20261003,prepared/experiments/larry_information_scale_20261003/barcode_conditional_draws.npz,Included in DATA archive
larry_information_scale_20261003,prepared/experiments/larry_information_scale_20261003/celltag_paired_contrasts.csv,Included in DATA archive
larry_information_scale_20261003,prepared/experiments/larry_information_scale_20261003/celltag_reuse_audit.json,Included in DATA archive
larry_information_scale_20261003,prepared/experiments/larry_information_scale_20261003/celltag_specificity.csv,Included in DATA archive
larry_information_scale_20261003,prepared/experiments/larry_information_scale_20261003/clone_estimates.csv,Included in DATA archive
larry_information_scale_20261003,prepared/experiments/larry_information_scale_20261003/raw_conditional_draws.npz,Included in DATA archive
larry_information_scale_20261003,prepared/experiments/larry_information_scale_20261003/reference_conditional_draws.npz,Included in DATA archive
larry_information_scale_20261003,prepared/experiments/larry_information_scale_20261003/results.json,Included in DATA archive
tahoe_joint_resolution_20261001,prepared/experiments/tahoe_joint_resolution_20261001/cache/axes.json,Included in DATA archive
tahoe_joint_resolution_20261001,prepared/experiments/tahoe_joint_resolution_20261001/cache/baseline.npy,Included in DATA archive
tahoe_joint_resolution_20261001,prepared/experiments/tahoe_joint_resolution_20261001/cache/random_output64.npy,Included in DATA archive
tahoe_joint_resolution_20261001,prepared/experiments/tahoe_joint_resolution_20261001/outputs/analysis_freeze.json,Included in DATA archive
tahoe_joint_resolution_20261001,prepared/experiments/tahoe_joint_resolution_20261001/outputs/basis_diagnostics.csv,Included in DATA archive
tahoe_joint_resolution_20261001,prepared/experiments/tahoe_joint_resolution_20261001/outputs/bootstrap_summaries.npz,Included in DATA archive
tahoe_joint_resolution_20261001,prepared/experiments/tahoe_joint_resolution_20261001/outputs/contributions.npz,Included in DATA archive
tahoe_joint_resolution_20261001,prepared/experiments/tahoe_joint_resolution_20261001/outputs/design_freeze.json,Included in DATA archive
tahoe_joint_resolution_20261001,prepared/experiments/tahoe_joint_resolution_20261001/outputs/inputs_and_feasibility.json,Included in DATA archive
tahoe_joint_resolution_20261001,prepared/experiments/tahoe_joint_resolution_20261001/outputs/joint_resolution_results.csv,Included in DATA archive
tahoe_joint_resolution_20261001,prepared/experiments/tahoe_joint_resolution_20261001/outputs/output_contrasts_simultaneous.csv,Included in DATA archive
tahoe_joint_resolution_20261001,prepared/experiments/tahoe_joint_resolution_20261001/outputs/primary_results.json,Included in DATA archive
tahoe_joint_resolution_20261001,prepared/experiments/tahoe_joint_resolution_20261001/outputs/runtime.json,Included in DATA archive
tahoe_joint_resolution_20261001,prepared/experiments/tahoe_joint_resolution_20261001/outputs/selected_policy.csv,Included in DATA archive
tahoe_joint_resolution_20261001,prepared/experiments/tahoe_joint_resolution_20261001/outputs/training_selection.csv,Included in DATA archive
tahoe_joint_resolution_20261001,prepared/experiments/tahoe_joint_resolution_20261001/outputs/verification.json,Included in DATA archive
tahoe_supported_detail_20261002,prepared/experiments/tahoe_supported_detail_20261002/outputs/contributions.npz,Included in DATA archive
tahoe_supported_detail_20261002,prepared/experiments/tahoe_supported_detail_20261002/outputs/design_freeze.json,Included in DATA archive
tahoe_supported_detail_20261002,prepared/experiments/tahoe_supported_detail_20261002/outputs/results.json,Included in DATA archive
tahoe_supported_detail_20261002,prepared/experiments/tahoe_supported_detail_20261002/outputs/training_selection.csv,Included in DATA archive
